<?xml version="1.0" encoding="UTF-8"?>
<seiscomp xmlns="http://geofon.gfz-potsdam.de/ns/seiscomp3-schema/0.13" version="0.13"><Inventory><sensor publicID="NRL/Guralp/CMG3T.120.1500" name="Guralp/CMG3T.120.1500" response="NRL/Guralp/CMG3T.120.1500/1"><model>CMG-3T</model><manufacturer>Guralp</manufacturer><unit>M/S</unit></sensor><sensor publicID="NRL/Guralp/CMG5TC.DC_200.2G_20V" name="Guralp/CMG5TC.DC_200.2G_20V" response="NRL/Guralp/CMG5TC.DC_200.2G_20V/1"><model>Fortis</model><manufacturer>Guralp</manufacturer><unit>M/S**2</unit></sensor><datalogger publicID="Datalogger/20210812124112.713087.20" name="Guralp.minimus.00SHE.2021.224.12.16.44"><gain>409671.59</gain><maxClockDrift>0</maxClockDrift><decimation sampleRateNumerator="50" sampleRateDenominator="1"><digitalFilterChain>ResponseFIR/20210812124112.707532.9 ResponseFIR/20210812124112.707532.9 ResponseFIR/20210812124112.707747.11</digitalFilterChain></decimation></datalogger><datalogger publicID="Datalogger/20210812124112.70796.13" name="Guralp.minimus.00SHN.2021.224.12.16.44"><gain>409991.77</gain><maxClockDrift>0</maxClockDrift><decimation sampleRateNumerator="50" sampleRateDenominator="1"><digitalFilterChain>ResponseFIR/20210812124112.707532.9 ResponseFIR/20210812124112.707532.9 ResponseFIR/20210812124112.707747.11</digitalFilterChain></decimation></datalogger><datalogger publicID="Datalogger/20210812124112.707195.6" name="Guralp.minimus.00SHZ.2021.224.12.16.44"><gain>409832.88</gain><maxClockDrift>0</maxClockDrift><decimation sampleRateNumerator="50" sampleRateDenominator="1"><digitalFilterChain>ResponseFIR/20210812124112.707532.9 ResponseFIR/20210812124112.707532.9 ResponseFIR/20210812124112.707747.11</digitalFilterChain></decimation></datalogger><datalogger publicID="Datalogger/20211103044435.705314.12" name="DG.07957.9JCN3.2009.261.00.00.00"><gain>1</gain><maxClockDrift>0.01</maxClockDrift><decimation sampleRateNumerator="100" sampleRateDenominator="1"><digitalFilterChain>ResponsePAZ/20211103044906.213634.7</digitalFilterChain></decimation></datalogger><datalogger publicID="Datalogger/20221111115357.692242.127333" name="Guralp.Minimus.HNZ.2009.261.00.00.00"><gain>409776.6677</gain><maxClockDrift>0.01</maxClockDrift><decimation sampleRateNumerator="100" sampleRateDenominator="1"><digitalFilterChain>ResponseFIR/20211126035547.329024.9 ResponseFIR/20211126035547.330216.10 ResponseFIR/20211126035547.330216.10 ResponseFIR/20211126035547.330374.12</digitalFilterChain></decimation></datalogger><datalogger publicID="Datalogger/20221111115357.692428.127334" name="Guralp.Minimus.HNN.2009.261.00.00.00"><gain>409776.6677</gain><maxClockDrift>0.01</maxClockDrift><decimation sampleRateNumerator="100" sampleRateDenominator="1"><digitalFilterChain>ResponseFIR/20211126035547.329024.9 ResponseFIR/20211126035547.330216.10 ResponseFIR/20211126035547.330216.10 ResponseFIR/20211126035547.330374.12</digitalFilterChain></decimation></datalogger><datalogger publicID="Datalogger/20221111115357.692605.127335" name="Guralp.Minimus.HNE.2009.261.00.00.00"><gain>409776.6677</gain><maxClockDrift>0.01</maxClockDrift><decimation sampleRateNumerator="100" sampleRateDenominator="1"><digitalFilterChain>ResponseFIR/20211126035547.329024.9 ResponseFIR/20211126035547.330216.10 ResponseFIR/20211126035547.330216.10 ResponseFIR/20211126035547.330374.12</digitalFilterChain></decimation></datalogger><responsePAZ publicID="NRL/Guralp/CMG3T.120.1500/1" name="NRL/Guralp/CMG3T.120.1500/1"><type>A</type><gain>1500</gain><gainFrequency>1</gainFrequency><normalizationFactor>571508000</normalizationFactor><normalizationFrequency>1</normalizationFrequency><numberOfZeros>2</numberOfZeros><numberOfPoles>5</numberOfPoles><zeros>(0,0) (0,0)</zeros><poles>(-0.037008,0.037008) (-0.037008,-0.037008) (-502.65,0) (-1005,0) (-1131,0)</poles></responsePAZ><responsePAZ publicID="ResponsePAZ/20211103044906.213634.7" name="ResponsePAZ/20211103044906.213634.7"><type>A</type><gain>1671.09499</gain><gainFrequency>1</gainFrequency><normalizationFactor>1</normalizationFactor><normalizationFrequency>1</normalizationFrequency><numberOfZeros>0</numberOfZeros><numberOfPoles>0</numberOfPoles><decimationFactor>1</decimationFactor><delay>0</delay><correction>0</correction></responsePAZ><responsePAZ publicID="NRL/Guralp/CMG5TC.DC_200.2G_20V/1" name="NRL/Guralp/CMG5TC.DC_200.2G_20V/1"><type>A</type><gain>1.02</gain><gainFrequency>1</gainFrequency><normalizationFactor>7300000000000</normalizationFactor><normalizationFrequency>1</normalizationFrequency><numberOfZeros>0</numberOfZeros><numberOfPoles>4</numberOfPoles><poles>(-382.018,973.894) (-382.018,-973.894) (772.8318,0) (8293.8,0)</poles></responsePAZ><responseFIR publicID="ResponseFIR/20210812124112.707532.9" name="FIR_SMOOTH_RESP"><gain>1</gain><gainFrequency>0.005</gainFrequency><decimationFactor>5</decimationFactor><delay>250</delay><correction>250</correction><numberOfCoefficients>251</numberOfCoefficients><symmetry>B</symmetry><coefficients>-1.391e-09 -7.59e-11 1.4201e-09 2.8499e-09 3.8191e-09 3.8216e-09 2.4064e-09 -5.62e-10 -4.655e-09 -8.77e-09 -1.129e-08 -1.053e-08 -5.43e-09 3.7941e-09 1.5211e-08 2.5312e-08 2.9805e-08 2.5e-08 9.4253e-09 -1.487e-08 -4.193e-08 -6.285e-08 -6.815e-08 -5.108e-08 -1.088e-08 4.5128e-08 1.0186e-07 1.3964e-07 1.3993e-07 9.2249e-08 4.936e-22 -1.17e-07 -2.25e-07 -2.847e-07 -2.635e-07 -1.482e-07 4.5393e-08 2.7099e-07 4.602e-07 5.4077e-07 4.6032e-07 2.0862e-07 -1.693e-07 -5.759e-07 -8.825e-07 -9.658e-07 -7.499e-07 -2.424e-07 4.5091e-07 1.1408e-06 1.6002e-06 1.6321e-06 1.1403e-06 1.8159e-07 -1.023e-06 -2.13e-06 -2.76e-06 -2.621e-06 -1.611e-06 1.0181e-07 2.0952e-06 3.7774e-06 4.5513e-06 4.0075e-06 2.0894e-06 -8.27e-07 -3.98e-06 -6.402e-06 -7.197e-06 -5.84e-06 -2.409e-06 2.3435e-06 7.1217e-06 1.0413e-05 1.0939e-05 8.0983e-06 2.2657e-06 -5.176e-06 -1.212e-05 -1.631e-05 -1.601e-05 -1.064e-05 -1.152e-06 1.0076e-05 1.9771e-05 2.4673e-05 2.2567e-05 1.3128e-05 -1.713e-06 -1.807e-05 -3.103e-05 -3.61e-05 -3.064e-05 -1.494e-05 7.4666e-06 3.0483e-05 4.7039e-05 5.1163e-05 3.9988e-05 1.504e-05 -1.768e-05 -4.9e-05 -6.907e-05 -7.029e-05 -5.001e-05 -1.19e-05 3.442e-05 7.5627e-05 9.8424e-05 9.3643e-05 5.9568e-05 3.3207e-06 -6.033e-05 -0.0001127 -0.0001363 -0.0001209 -6.679e-05 1.364e-05 9.8608e-05 0.00016258 0.00018375 0.00015108 6.8926e-05 -4.279e-05 -0.000153 -0.0002279 -0.0002411 -0.0001823 -6.213e-05 8.8865e-05 0.00022777 0.00031113 0.00030816 0.00021143 4.1309e-05 -0.0001575 -0.0003274 -0.0004141 -0.0003834 -0.000234 -5.8e-19 0.00025528 0.00045651 0.0005379 0.0004641 0.00024365 -6.973e-05 -0.0003895 -0.0006195 -0.0006826 -0.0005455 -0.0002323 0.0001773 0.00056793 0.00082024 0.00084672 0.00062072 0.0001896 -0.0003336 -0.0007989 -0.001062 -0.001027 -0.0006805 -0.0001029 0.00055094 0.0010906 0.0013451 0.001216 0.00071256 -4.293e-05 -0.000843 -0.001451 -0.001671 -0.001406 -0.0007014 0.00026577 0.001225 0.0018884 0.0020358 0.0015852 0.00062782 -0.0005867 -0.001714 -0.00241 -0.002436 -0.001736 -0.000468 0.0010307 0.0023284 0.0030232 0.0028646 0.0018395 0.00019253 -0.001629 -0.003093 -0.003737 -0.003312 -0.001868 0.00023649 0.0024201 0.0040371 0.0045645 0.003767 0.001787 -0.0008699 -0.00346 -0.005206 -0.005525 -0.004216 -0.00155 0.001781 0.0048318 0.0066707 0.0066554 0.0046461 0.0010854 -0.003087 -0.006674 -0.008556 -0.008027 -0.005041 -0.0002778 0.0049956 0.0092465 0.0111073 0.0097932 0.0053882 -0.001098 -0.007935 -0.013107 -0.014876 -0.012316 -0.005673 0.0035677 0.012968 0.0197157 0.0213811 0.016657 0.0058855 -0.008789 -0.023714 -0.034448 -0.03674 -0.027574 -0.006016 0.0263517 0.0655388 0.105794 0.1406814 0.1643509 0.1727273</coefficients></responseFIR><responseFIR publicID="ResponseFIR/20210812124112.707747.11" name="ResponseFIR/20210812124112.707747.11"><gain>1</gain><gainFrequency>0.005</gainFrequency><decimationFactor>4</decimationFactor><delay>250</delay><correction>250</correction><numberOfCoefficients>251</numberOfCoefficients><symmetry>B</symmetry><coefficients>-9.3e-10 -2.333e-09 -2.828e-09 -2.02e-09 1.412e-10 3.0604e-09 5.4084e-09 5.5232e-09 2.3078e-09 -3.765e-09 -1.021e-08 -1.321e-08 -9.497e-09 1.411e-09 1.5759e-08 2.6268e-08 2.5262e-08 9.1775e-09 -1.786e-08 -4.384e-08 -5.336e-08 -3.556e-08 8.0923e-09 6.076e-08 9.5284e-08 8.6691e-08 2.714e-08 -6.465e-08 -1.465e-07 -1.699e-07 -1.06e-07 3.3362e-08 1.9111e-07 2.8514e-07 2.4748e-07 6.5566e-08 -1.97e-07 -4.167e-07 -4.637e-07 -2.715e-07 1.1192e-07 5.2335e-07 7.4722e-07 6.2083e-07 1.3441e-07 -5.299e-07 -1.055e-06 -1.13e-06 -6.202e-07 3.2411e-07 1.2901e-06 1.7691e-06 1.4092e-06 2.348e-07 -1.293e-06 -2.435e-06 -2.516e-06 -1.291e-06 8.3841e-07 2.9226e-06 3.8589e-06 2.9488e-06 3.3737e-07 -2.912e-06 -5.213e-06 -5.202e-06 -2.486e-06 1.9806e-06 6.1706e-06 7.8606e-06 5.7609e-06 3.4063e-07 -6.13e-06 -1.047e-05 -1.01e-05 -4.467e-06 4.3388e-06 1.2267e-05 1.5099e-05 1.0606e-05 -2.07e-19 -1.218e-05 -1.99e-05 -1.856e-05 -7.539e-06 8.9129e-06 2.314e-05 2.7553e-05 1.8527e-05 -1.183e-06 -2.298e-05 -3.603e-05 -3.251e-05 -1.2e-05 1.7316e-05 4.1669e-05 4.804e-05 3.0876e-05 -4.118e-06 -4.145e-05 -6.248e-05 -5.452e-05 -1.803e-05 3.2027e-05 7.1978e-05 8.0409e-05 4.9294e-05 -1.034e-05 -7.176e-05 -0.0001042 -8.793e-05 -2.558e-05 5.6705e-05 0.00011976 0.00012971 7.5657e-05 -2.23e-05 -0.0001198 -0.0001677 -0.0001368 -3.411e-05 9.6539e-05 0.00019259 0.00020233 0.00011194 -4.365e-05 -0.0001933 -0.0002615 -0.0002061 -4.236e-05 0.00015866 0.0003003 0.0003061 0.00016003 -7.971e-05 -0.0003026 -0.000396 -0.0003013 -4.797e-05 0.00025258 0.00045526 0.00045037 0.0002215 -0.0001378 -0.0004609 -0.000584 -0.0004285 -4.71e-05 0.00039076 0.00067289 0.00064609 0.00029728 -0.0002281 -0.0006848 -0.000841 -0.0005945 -3.392e-05 0.00058933 0.00097226 0.00090614 0.00038744 -0.0003639 -0.0009954 -0.001186 -0.0008066 7.622e-18 0.0008692 0.0013773 0.0012459 0.00049089 -0.0005633 -0.00142 -0.001642 -0.001073 6.6582e-05 0.0012581 0.001919 0.0016849 0.00060526 -0.0008508 -0.001995 -0.002241 -0.001405 0.00018272 0.0017944 0.0026403 0.00225 0.00072682 -0.001262 -0.002772 -0.003029 -0.001817 0.00037317 0.0025352 0.0036059 0.0029824 0.00085066 -0.00185 -0.003834 -0.004078 -0.002336 0.00067678 0.003574 0.0049247 0.0039544 0.00097089 -0.002708 -0.005326 -0.005521 -0.003015 0.0011616 0.0050841 0.0068051 0.0053092 0.0010811 -0.004015 -0.007542 -0.007636 -0.003969 0.0019675 0.0074414 0.0097138 0.0073799 0.001175 -0.006195 -0.011197 -0.011125 -0.005505 0.0034537 0.0116646 0.0149651 0.0111449 0.0012468 -0.01056 -0.018628 -0.018394 -0.008742 0.0069643 0.0218361 0.0282029 0.0211397 0.0012918 -0.024337 -0.044225 -0.046344 -0.022915 0.0259257 0.0911102 0.1568689 0.2055759 0.2235294</coefficients></responseFIR><responseFIR publicID="ResponseFIR/20211126035547.329024.9" name="ResponseFIR/20211126035547.329024.9"><gain>1</gain><gainFrequency>0.005</gainFrequency><decimationFactor>256</decimationFactor><delay>0</delay><correction>0</correction><numberOfCoefficients>383</numberOfCoefficients><symmetry>C</symmetry><coefficients>5.9609e-08 1.7883e-07 3.5765e-07 5.9609e-07 8.9414e-07 1.2518e-06 1.6691e-06 2.1459e-06 2.6824e-06 3.2785e-06 3.9342e-06 4.6495e-06 5.4244e-06 6.259e-06 7.1531e-06 8.1068e-06 9.1202e-06 1.0193e-05 1.1326e-05 1.2518e-05 1.377e-05 1.5081e-05 1.6452e-05 1.7883e-05 1.9373e-05 2.0923e-05 2.2532e-05 2.4201e-05 2.593e-05 2.7718e-05 2.9566e-05 3.1474e-05 3.3441e-05 3.5467e-05 3.7554e-05 3.97e-05 4.1905e-05 4.417e-05 4.6495e-05 4.8879e-05 5.1323e-05 5.3827e-05 5.639e-05 5.9013e-05 6.1695e-05 6.4437e-05 6.7239e-05 7.01e-05 7.3021e-05 7.6002e-05 7.9042e-05 8.2141e-05 8.5301e-05 8.852e-05 9.1798e-05 9.5136e-05 9.8534e-05 0.00010199 0.00010551 0.00010908 0.00011272 0.00011642 0.00012017 0.00012399 0.00012786 0.0001318 0.00013579 0.00013984 0.00014396 0.00014813 0.00015236 0.00015665 0.000161 0.00016542 0.00016989 0.00017442 0.00017901 0.00018366 0.00018836 0.00019313 0.00019796 0.00020285 0.0002078 0.0002128 0.00021787 0.000223 0.00022818 0.00023343 0.00023873 0.0002441 0.00024952 0.00025501 0.00026055 0.00026615 0.00027182 0.00027754 0.00028332 0.00028916 0.00029507 0.00030103 0.00030705 0.00031313 0.00031927 0.00032547 0.00033172 0.00033804 0.00034442 0.00035086 0.00035736 0.00036391 0.00037053 0.00037721 0.00038394 0.00039074 0.00039759 0.00040451 0.00041148 0.00041852 0.00042561 0.00043276 0.00043997 0.00044725 0.00045458 0.00046197 0.00046942 0.00047693 0.0004845 0.00049213 0.00049982 0.00050757 0.00051538 0.00052325 0.00053118 0.00053916 0.00054721 0.00055532 0.00056349 0.00057171 0.00058 0.00058834 0.00059675 0.00060521 0.00061374 0.00062232 0.00063096 0.00063967 0.00064843 0.00065725 0.00066613 0.00067507 0.00068407 0.00069313 0.00070226 0.00071143 0.00072067 0.00072997 0.00073933 0.00074875 0.00075823 0.00076777 0.00077736 0.00078702 0.00079674 0.00080651 0.00081635 0.00082624 0.0008362 0.00084621 0.00085629 0.00086642 0.00087661 0.00088686 0.00089718 0.00090755 0.00091798 0.00092847 0.00093902 0.00094963 0.0009603 0.00097103 0.00098182 0.00099267 0.0010036 0.0010145 0.0010256 0.0010367 0.0010478 0.001059 0.0010703 0.0010816 0.001093 0.0011044 0.0011159 0.0011275 0.0011391 0.0011508 0.0011626 0.0011744 0.0011862 0.0011981 0.0012101 0.0012222 0.0012343 0.0012464 0.0012586 0.0012709 0.0012833 0.0012957 0.0013081 0.0013206 0.0013332 0.0013459 0.0013586 0.0013713 0.0013841 0.001397 0.0014099 0.0014229 0.001436 0.0014491 0.0014623 0.0014755 0.0014888 0.0015021 0.0015156 0.001529 0.0015426 0.0015562 0.0015698 0.0015835 0.0015973 0.0016111 0.001625 0.001639 0.001653 0.001667 0.0016812 0.0016953 0.0017096 0.0017239 0.0017383 0.0017527 0.0017672 0.0017817 0.0017963 0.001811 0.0018257 0.0018405 0.0018553 0.0018702 0.0018852 0.0019002 0.0019153 0.0019304 0.0019456 0.0019609 0.001976 0.0019911 0.002006 0.0020207 0.0020354 0.00205 0.0020644 0.0020787 0.0020929 0.0021069 0.0021209 0.0021347 0.0021484 0.002162 0.0021755 0.0021888 0.0022021 0.0022152 0.0022282 0.0022411 0.0022538 0.0022665 0.002279 0.0022914 0.0023037 0.0023158 0.0023279 0.0023398 0.0023516 0.0023633 0.0023748 0.0023863 0.0023976 0.0024088 0.0024199 0.0024309 0.0024417 0.0024524 0.002463 0.0024735 0.0024839 0.0024942 0.0025043 0.0025143 0.0025242 0.002534 0.0025436 0.0025532 0.0025626 0.0025719 0.0025811 0.0025901 0.0025991 0.0026079 0.0026166 0.0026252 0.0026337 0.002642 0.0026502 0.0026583 0.0026663 0.0026742 0.0026819 0.0026896 0.0026971 0.0027045 0.0027117 0.0027189 0.0027259 0.0027328 0.0027396 0.0027463 0.0027529 0.0027593 0.0027656 0.0027718 0.0027779 0.0027839 0.0027897 0.0027954 0.002801 0.0028065 0.0028119 0.0028171 0.0028223 0.0028273 0.0028321 0.0028369 0.0028416 0.0028461 0.0028505 0.0028548 0.002859 0.002863 0.002867 0.0028708 0.0028745 0.002878 0.0028815 0.0028848 0.0028881 0.0028912 0.0028941 0.002897 0.0028997 0.0029024 0.0029049 0.0029073 0.0029095 0.0029117 0.0029137 0.0029156 0.0029174 0.0029191 0.0029206 0.002922 0.0029234 0.0029245 0.0029256 0.0029266 0.0029274 0.0029281 0.0029287 0.0029292 0.0029295 0.0029298 0.0029299</coefficients></responseFIR><responseFIR publicID="ResponseFIR/20211126035547.330216.10" name="ResponseFIR/20211126035547.330216.10"><gain>1</gain><gainFrequency>0.005</gainFrequency><decimationFactor>5</decimationFactor><delay>250</delay><correction>250</correction><numberOfCoefficients>251</numberOfCoefficients><symmetry>B</symmetry><coefficients>-1.391e-09 -7.59e-11 1.4201e-09 2.8499e-09 3.8191e-09 3.8216e-09 2.4064e-09 -5.62e-10 -4.655e-09 -8.77e-09 -1.129e-08 -1.053e-08 -5.43e-09 3.7941e-09 1.5211e-08 2.5312e-08 2.9805e-08 2.5e-08 9.4253e-09 -1.487e-08 -4.193e-08 -6.285e-08 -6.815e-08 -5.108e-08 -1.088e-08 4.5128e-08 1.0186e-07 1.3964e-07 1.3993e-07 9.2249e-08 4.936e-22 -1.17e-07 -2.25e-07 -2.847e-07 -2.635e-07 -1.482e-07 4.5393e-08 2.7099e-07 4.602e-07 5.4077e-07 4.6032e-07 2.0862e-07 -1.693e-07 -5.759e-07 -8.825e-07 -9.658e-07 -7.499e-07 -2.424e-07 4.5091e-07 1.1408e-06 1.6002e-06 1.6321e-06 1.1403e-06 1.8159e-07 -1.023e-06 -2.13e-06 -2.76e-06 -2.621e-06 -1.611e-06 1.0181e-07 2.0952e-06 3.7774e-06 4.5513e-06 4.0075e-06 2.0894e-06 -8.27e-07 -3.98e-06 -6.402e-06 -7.197e-06 -5.84e-06 -2.409e-06 2.3435e-06 7.1217e-06 1.0413e-05 1.0939e-05 8.0983e-06 2.2657e-06 -5.176e-06 -1.212e-05 -1.631e-05 -1.601e-05 -1.064e-05 -1.152e-06 1.0076e-05 1.9771e-05 2.4673e-05 2.2567e-05 1.3128e-05 -1.713e-06 -1.807e-05 -3.103e-05 -3.61e-05 -3.064e-05 -1.494e-05 7.4666e-06 3.0483e-05 4.7039e-05 5.1163e-05 3.9988e-05 1.504e-05 -1.768e-05 -4.9e-05 -6.907e-05 -7.029e-05 -5.001e-05 -1.19e-05 3.442e-05 7.5627e-05 9.8424e-05 9.3643e-05 5.9568e-05 3.3207e-06 -6.033e-05 -0.0001127 -0.0001363 -0.0001209 -6.679e-05 1.364e-05 9.8608e-05 0.00016258 0.00018375 0.00015108 6.8926e-05 -4.279e-05 -0.000153 -0.0002279 -0.0002411 -0.0001823 -6.213e-05 8.8865e-05 0.00022777 0.00031113 0.00030816 0.00021143 4.1309e-05 -0.0001575 -0.0003274 -0.0004141 -0.0003834 -0.000234 -5.8e-19 0.00025528 0.00045651 0.0005379 0.0004641 0.00024365 -6.973e-05 -0.0003895 -0.0006195 -0.0006826 -0.0005455 -0.0002323 0.0001773 0.00056793 0.00082024 0.00084672 0.00062072 0.0001896 -0.0003336 -0.0007989 -0.001062 -0.001027 -0.0006805 -0.0001029 0.00055094 0.0010906 0.0013451 0.001216 0.00071256 -4.293e-05 -0.000843 -0.001451 -0.001671 -0.001406 -0.0007014 0.00026577 0.001225 0.0018884 0.0020358 0.0015852 0.00062782 -0.0005867 -0.001714 -0.00241 -0.002436 -0.001736 -0.000468 0.0010307 0.0023284 0.0030232 0.0028646 0.0018395 0.00019253 -0.001629 -0.003093 -0.003737 -0.003312 -0.001868 0.00023649 0.0024201 0.0040371 0.0045645 0.003767 0.001787 -0.0008699 -0.00346 -0.005206 -0.005525 -0.004216 -0.00155 0.001781 0.0048318 0.0066707 0.0066554 0.0046461 0.0010854 -0.003087 -0.006674 -0.008556 -0.008027 -0.005041 -0.0002778 0.0049956 0.0092465 0.0111073 0.0097932 0.0053882 -0.001098 -0.007935 -0.013107 -0.014876 -0.012316 -0.005673 0.0035677 0.012968 0.0197157 0.0213811 0.016657 0.0058855 -0.008789 -0.023714 -0.034448 -0.03674 -0.027574 -0.006016 0.0263517 0.0655388 0.105794 0.1406814 0.1643509 0.1727273</coefficients></responseFIR><responseFIR publicID="ResponseFIR/20211126035547.330374.12" name="ResponseFIR/20211126035547.330374.12"><gain>1</gain><gainFrequency>0.005</gainFrequency><decimationFactor>2</decimationFactor><delay>250</delay><correction>250</correction><numberOfCoefficients>251</numberOfCoefficients><symmetry>B</symmetry><coefficients>1.8199e-09 2.0203e-09 -1.697e-09 -2.791e-09 1.7345e-09 4.1969e-09 -1.685e-09 -6.391e-09 1.2389e-09 9.4916e-09 -4.02e-22 -1.356e-08 -2.528e-09 1.8577e-08 6.9515e-09 -2.437e-08 -1.399e-08 3.0586e-08 2.446e-08 -3.659e-08 -3.923e-08 4.1423e-08 5.9165e-08 -4.37e-08 -8.503e-08 4.1572e-08 1.1735e-07 -3.265e-08 -1.563e-07 1.4016e-08 2.0133e-07 1.777e-08 -2.512e-07 -6.658e-08 3.0362e-07 1.3655e-07 -3.548e-07 -2.319e-07 3.9953e-07 3.5643e-07 -4.307e-07 -5.134e-07 4.3928e-07 7.0454e-07 -4.143e-07 -9.299e-07 3.427e-07 1.1868e-06 -2.099e-07 -1.469e-06 1.578e-21 1.7663e-06 3.0347e-07 -2.063e-06 -7.166e-07 2.339e-06 1.2537e-06 -2.566e-06 -1.926e-06 2.711e-06 2.7404e-06 -2.734e-06 -3.696e-06 2.5882e-06 4.7824e-06 -2.224e-06 -5.98e-06 1.5867e-06 7.2525e-06 -6.219e-07 -8.551e-06 -7.233e-07 9.8086e-06 2.4958e-06 -1.094e-05 -4.732e-06 1.1839e-05 7.4547e-06 -1.239e-05 -1.066e-05 1.2444e-05 1.4334e-05 -1.186e-05 -1.841e-05 1.0481e-05 2.2795e-05 -8.143e-06 -2.735e-05 4.6953e-06 3.1907e-05 -8.02e-19 -3.622e-05 -6.052e-06 4.0031e-05 1.3531e-05 -4.301e-05 -2.245e-05 4.4788e-05 3.2775e-05 -4.499e-05 -4.437e-05 4.3195e-05 5.7013e-05 -3.9e-05 -7.04e-05 3.1993e-05 8.4094e-05 -2.182e-05 -9.757e-05 8.1872e-06 0.00011018 9.1238e-06 -0.0001212 -3.02e-05 0.00012971 5.4998e-05 -0.0001349 -8.328e-05 0.00013572 0.00011463 -0.0001313 -0.0001484 0.00012056 0.00018373 -0.0001027 -0.0002195 7.7044e-05 0.00025433 -4.291e-05 -0.0002867 5.316e-18 0.00031478 5.1732e-05 -0.0003367 -0.000112 0.00035031 0.00018006 -0.0003536 -0.0002548 0.00034452 0.0003347 -0.0003211 -0.0004176 0.00028151 0.00050094 -0.0002245 -0.0005818 0.00014889 0.00065662 -5.436e-05 -0.0007218 -5.898e-05 0.00077314 0.00019023 -0.0008066 -0.0003377 0.00081794 0.00049884 -0.0008031 -0.0006702 0.00075838 0.00084742 -0.0006805 -0.001025 0.00056689 0.0011977 -0.0004158 -0.001358 0.00022669 0.0014987 -1.83e-17 -0.001612 -0.0002623 0.0016903 0.00055681 -0.001725 -0.0008785 0.0017096 0.0012209 -0.001636 -0.001576 0.0014987 0.0019332 -0.001293 -0.002282 0.0010147 0.0026104 -0.0006632 -0.002904 0.00023875 0.0031492 0.00025569 -0.003331 -0.0008147 0.0034347 0.0014302 -0.003446 -0.002091 0.0033514 0.0027846 -0.003138 -0.003494 0.002796 0.0041998 -0.002316 -0.004882 0.0016916 0.0055157 -0.0009198 -0.006077 3.717e-17 0.0065381 0.0010647 -0.006871 -0.002268 0.0070465 0.0036001 -0.007034 -0.005048 0.006802 0.0065937 -0.006318 -0.008219 0.0055484 0.0099007 -0.004455 -0.011614 0.0029949 0.0133331 -0.001116 -0.015029 -0.001248 0.0166743 0.0041939 -0.01824 -0.007863 0.0196979 0.0124878 -0.021022 -0.018471 0.0221881 0.026584 -0.023174 -0.038501 0.0239612 0.058606 -0.024535 -0.103039 0.0248831 0.3172833 0.475</coefficients></responseFIR><network publicID="Network#20150806153749.459864.2" code="IA"><start>1980-01-01T00:00:00.0000Z</start><description>BMG-Net, Indonesia (IA-Net)</description><institutions>BMG</institutions><region>Indonesia</region><type>BB</type><netClass>p</netClass><archive>GFZ</archive><restricted>true</restricted><shared>false</shared><station publicID="Station#20211126090930.534981.42349" code="BDBI" archiveNetworkCode="IA"><start>2021-11-26T00:00:00.0000Z</start><description>Badung,  Bali,  Indonesia</description><latitude>-8.52</latitude><longitude>115.2088</longitude><elevation>186</elevation><place>BADUNG</place><country>Indonesia</country><archive>GFZ</archive><restricted>true</restricted><shared>false</shared><sensorLocation publicID="SensorLocation#20211126090930.851599.6756" code=""><start>2021-11-26T00:00:00.0000Z</start><latitude>-8.52</latitude><longitude>115.2088</longitude><elevation>186</elevation><stream publicID="Stream#20211126090930.852534.13431" code="HN1" datalogger="Datalogger/20211103044435.705314.12"><start>2021-11-26T00:00:00.0000Z</start><dataloggerSerialNumber>xxxx</dataloggerSerialNumber><dataloggerChannel>0</dataloggerChannel><sensorSerialNumber>FFFF</sensorSerialNumber><sensorChannel>0</sensorChannel><sampleRateNumerator>100</sampleRateNumerator><sampleRateDenominator>1</sampleRateDenominator><depth>0</depth><azimuth>90</azimuth><dip>0</dip><gain>1671.09499</gain><gainUnit>M/S**2</gainUnit><format>Steim2</format><flags>GC</flags><restricted>true</restricted><shared>true</shared></stream><stream publicID="Stream#20211126090930.852562.14679" code="HN2" datalogger="Datalogger/20211103044435.705314.12"><start>2021-11-26T00:00:00.0000Z</start><dataloggerSerialNumber>xxxx</dataloggerSerialNumber><dataloggerChannel>0</dataloggerChannel><sensorSerialNumber>FFFF</sensorSerialNumber><sensorChannel>0</sensorChannel><sampleRateNumerator>100</sampleRateNumerator><sampleRateDenominator>1</sampleRateDenominator><depth>0</depth><azimuth>0</azimuth><dip>0</dip><gain>1671.09499</gain><gainUnit>M/S**2</gainUnit><format>Steim2</format><flags>GC</flags><restricted>true</restricted><shared>true</shared></stream><stream publicID="Stream#20211126090930.852579.14486" code="HN3" datalogger="Datalogger/20211103044435.705314.12"><start>2021-11-26T00:00:00.0000Z</start><dataloggerSerialNumber>xxxx</dataloggerSerialNumber><dataloggerChannel>0</dataloggerChannel><sensorSerialNumber>FFFF</sensorSerialNumber><sensorChannel>0</sensorChannel><sampleRateNumerator>100</sampleRateNumerator><sampleRateDenominator>1</sampleRateDenominator><depth>0</depth><azimuth>0</azimuth><dip>-90</dip><gain>1671.09499</gain><gainUnit>M/S**2</gainUnit><format>Steim2</format><flags>GC</flags><restricted>true</restricted><shared>true</shared></stream><stream publicID="Stream#20211126090930.852593.53805" code="SHE" datalogger="Datalogger/20210812124112.713087.20" sensor="NRL/Guralp/CMG3T.120.1500"><start>2021-11-26T00:00:00.0000Z</start><dataloggerSerialNumber>xxxx</dataloggerSerialNumber><dataloggerChannel>2</dataloggerChannel><sensorSerialNumber>yyyy</sensorSerialNumber><sensorChannel>2</sensorChannel><sampleRateNumerator>50</sampleRateNumerator><sampleRateDenominator>1</sampleRateDenominator><depth>0</depth><azimuth>90</azimuth><dip>0</dip><gain>614507385</gain><gainFrequency>1</gainFrequency><gainUnit>M/S</gainUnit><format>Steim2</format><flags>GC</flags><restricted>false</restricted><shared>false</shared></stream><stream publicID="Stream#20211126090930.852607.40575" code="SHN" datalogger="Datalogger/20210812124112.70796.13" sensor="NRL/Guralp/CMG3T.120.1500"><start>2021-11-26T00:00:00.0000Z</start><dataloggerSerialNumber>xxxx</dataloggerSerialNumber><dataloggerChannel>1</dataloggerChannel><sensorSerialNumber>yyyy</sensorSerialNumber><sensorChannel>1</sensorChannel><sampleRateNumerator>50</sampleRateNumerator><sampleRateDenominator>1</sampleRateDenominator><depth>0</depth><azimuth>0</azimuth><dip>0</dip><gain>614987655</gain><gainFrequency>1</gainFrequency><gainUnit>M/S</gainUnit><format>Steim2</format><flags>GC</flags><restricted>false</restricted><shared>false</shared></stream><stream publicID="Stream#20211126090930.852621.9456" code="SHZ" datalogger="Datalogger/20210812124112.707195.6" sensor="NRL/Guralp/CMG3T.120.1500"><start>2021-11-26T00:00:00.0000Z</start><dataloggerSerialNumber>xxxx</dataloggerSerialNumber><dataloggerChannel>0</dataloggerChannel><sensorSerialNumber>yyyy</sensorSerialNumber><sensorChannel>0</sensorChannel><sampleRateNumerator>50</sampleRateNumerator><sampleRateDenominator>1</sampleRateDenominator><depth>0</depth><azimuth>0</azimuth><dip>-90</dip><gain>614749320</gain><gainFrequency>1</gainFrequency><gainUnit>M/S</gainUnit><format>Steim2</format><flags>GC</flags><restricted>false</restricted><shared>false</shared></stream><stream publicID="Stream#20211126090930.852634.24554" code="HNE" datalogger="Datalogger/20221111115357.692605.127335" sensor="NRL/Guralp/CMG5TC.DC_200.2G_20V"><start>2021-11-26T00:00:00.0000Z</start><dataloggerSerialNumber>xxx</dataloggerSerialNumber><dataloggerChannel>2</dataloggerChannel><sensorSerialNumber>0</sensorSerialNumber><sensorChannel>2</sensorChannel><sampleRateNumerator>100</sampleRateNumerator><sampleRateDenominator>1</sampleRateDenominator><depth>0</depth><azimuth>90</azimuth><dip>0</dip><gain>417972.201</gain><gainFrequency>1</gainFrequency><gainUnit>M/S**2</gainUnit><format>Steim2</format><flags>GC</flags><restricted>false</restricted><shared>false</shared></stream><stream publicID="Stream#20211126090930.852648.24883" code="HNZ" datalogger="Datalogger/20221111115357.692242.127333" sensor="NRL/Guralp/CMG5TC.DC_200.2G_20V"><start>2021-11-26T00:00:00.0000Z</start><dataloggerSerialNumber>xxxx</dataloggerSerialNumber><dataloggerChannel>0</dataloggerChannel><sensorSerialNumber>0</sensorSerialNumber><sensorChannel>0</sensorChannel><sampleRateNumerator>100</sampleRateNumerator><sampleRateDenominator>1</sampleRateDenominator><depth>0</depth><azimuth>0</azimuth><dip>-90</dip><gain>417972.201</gain><gainFrequency>1</gainFrequency><gainUnit>M/S**2</gainUnit><format>Steim2</format><flags>GC</flags><restricted>false</restricted><shared>false</shared></stream><stream publicID="Stream#20211126090930.852661.35841" code="HNN" datalogger="Datalogger/20221111115357.692428.127334" sensor="NRL/Guralp/CMG5TC.DC_200.2G_20V"><start>2021-11-26T00:00:00.0000Z</start><dataloggerSerialNumber>xxxx</dataloggerSerialNumber><dataloggerChannel>1</dataloggerChannel><sensorSerialNumber>0</sensorSerialNumber><sensorChannel>1</sensorChannel><sampleRateNumerator>100</sampleRateNumerator><sampleRateDenominator>1</sampleRateDenominator><depth>0</depth><azimuth>0</azimuth><dip>0</dip><gain>417972.201</gain><gainFrequency>1</gainFrequency><gainUnit>M/S**2</gainUnit><format>Steim2</format><flags>GC</flags><restricted>false</restricted><shared>false</shared></stream></sensorLocation></station></network></Inventory></seiscomp>
