<?xml version="1.0" encoding="UTF-8"?>
<seiscomp xmlns="http://geofon.gfz-potsdam.de/ns/seiscomp3-schema/0.13" version="0.13"><Inventory><sensor publicID="NRL/Nanometrics/Trillium120PH_g3.120.1202" name="Nanometrics/Trillium120PH_g3.120.1202" response="NRL/Nanometrics/Trillium120PH_g3.120.1202/1"><model>Trillium 120Q</model><manufacturer>Nanometrics</manufacturer><unit>M/S</unit></sensor><sensor publicID="NRL/Geodevice/BBVS.120.1000" name="Geodevice/BBVS.120.1000" response="NRL/Geodevice/BBVS.120.1000/1"><model>BBVS</model><manufacturer>Geodevice</manufacturer><unit>M/S</unit></sensor><sensor publicID="NRL/Nanometrics/Titan.DC_430.20V.2G" name="Nanometrics/Titan.DC_430.20V.2G" response="NRL/Nanometrics/Titan.DC_430.20V.2G/1"><model>Titan Accelerometer</model><manufacturer>Nanometrics</manufacturer><unit>M/S**2</unit></sensor><sensor publicID="NRL/Guralp/CMG3T.120.1500" name="Guralp/CMG3T.120.1500" response="NRL/Guralp/CMG3T.120.1500/1"><model>CMG-3T</model><manufacturer>Guralp</manufacturer><unit>M/S</unit></sensor><datalogger publicID="Datalogger#20150806153749.462299.7" name="GFZ:IA1980:Trident-IA/g=419430"><description>GFZ:IA1980:Trident-IA/g=419430</description><digitizerModel>TRID</digitizerModel><digitizerManufacturer>Nanometrics</digitizerManufacturer><recorderModel>TRID</recorderModel><recorderManufacturer>Nanometrics</recorderManufacturer><gain>419430.4</gain><maxClockDrift>0.1</maxClockDrift><decimation sampleRateNumerator="1" sampleRateDenominator="1"><digitalFilterChain>ResponseFIR#20150806153749.462462.8 ResponseFIR#20150806153749.463614.10 ResponseFIR#20150806153749.463893.11 ResponseFIR#20150806153749.464223.12 ResponseFIR#20150806153749.464699.13 ResponseFIR#20160224160026.292203.14 ResponseFIR#20160224160026.292782.15</digitalFilterChain></decimation><decimation sampleRateNumerator="1" sampleRateDenominator="10"><digitalFilterChain>ResponseFIR#20150806153749.462462.8 ResponseFIR#20150806153749.463614.10 ResponseFIR#20150806153749.463893.11 ResponseFIR#20150806153749.464223.12 ResponseFIR#20150806153749.464699.13 ResponseFIR#20160224160026.292203.14 ResponseFIR#20160224160026.292782.15 ResponseFIR#20160224160026.293898.16</digitalFilterChain></decimation><decimation sampleRateNumerator="20" sampleRateDenominator="1"><digitalFilterChain>ResponseFIR#20150806153749.462462.8 ResponseFIR#20150806153749.463614.10 ResponseFIR#20150806153749.463893.11 ResponseFIR#20150806153749.464223.12 ResponseFIR#20150806153749.464699.13</digitalFilterChain></decimation><decimation sampleRateNumerator="40" sampleRateDenominator="1"><digitalFilterChain>ResponseFIR#20150806153749.462462.8 ResponseFIR#20150806153749.463614.10 ResponseFIR#20150806153749.463893.11 ResponseFIR#20150806153749.464223.12</digitalFilterChain></decimation><decimation sampleRateNumerator="100" sampleRateDenominator="1"><digitalFilterChain>ResponseFIR#20150806153749.462462.8 ResponseFIR#20150806153749.463027.9 ResponseFIR#20150806153749.467031.17</digitalFilterChain></decimation><decimation sampleRateNumerator="200" sampleRateDenominator="1"><digitalFilterChain>ResponseFIR#20150806153749.462462.8 ResponseFIR#20150806153749.463027.9</digitalFilterChain></decimation></datalogger><datalogger publicID="NRL/Nanometrics/TAURUS.0_4.20.LO.0_001" name="Nanometrics/TAURUS.0_4.20.LO.0_001"><digitizerModel>Taurus</digitizerModel><digitizerManufacturer>Nanometrics</digitizerManufacturer><recorderModel>Taurus</recorderModel><recorderManufacturer>Nanometrics</recorderManufacturer><gain>1</gain><decimation sampleRateNumerator="20" sampleRateDenominator="1"><analogueFilterChain>NRL/Nanometrics/TAURUS.0_4.20.LO.0_001/2</analogueFilterChain><digitalFilterChain>NRL/Nanometrics/TAURUS.0_4.20.LO.0_001/3 NRL/Nanometrics/TAURUS.0_4.20.LO.0_001/4 NRL/Nanometrics/TAURUS.0_4.20.LO.0_001/5 NRL/Nanometrics/TAURUS.0_4.20.LO.0_001/6 NRL/Nanometrics/TAURUS.0_4.20.LO.0_001/7 NRL/Nanometrics/TAURUS.0_4.20.LO.0_001/8</digitalFilterChain></decimation></datalogger><datalogger publicID="NRL/Nanometrics/TAURUS.0_4.40.LO.0_001" name="Nanometrics/TAURUS.0_4.40.LO.0_001"><digitizerModel>Taurus</digitizerModel><digitizerManufacturer>Nanometrics</digitizerManufacturer><recorderModel>Taurus</recorderModel><recorderManufacturer>Nanometrics</recorderManufacturer><gain>1</gain><maxClockDrift>0.1</maxClockDrift><decimation sampleRateNumerator="40" sampleRateDenominator="1"><analogueFilterChain>NRL/Nanometrics/TAURUS.0_4.40.LO.0_001/2</analogueFilterChain><digitalFilterChain>NRL/Nanometrics/TAURUS.0_4.40.LO.0_001/3 NRL/Nanometrics/TAURUS.0_4.40.LO.0_001/4 NRL/Nanometrics/TAURUS.0_4.40.LO.0_001/5 NRL/Nanometrics/TAURUS.0_4.40.LO.0_001/6 NRL/Nanometrics/TAURUS.0_4.40.LO.0_001/7 NRL/Nanometrics/TAURUS.0_4.40.LO.0_001/8</digitalFilterChain></decimation></datalogger><datalogger publicID="NRL/Nanometrics/TAURUS.0_4.100.LO.0_001" name="Nanometrics/TAURUS.0_4.100.LO.0_001"><digitizerModel>Taurus</digitizerModel><digitizerManufacturer>Nanometrics</digitizerManufacturer><recorderModel>Taurus</recorderModel><recorderManufacturer>Nanometrics</recorderManufacturer><gain>1</gain><maxClockDrift>0.1</maxClockDrift><decimation sampleRateNumerator="100" sampleRateDenominator="1"><analogueFilterChain>NRL/Nanometrics/TAURUS.0_4.100.LO.0_001/2</analogueFilterChain><digitalFilterChain>NRL/Nanometrics/TAURUS.0_4.100.LO.0_001/3 NRL/Nanometrics/TAURUS.0_4.100.LO.0_001/4 NRL/Nanometrics/TAURUS.0_4.100.LO.0_001/5 NRL/Nanometrics/TAURUS.0_4.100.LO.0_001/6 NRL/Nanometrics/TAURUS.0_4.100.LO.0_001/7</digitalFilterChain></decimation></datalogger><datalogger publicID="Datalogger/20210812124112.713087.20" name="Guralp.minimus.00SHE.2021.224.12.16.44"><gain>409671.59</gain><maxClockDrift>0</maxClockDrift><decimation sampleRateNumerator="50" sampleRateDenominator="1"><digitalFilterChain>ResponseFIR/20210812124112.707532.9 ResponseFIR/20210812124112.707532.9 ResponseFIR/20210812124112.707747.11</digitalFilterChain></decimation></datalogger><datalogger publicID="Datalogger/20210812124112.70796.13" name="Guralp.minimus.00SHN.2021.224.12.16.44"><gain>409991.77</gain><maxClockDrift>0</maxClockDrift><decimation sampleRateNumerator="50" sampleRateDenominator="1"><digitalFilterChain>ResponseFIR/20210812124112.707532.9 ResponseFIR/20210812124112.707532.9 ResponseFIR/20210812124112.707747.11</digitalFilterChain></decimation></datalogger><datalogger publicID="Datalogger/20210812124112.707195.6" name="Guralp.minimus.00SHZ.2021.224.12.16.44"><gain>409832.88</gain><maxClockDrift>0</maxClockDrift><decimation sampleRateNumerator="50" sampleRateDenominator="1"><digitalFilterChain>ResponseFIR/20210812124112.707532.9 ResponseFIR/20210812124112.707532.9 ResponseFIR/20210812124112.707747.11</digitalFilterChain></decimation></datalogger><responsePAZ publicID="NRL/Nanometrics/Trillium120PH_g3.120.1202/1" name="NRL/Nanometrics/Trillium120PH_g3.120.1202/1"><type>A</type><gain>1202.5</gain><gainFrequency>1</gainFrequency><normalizationFactor>8.31871e+17</normalizationFactor><normalizationFrequency>1</normalizationFrequency><numberOfZeros>6</numberOfZeros><numberOfPoles>11</numberOfPoles><zeros>(0,0) (0,0) (-31.63,0) (-160,0) (-350,0) (-3177,0)</zeros><poles>(-0.036614,0.037059) (-0.036614,-0.037059) (-32.55,0) (-142,0) (-364,404) (-364,-404) (-1260,0) (-4900,5204) (-4900,-5204) (-7100,1700) (-7100,-1700)</poles></responsePAZ><responsePAZ publicID="NRL/Nanometrics/TAURUS.0_4.20.LO.0_001/2" name="NRL/Nanometrics/TAURUS.0_4.20.LO.0_001/2"><type>A</type><gain>0.3999988</gain><gainFrequency>1</gainFrequency><normalizationFactor>13338.89</normalizationFactor><normalizationFrequency>1</normalizationFrequency><numberOfZeros>0</numberOfZeros><numberOfPoles>1</numberOfPoles><poles>(-13338.9,0)</poles></responsePAZ><responsePAZ publicID="NRL/Nanometrics/TAURUS.0_4.20.LO.0_001/8" name="NRL/Nanometrics/TAURUS.0_4.20.LO.0_001/8"><type>A</type><gain>1</gain><gainFrequency>1</gainFrequency><normalizationFactor>1</normalizationFactor><normalizationFrequency>0.1</normalizationFrequency><numberOfZeros>1</numberOfZeros><numberOfPoles>1</numberOfPoles><zeros>(0,0)</zeros><poles>(-0.006283185,0)</poles></responsePAZ><responsePAZ publicID="NRL/Geodevice/BBVS.120.1000/1" name="NRL/Geodevice/BBVS.120.1000/1"><type>A</type><gain>1000</gain><gainFrequency>0.1</gainFrequency><normalizationFactor>63193</normalizationFactor><normalizationFrequency>0.1</normalizationFrequency><numberOfZeros>2</numberOfZeros><numberOfPoles>4</numberOfPoles><zeros>(0,0) (0,0)</zeros><poles>(-0.03702,0.03702) (-0.03702,-0.03702) (-177.72,177.72) (-177.72,-177.72)</poles></responsePAZ><responsePAZ publicID="NRL/Nanometrics/TAURUS.0_4.40.LO.0_001/2" name="NRL/Nanometrics/TAURUS.0_4.40.LO.0_001/2"><type>A</type><gain>0.3999988</gain><gainFrequency>1</gainFrequency><normalizationFactor>13338.89</normalizationFactor><normalizationFrequency>1</normalizationFrequency><numberOfZeros>0</numberOfZeros><numberOfPoles>1</numberOfPoles><poles>(-13338.9,0)</poles></responsePAZ><responsePAZ publicID="NRL/Nanometrics/TAURUS.0_4.40.LO.0_001/8" name="NRL/Nanometrics/TAURUS.0_4.40.LO.0_001/8"><type>A</type><gain>1</gain><gainFrequency>1</gainFrequency><normalizationFactor>1</normalizationFactor><normalizationFrequency>0.1</normalizationFrequency><numberOfZeros>1</numberOfZeros><numberOfPoles>1</numberOfPoles><zeros>(0,0)</zeros><poles>(-0.006283185,0)</poles></responsePAZ><responsePAZ publicID="NRL/Nanometrics/TAURUS.0_4.100.LO.0_001/2" name="NRL/Nanometrics/TAURUS.0_4.100.LO.0_001/2"><type>A</type><gain>0.3999988</gain><gainFrequency>1</gainFrequency><normalizationFactor>13338.89</normalizationFactor><normalizationFrequency>1</normalizationFrequency><numberOfZeros>0</numberOfZeros><numberOfPoles>1</numberOfPoles><poles>(-13338.9,0)</poles></responsePAZ><responsePAZ publicID="NRL/Nanometrics/TAURUS.0_4.100.LO.0_001/7" name="NRL/Nanometrics/TAURUS.0_4.100.LO.0_001/7"><type>A</type><gain>1</gain><gainFrequency>1</gainFrequency><normalizationFactor>1</normalizationFactor><normalizationFrequency>0.1</normalizationFrequency><numberOfZeros>1</numberOfZeros><numberOfPoles>1</numberOfPoles><zeros>(0,0)</zeros><poles>(-0.006283185,0)</poles></responsePAZ><responsePAZ publicID="NRL/Nanometrics/Titan.DC_430.20V.2G/1" name="NRL/Nanometrics/Titan.DC_430.20V.2G/1"><type>A</type><gain>1.02</gain><gainFrequency>1</gainFrequency><normalizationFactor>1.007725e+18</normalizationFactor><normalizationFrequency>1</normalizationFrequency><numberOfZeros>1</numberOfZeros><numberOfPoles>6</numberOfPoles><zeros>(-515,0)</zeros><poles>(-977,328) (-977,-328) (-1486,2512) (-1486,-2512) (-5736,4946) (-5736,-4946)</poles></responsePAZ><responsePAZ publicID="NRL/Guralp/CMG3T.120.1500/1" name="NRL/Guralp/CMG3T.120.1500/1"><type>A</type><gain>1500</gain><gainFrequency>1</gainFrequency><normalizationFactor>571508000</normalizationFactor><normalizationFrequency>1</normalizationFrequency><numberOfZeros>2</numberOfZeros><numberOfPoles>5</numberOfPoles><zeros>(0,0) (0,0)</zeros><poles>(-0.037008,0.037008) (-0.037008,-0.037008) (-502.65,0) (-1005,0) (-1131,0)</poles></responsePAZ><responseFIR publicID="ResponseFIR#20150806153749.462462.8" name="GFZ:IA1980:TRID_FIR_1"><gain>1</gain><decimationFactor>15</decimationFactor><delay>0</delay><correction>-81.999</correction><numberOfCoefficients>83</numberOfCoefficients><symmetry>B</symmetry><coefficients>-4.04791e-10 -1.39029e-10 6.728e-10 2.75797e-09 7.54651e-09 1.76668e-08 3.76936e-08 7.52313e-08 1.42425e-07 2.57999e-07 4.49904e-07 7.58656e-07 1.24139e-06 1.97658e-06 3.06939e-06 4.65728e-06 6.91569e-06 1.00631e-05 1.43649e-05 2.0135e-05 2.77346e-05 3.75661e-05 5.00617e-05 6.56652e-05 8.48049e-05 0.000107859 0.000135108 0.000166685 0.000202505 0.0002422 0.000285038 0.00032985 0.000374956 0.000418099 0.0004564 0.000486339 0.000503757 0.000503913 0.00048158 0.000431195 0.000347068 0.000223655 5.58818e-05 -0.000160475 -0.000428365 -0.000749008 -0.00112143 -0.00154201 -0.00200406 -0.00249746 -0.00300841 -0.00351925 -0.00400852 -0.00445107 -0.00481847 -0.00507953 -0.00520107 -0.00514889 -0.00488884 -0.00438813 -0.00361664 -0.0025484 -0.00116293 0.00055335 0.00260595 0.00499129 0.00769592 0.0106961 0.0139576 0.0174362 0.0210783 0.0248217 0.0285976 0.0323318 0.0359474 0.0393664 0.0425127 0.0453141 0.0477047 0.0496275 0.0510357 0.0518947 0.0521834</coefficients></responseFIR><responseFIR publicID="ResponseFIR#20150806153749.463614.10" name="GFZ:IA1980:TRID_FIR_10"><gain>1</gain><decimationFactor>5</decimationFactor><delay>0</delay><correction>-35</correction><numberOfCoefficients>36</numberOfCoefficients><symmetry>A</symmetry><coefficients>-1.400229e-08 -1.255059e-07 -6.074921e-07 -2.046866e-06 -5.236352e-06 -1.042766e-05 -1.566514e-05 -1.467138e-05 3.866903e-06 5.254917e-05 0.0001345447 0.0002273285 0.0002694088 0.0001653887 -0.0001754205 -0.0007649912 -0.001452111 -0.001881641 -0.001562383 -7.930603e-05 0.002588435 0.005777669 0.008077698 0.007665307 0.003066022 -0.005859562 -0.01711852 -0.02645966 -0.02823533 -0.01718375 0.009394698 0.04991073 0.09803478 0.1439399 0.1769958 0.1890346</coefficients></responseFIR><responseFIR publicID="ResponseFIR#20150806153749.463893.11" name="GFZ:IA1980:TRID_FIR_11"><gain>1</gain><decimationFactor>5</decimationFactor><delay>0</delay><correction>-56</correction><numberOfCoefficients>57</numberOfCoefficients><symmetry>A</symmetry><coefficients>6.24153e-10 1.470217e-08 2.924648e-08 1.675816e-08 -9.459693e-08 -4.005292e-07 -9.373652e-07 -1.530435e-06 -1.645991e-06 -4.078704e-07 3.030094e-06 8.685992e-06 1.476603e-05 1.713675e-05 1.012814e-05 -1.072856e-05 -4.439651e-05 -8.029797e-05 -9.761762e-05 -7.094869e-05 1.692091e-05 0.0001585078 0.0003094936 0.0003912802 0.0003155885 2.919058e-05 -0.0004362724 -0.0009354174 -0.001228394 -0.001061469 -0.0002939815 0.0009756478 0.002352455 0.003215585 0.002933434 0.001171051 -0.001829548 -0.005145646 -0.007361208 -0.007056359 -0.003467655 0.002935113 0.01024857 0.01551828 0.01570616 0.008987865 -0.004081172 -0.0200454 -0.03303498 -0.03628456 -0.0243088 0.004958794 0.04884525 0.1000148 0.1480753 0.1823112 0.1947111</coefficients></responseFIR><responseFIR publicID="ResponseFIR#20150806153749.464223.12" name="GFZ:IA1980:TRID_FIR_12"><gain>1</gain><decimationFactor>2</decimationFactor><delay>0</delay><correction>-111</correction><numberOfCoefficients>112</numberOfCoefficients><symmetry>B</symmetry><coefficients>-2.4877e-10 4.73744e-09 1.24032e-08 2.18423e-09 -2.9735e-08 -2.7741e-08 4.8235e-08 9.04852e-08 -4.3772e-08 -2.02925e-07 -2.93251e-08 3.57677e-07 2.38076e-07 -5.05054e-07 -6.56661e-07 5.29514e-07 1.33303e-06 -2.35391e-07 -2.23456e-06 -6.43189e-07 3.17885e-06 2.39189e-06 -3.76643e-06 -5.21313e-06 3.34388e-06 9.06984e-06 -1.0342e-06 -1.34948e-05 -4.1282e-06 1.74081e-05 1.29325e-05 -1.90112e-05 -2.55982e-05 1.58385e-05 4.12985e-05 -5.05136e-06 -5.76943e-05 -1.59734e-05 7.06232e-05 4.87621e-05 -7.41183e-05 -9.2656e-05 6.09281e-05 0.000143704 -2.36571e-05 -0.000193818 -4.34607e-05 0.000230529 0.0001423 -0.000237697 -0.00026842 0.00019742 0.000408986 -9.32264e-05 -0.000541667 -8.56506e-05 0.000635146 0.000339424 -0.000651794 -0.000653162 0.000552734 0.000993533 -0.000305133 -0.00130802 -0.000108987 0.00152764 0.000683646 -0.00157381 -0.00138119 0.00136932 0.00212784 -0.000852739 -0.00281433 -5.43598e-06 0.00330293 0.00118724 -0.00344149 -0.00261502 0.00308386 0.00414554 -0.00211493 -0.00557267 0.000477543 0.00664017 0.00180254 -0.00706464 -0.00459738 0.00656694 0.0076669 -0.00490895 -0.0106603 0.00193106 0.0131289 0.00241487 -0.0145476 -0.00804248 0.0143373 0.0147221 -0.0118736 -0.022089 0.00645106 0.0296694 0.00287172 -0.0369222 -0.0177763 0.0432915 0.0424836 -0.0482648 -0.0928087 0.0514286 0.313777 0.447486</coefficients></responseFIR><responseFIR publicID="ResponseFIR#20150806153749.464699.13" name="GFZ:IA1980:TRID_FIR_13"><gain>1</gain><decimationFactor>2</decimationFactor><delay>0</delay><correction>0</correction><numberOfCoefficients>48</numberOfCoefficients><symmetry>C</symmetry><coefficients>-4.624365e-06 -8.258298e-05 -0.0002260141 -0.0002539009 7.665667e-07 0.0003050186 0.0001712792 -0.0003494469 -0.0004491013 0.0002631577 0.0007897725 3.857301e-05 -0.001091783 -0.0005999956 0.001206435 0.001397154 -0.0009624677 -0.002313273 0.0002078273 0.003130074 0.001137016 -0.003543348 -0.003024242 0.003207636 0.005238007 -0.001803839 -0.007375909 -0.0008729728 0.00887091 0.004831847 -0.009042305 -0.009813905 0.007179136 0.015253 -0.002628732 -0.02026759 -0.005142914 0.02366362 0.01657857 -0.02387548 -0.03227953 0.01860678 0.05394208 -0.003140518 -0.08849621 -0.04014856 0.1847636 0.4066011</coefficients></responseFIR><responseFIR publicID="ResponseFIR#20160224160026.292203.14" name="GFZ:IA1980:TRID_FIR_15"><gain>1</gain><decimationFactor>2</decimationFactor><delay>0</delay><correction>0</correction><numberOfCoefficients>48</numberOfCoefficients><symmetry>C</symmetry><coefficients>-4.624365e-06 -8.258298e-05 -0.0002260141 -0.0002539009 7.665667e-07 0.0003050186 0.0001712792 -0.0003494469 -0.0004491013 0.0002631577 0.0007897725 3.857301e-05 -0.001091783 -0.0005999956 0.001206435 0.001397154 -0.0009624677 -0.002313273 0.0002078273 0.003130074 0.001137016 -0.003543348 -0.003024242 0.003207636 0.005238007 -0.001803839 -0.007375909 -0.0008729728 0.00887091 0.004831847 -0.009042305 -0.009813905 0.007179136 0.015253 -0.002628732 -0.02026759 -0.005142914 0.02366362 0.01657857 -0.02387548 -0.03227953 0.01860678 0.05394208 -0.003140518 -0.08849621 -0.04014856 0.1847636 0.4066011</coefficients></responseFIR><responseFIR publicID="ResponseFIR#20160224160026.292782.15" name="GFZ:IA1980:TRID_FIR_16"><gain>1</gain><decimationFactor>10</decimationFactor><delay>0</delay><correction>0</correction><numberOfCoefficients>200</numberOfCoefficients><symmetry>C</symmetry><coefficients>-1.28041e-09 9.08914e-09 2.8572e-08 7.06894e-08 1.50385e-07 2.89842e-07 5.19992e-07 8.82416e-07 1.43125e-06 2.23492e-06 3.37749e-06 4.9595e-06 7.09779e-06 9.92444e-06 1.35842e-05 1.82304e-05 2.40192e-05 3.11018e-05 3.96154e-05 4.96716e-05 6.13448e-05 7.46579e-05 8.95697e-05 0.000105962 0.000123626 0.000142258 0.000161447 0.00018068 0.000199344 0.000216735 0.00023208 0.000244559 0.000253337 0.000257602 0.000256611 0.000249733 0.000236499 0.00021665 0.000190176 0.000157355 0.000118779 7.53615e-05 2.8338e-05 -2.07575e-05 -7.01326e-05 -0.000117797 -0.000161638 -0.000199519 -0.000229381 -0.000249363 -0.000257912 -0.000253905 -0.000236743 -0.00020644 -0.000163677 -0.000109834 -4.69775e-05 2.21866e-05 9.44043e-05 0.000166003 0.000233056 0.000291581 0.000337758 0.000368157 0.000379962 0.00037119 0.000340865 0.000289162 0.00021749 0.000128506 2.60683e-05 -8.49001e-05 -0.00019861 -0.000308679 -0.000408463 -0.000491424 -0.000551529 -0.000583645 -0.000583913 -0.000550075 -0.00048173 -0.000380497 -0.000250065 -9.61319e-05 7.37977e-05 0.00025073 0.000424615 0.000584883 0.000721041 0.000823318 0.000883311 0.000894586 0.000853214 0.000758184 0.000611661 0.000419082 0.000189041 -6.70187e-05 -0.000335311 -0.000600394 -0.000846007 -0.00105601 -0.00121539 -0.00131125 -0.00133374 -0.00127686 -0.00113911 -0.000923809 -0.000639274 -0.000298573 8.09521e-05 0.000478492 0.000870835 0.00123365 0.00154291 0.00177641 0.00191525 0.0019452 0.00185787 0.00165159 0.00133193 0.000911779 0.000411014 -0.000144324 -0.000723263 -0.00129152 -0.00181344 -0.00225409 -0.00258149 -0.00276876 -0.00279612 -0.00265247 -0.00233664 -0.00185805 -0.00123675 -0.000502786 0.000305047 0.00114109 0.00195523 0.00269576 0.00331246 0.00375976 0.00399991 0.00400566 0.00376267 0.00327109 0.00254644 0.00161958 0.000535707 -0.000647515 -0.00186278 -0.00303667 -0.00409377 -0.00496115 -0.00557301 -0.00587508 -0.00582867 -0.00541401 -0.00463262 -0.00350857 -0.00208851 -0.000440263 0.0013498 0.00318077 0.00494222 0.00652013 0.00780344 0.00869076 0.00909701 0.00895957 0.00824347 0.00694548 0.00509657 0.00276275 4.39892e-05 -0.00292869 -0.00599803 -0.00898691 -0.0117062 -0.0139636 -0.015573 -0.0163644 -0.016193 -0.0149476 -0.012558 -0.00900054 -0.00430113 0.00146306 0.00816508 0.0156318 0.0236496 0.0319729 0.0403331 0.0484502 0.0560442 0.0628471 0.0686148 0.0731374 0.0762488 0.0778339</coefficients></responseFIR><responseFIR publicID="ResponseFIR#20160224160026.293898.16" name="GFZ:IA1980:TRID_FIR_17"><gain>4</gain><decimationFactor>10</decimationFactor><delay>0</delay><correction>0</correction><numberOfCoefficients>200</numberOfCoefficients><symmetry>C</symmetry><coefficients>-1.28041e-09 9.08914e-09 2.8572e-08 7.06894e-08 1.50385e-07 2.89842e-07 5.19992e-07 8.82416e-07 1.43125e-06 2.23492e-06 3.37749e-06 4.9595e-06 7.09779e-06 9.92444e-06 1.35842e-05 1.82304e-05 2.40192e-05 3.11018e-05 3.96154e-05 4.96716e-05 6.13448e-05 7.46579e-05 8.95697e-05 0.000105962 0.000123626 0.000142258 0.000161447 0.00018068 0.000199344 0.000216735 0.00023208 0.000244559 0.000253337 0.000257602 0.000256611 0.000249733 0.000236499 0.00021665 0.000190176 0.000157355 0.000118779 7.53615e-05 2.8338e-05 -2.07575e-05 -7.01326e-05 -0.000117797 -0.000161638 -0.000199519 -0.000229381 -0.000249363 -0.000257912 -0.000253905 -0.000236743 -0.00020644 -0.000163677 -0.000109834 -4.69775e-05 2.21866e-05 9.44043e-05 0.000166003 0.000233056 0.000291581 0.000337758 0.000368157 0.000379962 0.00037119 0.000340865 0.000289162 0.00021749 0.000128506 2.60683e-05 -8.49001e-05 -0.00019861 -0.000308679 -0.000408463 -0.000491424 -0.000551529 -0.000583645 -0.000583913 -0.000550075 -0.00048173 -0.000380497 -0.000250065 -9.61319e-05 7.37977e-05 0.00025073 0.000424615 0.000584883 0.000721041 0.000823318 0.000883311 0.000894586 0.000853214 0.000758184 0.000611661 0.000419082 0.000189041 -6.70187e-05 -0.000335311 -0.000600394 -0.000846007 -0.00105601 -0.00121539 -0.00131125 -0.00133374 -0.00127686 -0.00113911 -0.000923809 -0.000639274 -0.000298573 8.09521e-05 0.000478492 0.000870835 0.00123365 0.00154291 0.00177641 0.00191525 0.0019452 0.00185787 0.00165159 0.00133193 0.000911779 0.000411014 -0.000144324 -0.000723263 -0.00129152 -0.00181344 -0.00225409 -0.00258149 -0.00276876 -0.00279612 -0.00265247 -0.00233664 -0.00185805 -0.00123675 -0.000502786 0.000305047 0.00114109 0.00195523 0.00269576 0.00331246 0.00375976 0.00399991 0.00400566 0.00376267 0.00327109 0.00254644 0.00161958 0.000535707 -0.000647515 -0.00186278 -0.00303667 -0.00409377 -0.00496115 -0.00557301 -0.00587508 -0.00582867 -0.00541401 -0.00463262 -0.00350857 -0.00208851 -0.000440263 0.0013498 0.00318077 0.00494222 0.00652013 0.00780344 0.00869076 0.00909701 0.00895957 0.00824347 0.00694548 0.00509657 0.00276275 4.39892e-05 -0.00292869 -0.00599803 -0.00898691 -0.0117062 -0.0139636 -0.015573 -0.0163644 -0.016193 -0.0149476 -0.012558 -0.00900054 -0.00430113 0.00146306 0.00816508 0.0156318 0.0236496 0.0319729 0.0403331 0.0484502 0.0560442 0.0628471 0.0686148 0.0731374 0.0762488 0.0778339</coefficients></responseFIR><responseFIR publicID="ResponseFIR#20150806153749.463027.9" name="GFZ:IA1980:TRID_FIR_2"><gain>1</gain><decimationFactor>10</decimationFactor><delay>0</delay><correction>-93</correction><numberOfCoefficients>94</numberOfCoefficients><symmetry>B</symmetry><coefficients>8.46923e-10 2.27422e-09 4.53895e-09 6.87379e-09 7.10904e-09 7.62784e-10 -1.98301e-08 -6.60994e-08 -1.53114e-07 -2.98249e-07 -5.18152e-07 -8.23636e-07 -1.21248e-06 -1.66055e-06 -2.11247e-06 -2.47353e-06 -2.60562e-06 -2.33013e-06 -1.44098e-06 2.69804e-07 2.97271e-06 6.74886e-06 1.15296e-05 1.70354e-05 2.27248e-05 2.7767e-05 3.10537e-05 3.1263e-05 2.69861e-05 1.69189e-05 1.11176e-07 -2.37456e-05 -5.40267e-05 -8.89227e-05 -0.000125282 -0.000158604 -0.000183236 -0.000192798 -0.000180864 -0.00014185 -7.2067e-05 2.91938e-05 0.000158665 0.000308386 0.000465422 0.000612198 0.000727547 0.000788512 0.000772858 0.000662123 0.000444926 0.000120161 -0.000300369 -0.000790361 -0.00130887 -0.00180202 -0.00220662 -0.00245579 -0.00248619 -0.00224631 -0.00170503 -0.000859463 0.000259011 0.00158157 0.0030025 0.00438414 0.00556632 0.00638 0.0066644 0.00628604 0.00515814 0.0032582 0.000641682 -0.00255018 -0.00609006 -0.0096727 -0.0129317 -0.0154642 -0.0168626 -0.016749 -0.0148125 -0.0108425 -0.00475778 0.00337489 0.0133318 0.0247374 0.0370817 0.0497507 0.062067 0.0733368 0.0829015 0.0901866 0.0947464 0.0962985</coefficients></responseFIR><responseFIR publicID="ResponseFIR#20150806153749.467031.17" name="GFZ:IA1980:TRID_FIR_3"><gain>1</gain><decimationFactor>2</decimationFactor><delay>0</delay><correction>-111</correction><numberOfCoefficients>112</numberOfCoefficients><symmetry>B</symmetry><coefficients>-2.4877e-10 4.73744e-09 1.24032e-08 2.18423e-09 -2.9735e-08 -2.7741e-08 4.8235e-08 9.04852e-08 -4.3772e-08 -2.02925e-07 -2.93251e-08 3.57677e-07 2.38076e-07 -5.05054e-07 -6.56661e-07 5.29514e-07 1.33303e-06 -2.35391e-07 -2.23456e-06 -6.43189e-07 3.17885e-06 2.39189e-06 -3.76643e-06 -5.21313e-06 3.34388e-06 9.06984e-06 -1.0342e-06 -1.34948e-05 -4.1282e-06 1.74081e-05 1.29325e-05 -1.90112e-05 -2.55982e-05 1.58385e-05 4.12985e-05 -5.05136e-06 -5.76943e-05 -1.59734e-05 7.06232e-05 4.87621e-05 -7.41183e-05 -9.2656e-05 6.09281e-05 0.000143704 -2.36571e-05 -0.000193818 -4.34607e-05 0.000230529 0.0001423 -0.000237697 -0.00026842 0.00019742 0.000408986 -9.32264e-05 -0.000541667 -8.56506e-05 0.000635146 0.000339424 -0.000651794 -0.000653162 0.000552734 0.000993533 -0.000305133 -0.00130802 -0.000108987 0.00152764 0.000683646 -0.00157381 -0.00138119 0.00136932 0.00212784 -0.000852739 -0.00281433 -5.43598e-06 0.00330293 0.00118724 -0.00344149 -0.00261502 0.00308386 0.00414554 -0.00211493 -0.00557267 0.000477543 0.00664017 0.00180254 -0.00706464 -0.00459738 0.00656694 0.0076669 -0.00490895 -0.0106603 0.00193106 0.0131289 0.00241487 -0.0145476 -0.00804248 0.0143373 0.0147221 -0.0118736 -0.022089 0.00645106 0.0296694 0.00287172 -0.0369222 -0.0177763 0.0432915 0.0424836 -0.0482648 -0.0928087 0.0514286 0.313777 0.447486</coefficients></responseFIR><responseFIR publicID="NRL/Nanometrics/TAURUS.0_4.20.LO.0_001/3" name="NRL/Nanometrics/TAURUS.0_4.20.LO.0_001/3"><gain>1000000</gain><decimationFactor>1</decimationFactor><delay>0</delay><correction>0</correction><numberOfCoefficients>1</numberOfCoefficients><symmetry>A</symmetry><coefficients>1</coefficients></responseFIR><responseFIR publicID="NRL/Nanometrics/TAURUS.0_4.20.LO.0_001/4" name="NRL/Nanometrics/TAURUS.0_4.20.LO.0_001/4"><gain>1</gain><decimationFactor>15</decimationFactor><delay>81.99999</delay><correction>81.99999</correction><numberOfCoefficients>165</numberOfCoefficients><symmetry>A</symmetry><coefficients>-4.04791e-10 -1.39029e-10 6.728e-10 2.75797e-09 7.54651e-09 1.76668e-08 3.76936e-08 7.52313e-08 1.42425e-07 2.57999e-07 4.49904e-07 7.58655e-07 1.24139e-06 1.97658e-06 3.06939e-06 4.65728e-06 6.91569e-06 1.00631e-05 1.43649e-05 2.0135e-05 2.77346e-05 3.75661e-05 5.00617e-05 6.56652e-05 8.48049e-05 0.000107859 0.000135108 0.000166685 0.000202505 0.0002422 0.000285038 0.00032985 0.000374956 0.000418099 0.0004564 0.000486339 0.000503757 0.000503913 0.00048158 0.000431195 0.000347068 0.000223655 5.58818e-05 -0.000160476 -0.000428365 -0.000749008 -0.00112143 -0.00154201 -0.00200406 -0.00249746 -0.00300841 -0.00351925 -0.00400852 -0.00445107 -0.00481847 -0.00507953 -0.00520107 -0.00514889 -0.00488884 -0.00438813 -0.00361664 -0.0025484 -0.00116293 0.00055335 0.00260595 0.00499129 0.00769592 0.0106961 0.0139576 0.0174363 0.0210783 0.0248217 0.0285976 0.0323318 0.0359474 0.0393664 0.0425127 0.0453141 0.0477047 0.0496275 0.0510356 0.0518947 0.0521834 0.0518947 0.0510356 0.0496275 0.0477047 0.0453141 0.0425127 0.0393664 0.0359474 0.0323318 0.0285976 0.0248217 0.0210783 0.0174363 0.0139576 0.0106961 0.00769592 0.00499129 0.00260595 0.00055335 -0.00116293 -0.0025484 -0.00361664 -0.00438813 -0.00488884 -0.00514889 -0.00520107 -0.00507953 -0.00481847 -0.00445107 -0.00400852 -0.00351925 -0.00300841 -0.00249746 -0.00200406 -0.00154201 -0.00112143 -0.000749008 -0.000428365 -0.000160476 5.58818e-05 0.000223655 0.000347068 0.000431195 0.00048158 0.000503913 0.000503757 0.000486339 0.0004564 0.000418099 0.000374956 0.00032985 0.000285038 0.0002422 0.000202505 0.000166685 0.000135108 0.000107859 8.48049e-05 6.56652e-05 5.00617e-05 3.75661e-05 2.77346e-05 2.0135e-05 1.43649e-05 1.00631e-05 6.91569e-06 4.65728e-06 3.06939e-06 1.97658e-06 1.24139e-06 7.58655e-07 4.49904e-07 2.57999e-07 1.42425e-07 7.52313e-08 3.76936e-08 1.76668e-08 7.54651e-09 2.75797e-09 6.728e-10 -1.39029e-10 -4.04791e-10</coefficients></responseFIR><responseFIR publicID="NRL/Nanometrics/TAURUS.0_4.20.LO.0_001/5" name="NRL/Nanometrics/TAURUS.0_4.20.LO.0_001/5"><gain>1</gain><decimationFactor>10</decimationFactor><delay>93</delay><correction>93</correction><numberOfCoefficients>187</numberOfCoefficients><symmetry>A</symmetry><coefficients>8.46923e-10 2.27422e-09 4.53895e-09 6.87379e-09 7.10904e-09 7.62784e-10 -1.98301e-08 -6.60994e-08 -1.53114e-07 -2.98249e-07 -5.18152e-07 -8.23636e-07 -1.21248e-06 -1.66055e-06 -2.11247e-06 -2.47353e-06 -2.60562e-06 -2.33013e-06 -1.44098e-06 2.69804e-07 2.97271e-06 6.74886e-06 1.15296e-05 1.70354e-05 2.27248e-05 2.7767e-05 3.10537e-05 3.1263e-05 2.69861e-05 1.69189e-05 1.11176e-07 -2.37456e-05 -5.40267e-05 -8.89227e-05 -0.000125282 -0.000158604 -0.000183236 -0.000192798 -0.000180864 -0.00014185 -7.2067e-05 2.91938e-05 0.000158665 0.000308386 0.000465422 0.000612198 0.000727547 0.000788512 0.000772858 0.000662123 0.000444926 0.000120161 -0.000300369 -0.000790361 -0.00130887 -0.00180202 -0.00220662 -0.00245579 -0.00248619 -0.00224631 -0.00170503 -0.000859463 0.000259011 0.00158157 0.0030025 0.00438414 0.00556632 0.00638 0.0066644 0.00628604 0.00515814 0.0032582 0.000641682 -0.00255018 -0.00609006 -0.0096727 -0.0129317 -0.0154642 -0.0168626 -0.016749 -0.0148125 -0.0108426 -0.00475778 0.00337489 0.0133318 0.0247374 0.0370816 0.0497507 0.062067 0.0733368 0.0829015 0.0901866 0.0947464 0.0962985 0.0947464 0.0901866 0.0829015 0.0733368 0.062067 0.0497507 0.0370816 0.0247374 0.0133318 0.00337489 -0.00475778 -0.0108426 -0.0148125 -0.016749 -0.0168626 -0.0154642 -0.0129317 -0.0096727 -0.00609006 -0.00255018 0.000641682 0.0032582 0.00515814 0.00628604 0.0066644 0.00638 0.00556632 0.00438414 0.0030025 0.00158157 0.000259011 -0.000859463 -0.00170503 -0.00224631 -0.00248619 -0.00245579 -0.00220662 -0.00180202 -0.00130887 -0.000790361 -0.000300369 0.000120161 0.000444926 0.000662123 0.000772858 0.000788512 0.000727547 0.000612198 0.000465422 0.000308386 0.000158665 2.91938e-05 -7.2067e-05 -0.00014185 -0.000180864 -0.000192798 -0.000183236 -0.000158604 -0.000125282 -8.89227e-05 -5.40267e-05 -2.37456e-05 1.11176e-07 1.69189e-05 2.69861e-05 3.1263e-05 3.10537e-05 2.7767e-05 2.27248e-05 1.70354e-05 1.15296e-05 6.74886e-06 2.97271e-06 2.69804e-07 -1.44098e-06 -2.33013e-06 -2.60562e-06 -2.47353e-06 -2.11247e-06 -1.66055e-06 -1.21248e-06 -8.23636e-07 -5.18152e-07 -2.98249e-07 -1.53114e-07 -6.60994e-08 -1.98301e-08 7.62784e-10 7.10904e-09 6.87379e-09 4.53895e-09 2.27422e-09 8.46923e-10</coefficients></responseFIR><responseFIR publicID="NRL/Nanometrics/TAURUS.0_4.20.LO.0_001/6" name="NRL/Nanometrics/TAURUS.0_4.20.LO.0_001/6"><gain>1</gain><decimationFactor>5</decimationFactor><delay>56</delay><correction>56</correction><numberOfCoefficients>113</numberOfCoefficients><symmetry>A</symmetry><coefficients>3.62415e-09 1.47022e-08 2.92465e-08 1.67582e-08 -9.45969e-08 -4.00529e-07 -9.37365e-07 -1.53044e-06 -1.64599e-06 -4.0787e-07 3.03009e-06 8.68599e-06 1.4766e-05 1.71367e-05 1.01281e-05 -1.07286e-05 -4.43965e-05 -8.0298e-05 -9.76176e-05 -7.09487e-05 1.69209e-05 0.000158508 0.000309494 0.00039128 0.000315589 2.91906e-05 -0.000436272 -0.000935417 -0.00122839 -0.00106147 -0.000293981 0.000975648 0.00235246 0.00321559 0.00293343 0.00117105 -0.00182955 -0.00514565 -0.00736121 -0.00705636 -0.00346765 0.00293511 0.0102486 0.0155183 0.0157062 0.00898787 -0.00408117 -0.0200454 -0.033035 -0.0362846 -0.0243088 0.00495879 0.0488453 0.100015 0.148075 0.182311 0.194711 0.182311 0.148075 0.100015 0.0488453 0.00495879 -0.0243088 -0.0362846 -0.033035 -0.0200454 -0.00408117 0.00898787 0.0157062 0.0155183 0.0102486 0.00293511 -0.00346765 -0.00705636 -0.00736121 -0.00514565 -0.00182955 0.00117105 0.00293343 0.00321559 0.00235246 0.000975648 -0.000293981 -0.00106147 -0.00122839 -0.000935417 -0.000436272 2.91906e-05 0.000315589 0.00039128 0.000309494 0.000158508 1.69209e-05 -7.09487e-05 -9.76176e-05 -8.0298e-05 -4.43965e-05 -1.07286e-05 1.01281e-05 1.71367e-05 1.4766e-05 8.68599e-06 3.03009e-06 -4.0787e-07 -1.64599e-06 -1.53044e-06 -9.37365e-07 -4.00529e-07 -9.45969e-08 1.67582e-08 2.92465e-08 1.47022e-08 3.62415e-09</coefficients></responseFIR><responseFIR publicID="NRL/Nanometrics/TAURUS.0_4.20.LO.0_001/7" name="NRL/Nanometrics/TAURUS.0_4.20.LO.0_001/7"><gain>1</gain><decimationFactor>2</decimationFactor><delay>111</delay><correction>111</correction><numberOfCoefficients>223</numberOfCoefficients><symmetry>A</symmetry><coefficients>-2.4877e-10 4.73744e-09 1.24032e-08 2.18423e-09 -2.9735e-08 -2.7741e-08 4.8235e-08 9.04852e-08 -4.3772e-08 -2.02925e-07 -2.93251e-08 3.57677e-07 2.38076e-07 -5.05054e-07 -6.56661e-07 5.29514e-07 1.33303e-06 -2.35391e-07 -2.23456e-06 -6.43189e-07 3.17885e-06 2.39189e-06 -3.76643e-06 -5.21313e-06 3.34388e-06 9.06984e-06 -1.0342e-06 -1.34948e-05 -4.1282e-06 1.74081e-05 1.29325e-05 -1.90112e-05 -2.55982e-05 1.58385e-05 4.12985e-05 -5.05136e-06 -5.76943e-05 -1.59734e-05 7.06232e-05 4.87621e-05 -7.41183e-05 -9.2656e-05 6.09281e-05 0.000143704 -2.36571e-05 -0.000193818 -4.34607e-05 0.000230529 0.0001423 -0.000237697 -0.00026842 0.00019742 0.000408986 -9.32264e-05 -0.000541667 -8.56506e-05 0.000635146 0.000339424 -0.000651794 -0.000653162 0.000552734 0.000993533 -0.000305133 -0.00130802 -0.000108987 0.00152764 0.000683646 -0.00157381 -0.00138119 0.00136932 0.00212784 -0.000852739 -0.00281433 -5.43598e-06 0.00330293 0.00118724 -0.00344149 -0.00261502 0.00308386 0.00414554 -0.00211493 -0.00557267 0.000477543 0.00664017 0.00180254 -0.00706464 -0.00459738 0.00656694 0.0076669 -0.00490895 -0.0106603 0.00193106 0.0131289 0.00241487 -0.0145476 -0.00804248 0.0143373 0.0147221 -0.0118736 -0.0220889 0.00645106 0.0296694 0.00287172 -0.0369222 -0.0177763 0.0432915 0.0424836 -0.0482648 -0.0928087 0.0514286 0.313777 0.447486 0.313777 0.0514286 -0.0928087 -0.0482648 0.0424836 0.0432915 -0.0177763 -0.0369222 0.00287172 0.0296694 0.00645106 -0.0220889 -0.0118736 0.0147221 0.0143373 -0.00804248 -0.0145476 0.00241487 0.0131289 0.00193106 -0.0106603 -0.00490895 0.0076669 0.00656694 -0.00459738 -0.00706464 0.00180254 0.00664017 0.000477543 -0.00557267 -0.00211493 0.00414554 0.00308386 -0.00261502 -0.00344149 0.00118724 0.00330293 -5.43598e-06 -0.00281433 -0.000852739 0.00212784 0.00136932 -0.00138119 -0.00157381 0.000683646 0.00152764 -0.000108987 -0.00130802 -0.000305133 0.000993533 0.000552734 -0.000653162 -0.000651794 0.000339424 0.000635146 -8.56506e-05 -0.000541667 -9.32264e-05 0.000408986 0.00019742 -0.00026842 -0.000237697 0.0001423 0.000230529 -4.34607e-05 -0.000193818 -2.36571e-05 0.000143704 6.09281e-05 -9.2656e-05 -7.41183e-05 4.87621e-05 7.06232e-05 -1.59734e-05 -5.76943e-05 -5.05136e-06 4.12985e-05 1.58385e-05 -2.55982e-05 -1.90112e-05 1.29325e-05 1.74081e-05 -4.1282e-06 -1.34948e-05 -1.0342e-06 9.06984e-06 3.34388e-06 -5.21313e-06 -3.76643e-06 2.39189e-06 3.17885e-06 -6.43189e-07 -2.23456e-06 -2.35391e-07 1.33303e-06 5.29514e-07 -6.56661e-07 -5.05054e-07 2.38076e-07 3.57677e-07 -2.93251e-08 -2.02925e-07 -4.3772e-08 9.04852e-08 4.8235e-08 -2.7741e-08 -2.9735e-08 2.18423e-09 1.24032e-08 4.73744e-09 -2.4877e-10</coefficients></responseFIR><responseFIR publicID="NRL/Nanometrics/TAURUS.0_4.40.LO.0_001/3" name="NRL/Nanometrics/TAURUS.0_4.40.LO.0_001/3"><gain>1000000</gain><decimationFactor>1</decimationFactor><delay>0</delay><correction>0</correction><numberOfCoefficients>1</numberOfCoefficients><symmetry>A</symmetry><coefficients>1</coefficients></responseFIR><responseFIR publicID="NRL/Nanometrics/TAURUS.0_4.40.LO.0_001/4" name="NRL/Nanometrics/TAURUS.0_4.40.LO.0_001/4"><gain>1</gain><decimationFactor>15</decimationFactor><delay>87.99999</delay><correction>87.99999</correction><numberOfCoefficients>177</numberOfCoefficients><symmetry>A</symmetry><coefficients>-1.50596e-10 -1.49886e-10 -1.00311e-10 1.25946e-10 7.96045e-10 2.42983e-09 5.98254e-09 1.31276e-08 2.66781e-08 5.11949e-08 9.38368e-08 1.65513e-07 2.82403e-07 4.67904e-07 7.55046e-07 1.18942e-06 1.83258e-06 2.7659e-06 4.09467e-06 5.95239e-06 8.50469e-06 1.19527e-05 1.65353e-05 2.25292e-05 3.02465e-05 4.00291e-05 5.22379e-05 6.72375e-05 8.53738e-05 0.000106946 0.000132169 0.000161134 0.000193754 0.000229712 0.000268398 0.000308854 0.000349711 0.00038914 0.000424811 0.00045387 0.000472936 0.000478133 0.000465151 0.000429345 0.000365887 0.000269951 0.000136952 -3.71723e-05 -0.000255641 -0.000520481 -0.00083216 -0.00118921 -0.00158785 -0.0020217 -0.00248145 -0.00295468 -0.00342576 -0.00387587 -0.0042831 -0.00462279 -0.00486795 -0.00498988 -0.00495889 -0.00474523 -0.0043201 -0.00365672 -0.00273148 -0.00152512 -2.38364e-05 0.00177968 0.00388537 0.00628506 0.00896202 0.0118907 0.0150369 0.018358 0.0218039 0.0253179 0.0288377 0.0322978 0.0356302 0.038767 0.0416424 0.0441942 0.0463659 0.0481089 0.0493834 0.0501602 0.0504211 0.0501602 0.0493834 0.0481089 0.0463659 0.0441942 0.0416424 0.038767 0.0356302 0.0322978 0.0288377 0.0253179 0.0218039 0.018358 0.0150369 0.0118907 0.00896202 0.00628506 0.00388537 0.00177968 -2.38364e-05 -0.00152512 -0.00273148 -0.00365672 -0.0043201 -0.00474523 -0.00495889 -0.00498988 -0.00486795 -0.00462279 -0.0042831 -0.00387587 -0.00342576 -0.00295468 -0.00248145 -0.0020217 -0.00158785 -0.00118921 -0.00083216 -0.000520481 -0.000255641 -3.71723e-05 0.000136952 0.000269951 0.000365887 0.000429345 0.000465151 0.000478133 0.000472936 0.00045387 0.000424811 0.00038914 0.000349711 0.000308854 0.000268398 0.000229712 0.000193754 0.000161134 0.000132169 0.000106946 8.53738e-05 6.72375e-05 5.22379e-05 4.00291e-05 3.02465e-05 2.25292e-05 1.65353e-05 1.19527e-05 8.50469e-06 5.95239e-06 4.09467e-06 2.7659e-06 1.83258e-06 1.18942e-06 7.55046e-07 4.67904e-07 2.82403e-07 1.65513e-07 9.38368e-08 5.11949e-08 2.66781e-08 1.31276e-08 5.98254e-09 2.42983e-09 7.96045e-10 1.25946e-10 -1.00311e-10 -1.49886e-10 -1.50596e-10</coefficients></responseFIR><responseFIR publicID="NRL/Nanometrics/TAURUS.0_4.40.LO.0_001/5" name="NRL/Nanometrics/TAURUS.0_4.40.LO.0_001/5"><gain>1</gain><decimationFactor>5</decimationFactor><delay>35</delay><correction>35</correction><numberOfCoefficients>71</numberOfCoefficients><symmetry>A</symmetry><coefficients>-1.40023e-08 -1.25506e-07 -6.07492e-07 -2.04687e-06 -5.23635e-06 -1.04277e-05 -1.56651e-05 -1.46714e-05 3.8669e-06 5.25492e-05 0.000134545 0.000227328 0.000269409 0.000165389 -0.000175421 -0.000764991 -0.00145211 -0.00188164 -0.00156238 -7.9306e-05 0.00258843 0.00577767 0.0080777 0.00766531 0.00306602 -0.00585956 -0.0171185 -0.0264597 -0.0282353 -0.0171837 0.0093947 0.0499107 0.0980348 0.14394 0.176996 0.189035 0.176996 0.14394 0.0980348 0.0499107 0.0093947 -0.0171837 -0.0282353 -0.0264597 -0.0171185 -0.00585956 0.00306602 0.00766531 0.0080777 0.00577767 0.00258843 -7.9306e-05 -0.00156238 -0.00188164 -0.00145211 -0.000764991 -0.000175421 0.000165389 0.000269409 0.000227328 0.000134545 5.25492e-05 3.8669e-06 -1.46714e-05 -1.56651e-05 -1.04277e-05 -5.23635e-06 -2.04687e-06 -6.07492e-07 -1.25506e-07 -1.40023e-08</coefficients></responseFIR><responseFIR publicID="NRL/Nanometrics/TAURUS.0_4.40.LO.0_001/6" name="NRL/Nanometrics/TAURUS.0_4.40.LO.0_001/6"><gain>1</gain><decimationFactor>5</decimationFactor><delay>56</delay><correction>56</correction><numberOfCoefficients>113</numberOfCoefficients><symmetry>A</symmetry><coefficients>3.62415e-09 1.47022e-08 2.92465e-08 1.67582e-08 -9.45969e-08 -4.00529e-07 -9.37365e-07 -1.53044e-06 -1.64599e-06 -4.0787e-07 3.03009e-06 8.68599e-06 1.4766e-05 1.71367e-05 1.01281e-05 -1.07286e-05 -4.43965e-05 -8.0298e-05 -9.76176e-05 -7.09487e-05 1.69209e-05 0.000158508 0.000309494 0.00039128 0.000315589 2.91906e-05 -0.000436272 -0.000935417 -0.00122839 -0.00106147 -0.000293981 0.000975648 0.00235246 0.00321559 0.00293343 0.00117105 -0.00182955 -0.00514565 -0.00736121 -0.00705636 -0.00346765 0.00293511 0.0102486 0.0155183 0.0157062 0.00898787 -0.00408117 -0.0200454 -0.033035 -0.0362846 -0.0243088 0.00495879 0.0488453 0.100015 0.148075 0.182311 0.194711 0.182311 0.148075 0.100015 0.0488453 0.00495879 -0.0243088 -0.0362846 -0.033035 -0.0200454 -0.00408117 0.00898787 0.0157062 0.0155183 0.0102486 0.00293511 -0.00346765 -0.00705636 -0.00736121 -0.00514565 -0.00182955 0.00117105 0.00293343 0.00321559 0.00235246 0.000975648 -0.000293981 -0.00106147 -0.00122839 -0.000935417 -0.000436272 2.91906e-05 0.000315589 0.00039128 0.000309494 0.000158508 1.69209e-05 -7.09487e-05 -9.76176e-05 -8.0298e-05 -4.43965e-05 -1.07286e-05 1.01281e-05 1.71367e-05 1.4766e-05 8.68599e-06 3.03009e-06 -4.0787e-07 -1.64599e-06 -1.53044e-06 -9.37365e-07 -4.00529e-07 -9.45969e-08 1.67582e-08 2.92465e-08 1.47022e-08 3.62415e-09</coefficients></responseFIR><responseFIR publicID="NRL/Nanometrics/TAURUS.0_4.40.LO.0_001/7" name="NRL/Nanometrics/TAURUS.0_4.40.LO.0_001/7"><gain>1</gain><decimationFactor>2</decimationFactor><delay>111</delay><correction>111</correction><numberOfCoefficients>223</numberOfCoefficients><symmetry>A</symmetry><coefficients>-2.4877e-10 4.73744e-09 1.24032e-08 2.18423e-09 -2.9735e-08 -2.7741e-08 4.8235e-08 9.04852e-08 -4.3772e-08 -2.02925e-07 -2.93251e-08 3.57677e-07 2.38076e-07 -5.05054e-07 -6.56661e-07 5.29514e-07 1.33303e-06 -2.35391e-07 -2.23456e-06 -6.43189e-07 3.17885e-06 2.39189e-06 -3.76643e-06 -5.21313e-06 3.34388e-06 9.06984e-06 -1.0342e-06 -1.34948e-05 -4.1282e-06 1.74081e-05 1.29325e-05 -1.90112e-05 -2.55982e-05 1.58385e-05 4.12985e-05 -5.05136e-06 -5.76943e-05 -1.59734e-05 7.06232e-05 4.87621e-05 -7.41183e-05 -9.2656e-05 6.09281e-05 0.000143704 -2.36571e-05 -0.000193818 -4.34607e-05 0.000230529 0.0001423 -0.000237697 -0.00026842 0.00019742 0.000408986 -9.32264e-05 -0.000541667 -8.56506e-05 0.000635146 0.000339424 -0.000651794 -0.000653162 0.000552734 0.000993533 -0.000305133 -0.00130802 -0.000108987 0.00152764 0.000683646 -0.00157381 -0.00138119 0.00136932 0.00212784 -0.000852739 -0.00281433 -5.43598e-06 0.00330293 0.00118724 -0.00344149 -0.00261502 0.00308386 0.00414554 -0.00211493 -0.00557267 0.000477543 0.00664017 0.00180254 -0.00706464 -0.00459738 0.00656694 0.0076669 -0.00490895 -0.0106603 0.00193106 0.0131289 0.00241487 -0.0145476 -0.00804248 0.0143373 0.0147221 -0.0118736 -0.0220889 0.00645106 0.0296694 0.00287172 -0.0369222 -0.0177763 0.0432915 0.0424836 -0.0482648 -0.0928087 0.0514286 0.313777 0.447486 0.313777 0.0514286 -0.0928087 -0.0482648 0.0424836 0.0432915 -0.0177763 -0.0369222 0.00287172 0.0296694 0.00645106 -0.0220889 -0.0118736 0.0147221 0.0143373 -0.00804248 -0.0145476 0.00241487 0.0131289 0.00193106 -0.0106603 -0.00490895 0.0076669 0.00656694 -0.00459738 -0.00706464 0.00180254 0.00664017 0.000477543 -0.00557267 -0.00211493 0.00414554 0.00308386 -0.00261502 -0.00344149 0.00118724 0.00330293 -5.43598e-06 -0.00281433 -0.000852739 0.00212784 0.00136932 -0.00138119 -0.00157381 0.000683646 0.00152764 -0.000108987 -0.00130802 -0.000305133 0.000993533 0.000552734 -0.000653162 -0.000651794 0.000339424 0.000635146 -8.56506e-05 -0.000541667 -9.32264e-05 0.000408986 0.00019742 -0.00026842 -0.000237697 0.0001423 0.000230529 -4.34607e-05 -0.000193818 -2.36571e-05 0.000143704 6.09281e-05 -9.2656e-05 -7.41183e-05 4.87621e-05 7.06232e-05 -1.59734e-05 -5.76943e-05 -5.05136e-06 4.12985e-05 1.58385e-05 -2.55982e-05 -1.90112e-05 1.29325e-05 1.74081e-05 -4.1282e-06 -1.34948e-05 -1.0342e-06 9.06984e-06 3.34388e-06 -5.21313e-06 -3.76643e-06 2.39189e-06 3.17885e-06 -6.43189e-07 -2.23456e-06 -2.35391e-07 1.33303e-06 5.29514e-07 -6.56661e-07 -5.05054e-07 2.38076e-07 3.57677e-07 -2.93251e-08 -2.02925e-07 -4.3772e-08 9.04852e-08 4.8235e-08 -2.7741e-08 -2.9735e-08 2.18423e-09 1.24032e-08 4.73744e-09 -2.4877e-10</coefficients></responseFIR><responseFIR publicID="NRL/Nanometrics/TAURUS.0_4.100.LO.0_001/3" name="NRL/Nanometrics/TAURUS.0_4.100.LO.0_001/3"><gain>1000000</gain><decimationFactor>1</decimationFactor><delay>0</delay><correction>0</correction><numberOfCoefficients>1</numberOfCoefficients><symmetry>A</symmetry><coefficients>1</coefficients></responseFIR><responseFIR publicID="NRL/Nanometrics/TAURUS.0_4.100.LO.0_001/4" name="NRL/Nanometrics/TAURUS.0_4.100.LO.0_001/4"><gain>1</gain><decimationFactor>15</decimationFactor><delay>81.99999</delay><correction>81.99999</correction><numberOfCoefficients>165</numberOfCoefficients><symmetry>A</symmetry><coefficients>-4.04791e-10 -1.39029e-10 6.728e-10 2.75797e-09 7.54651e-09 1.76668e-08 3.76936e-08 7.52313e-08 1.42425e-07 2.57999e-07 4.49904e-07 7.58655e-07 1.24139e-06 1.97658e-06 3.06939e-06 4.65728e-06 6.91569e-06 1.00631e-05 1.43649e-05 2.0135e-05 2.77346e-05 3.75661e-05 5.00617e-05 6.56652e-05 8.48049e-05 0.000107859 0.000135108 0.000166685 0.000202505 0.0002422 0.000285038 0.00032985 0.000374956 0.000418099 0.0004564 0.000486339 0.000503757 0.000503913 0.00048158 0.000431195 0.000347068 0.000223655 5.58818e-05 -0.000160476 -0.000428365 -0.000749008 -0.00112143 -0.00154201 -0.00200406 -0.00249746 -0.00300841 -0.00351925 -0.00400852 -0.00445107 -0.00481847 -0.00507953 -0.00520107 -0.00514889 -0.00488884 -0.00438813 -0.00361664 -0.0025484 -0.00116293 0.00055335 0.00260595 0.00499129 0.00769592 0.0106961 0.0139576 0.0174363 0.0210783 0.0248217 0.0285976 0.0323318 0.0359474 0.0393664 0.0425127 0.0453141 0.0477047 0.0496275 0.0510356 0.0518947 0.0521834 0.0518947 0.0510356 0.0496275 0.0477047 0.0453141 0.0425127 0.0393664 0.0359474 0.0323318 0.0285976 0.0248217 0.0210783 0.0174363 0.0139576 0.0106961 0.00769592 0.00499129 0.00260595 0.00055335 -0.00116293 -0.0025484 -0.00361664 -0.00438813 -0.00488884 -0.00514889 -0.00520107 -0.00507953 -0.00481847 -0.00445107 -0.00400852 -0.00351925 -0.00300841 -0.00249746 -0.00200406 -0.00154201 -0.00112143 -0.000749008 -0.000428365 -0.000160476 5.58818e-05 0.000223655 0.000347068 0.000431195 0.00048158 0.000503913 0.000503757 0.000486339 0.0004564 0.000418099 0.000374956 0.00032985 0.000285038 0.0002422 0.000202505 0.000166685 0.000135108 0.000107859 8.48049e-05 6.56652e-05 5.00617e-05 3.75661e-05 2.77346e-05 2.0135e-05 1.43649e-05 1.00631e-05 6.91569e-06 4.65728e-06 3.06939e-06 1.97658e-06 1.24139e-06 7.58655e-07 4.49904e-07 2.57999e-07 1.42425e-07 7.52313e-08 3.76936e-08 1.76668e-08 7.54651e-09 2.75797e-09 6.728e-10 -1.39029e-10 -4.04791e-10</coefficients></responseFIR><responseFIR publicID="NRL/Nanometrics/TAURUS.0_4.100.LO.0_001/5" name="NRL/Nanometrics/TAURUS.0_4.100.LO.0_001/5"><gain>1</gain><decimationFactor>10</decimationFactor><delay>93</delay><correction>93</correction><numberOfCoefficients>187</numberOfCoefficients><symmetry>A</symmetry><coefficients>8.46923e-10 2.27422e-09 4.53895e-09 6.87379e-09 7.10904e-09 7.62784e-10 -1.98301e-08 -6.60994e-08 -1.53114e-07 -2.98249e-07 -5.18152e-07 -8.23636e-07 -1.21248e-06 -1.66055e-06 -2.11247e-06 -2.47353e-06 -2.60562e-06 -2.33013e-06 -1.44098e-06 2.69804e-07 2.97271e-06 6.74886e-06 1.15296e-05 1.70354e-05 2.27248e-05 2.7767e-05 3.10537e-05 3.1263e-05 2.69861e-05 1.69189e-05 1.11176e-07 -2.37456e-05 -5.40267e-05 -8.89227e-05 -0.000125282 -0.000158604 -0.000183236 -0.000192798 -0.000180864 -0.00014185 -7.2067e-05 2.91938e-05 0.000158665 0.000308386 0.000465422 0.000612198 0.000727547 0.000788512 0.000772858 0.000662123 0.000444926 0.000120161 -0.000300369 -0.000790361 -0.00130887 -0.00180202 -0.00220662 -0.00245579 -0.00248619 -0.00224631 -0.00170503 -0.000859463 0.000259011 0.00158157 0.0030025 0.00438414 0.00556632 0.00638 0.0066644 0.00628604 0.00515814 0.0032582 0.000641682 -0.00255018 -0.00609006 -0.0096727 -0.0129317 -0.0154642 -0.0168626 -0.016749 -0.0148125 -0.0108426 -0.00475778 0.00337489 0.0133318 0.0247374 0.0370816 0.0497507 0.062067 0.0733368 0.0829015 0.0901866 0.0947464 0.0962985 0.0947464 0.0901866 0.0829015 0.0733368 0.062067 0.0497507 0.0370816 0.0247374 0.0133318 0.00337489 -0.00475778 -0.0108426 -0.0148125 -0.016749 -0.0168626 -0.0154642 -0.0129317 -0.0096727 -0.00609006 -0.00255018 0.000641682 0.0032582 0.00515814 0.00628604 0.0066644 0.00638 0.00556632 0.00438414 0.0030025 0.00158157 0.000259011 -0.000859463 -0.00170503 -0.00224631 -0.00248619 -0.00245579 -0.00220662 -0.00180202 -0.00130887 -0.000790361 -0.000300369 0.000120161 0.000444926 0.000662123 0.000772858 0.000788512 0.000727547 0.000612198 0.000465422 0.000308386 0.000158665 2.91938e-05 -7.2067e-05 -0.00014185 -0.000180864 -0.000192798 -0.000183236 -0.000158604 -0.000125282 -8.89227e-05 -5.40267e-05 -2.37456e-05 1.11176e-07 1.69189e-05 2.69861e-05 3.1263e-05 3.10537e-05 2.7767e-05 2.27248e-05 1.70354e-05 1.15296e-05 6.74886e-06 2.97271e-06 2.69804e-07 -1.44098e-06 -2.33013e-06 -2.60562e-06 -2.47353e-06 -2.11247e-06 -1.66055e-06 -1.21248e-06 -8.23636e-07 -5.18152e-07 -2.98249e-07 -1.53114e-07 -6.60994e-08 -1.98301e-08 7.62784e-10 7.10904e-09 6.87379e-09 4.53895e-09 2.27422e-09 8.46923e-10</coefficients></responseFIR><responseFIR publicID="NRL/Nanometrics/TAURUS.0_4.100.LO.0_001/6" name="NRL/Nanometrics/TAURUS.0_4.100.LO.0_001/6"><gain>1</gain><decimationFactor>2</decimationFactor><delay>111</delay><correction>111</correction><numberOfCoefficients>223</numberOfCoefficients><symmetry>A</symmetry><coefficients>-2.4877e-10 4.73744e-09 1.24032e-08 2.18423e-09 -2.9735e-08 -2.7741e-08 4.8235e-08 9.04852e-08 -4.3772e-08 -2.02925e-07 -2.93251e-08 3.57677e-07 2.38076e-07 -5.05054e-07 -6.56661e-07 5.29514e-07 1.33303e-06 -2.35391e-07 -2.23456e-06 -6.43189e-07 3.17885e-06 2.39189e-06 -3.76643e-06 -5.21313e-06 3.34388e-06 9.06984e-06 -1.0342e-06 -1.34948e-05 -4.1282e-06 1.74081e-05 1.29325e-05 -1.90112e-05 -2.55982e-05 1.58385e-05 4.12985e-05 -5.05136e-06 -5.76943e-05 -1.59734e-05 7.06232e-05 4.87621e-05 -7.41183e-05 -9.2656e-05 6.09281e-05 0.000143704 -2.36571e-05 -0.000193818 -4.34607e-05 0.000230529 0.0001423 -0.000237697 -0.00026842 0.00019742 0.000408986 -9.32264e-05 -0.000541667 -8.56506e-05 0.000635146 0.000339424 -0.000651794 -0.000653162 0.000552734 0.000993533 -0.000305133 -0.00130802 -0.000108987 0.00152764 0.000683646 -0.00157381 -0.00138119 0.00136932 0.00212784 -0.000852739 -0.00281433 -5.43598e-06 0.00330293 0.00118724 -0.00344149 -0.00261502 0.00308386 0.00414554 -0.00211493 -0.00557267 0.000477543 0.00664017 0.00180254 -0.00706464 -0.00459738 0.00656694 0.0076669 -0.00490895 -0.0106603 0.00193106 0.0131289 0.00241487 -0.0145476 -0.00804248 0.0143373 0.0147221 -0.0118736 -0.0220889 0.00645106 0.0296694 0.00287172 -0.0369222 -0.0177763 0.0432915 0.0424836 -0.0482648 -0.0928087 0.0514286 0.313777 0.447486 0.313777 0.0514286 -0.0928087 -0.0482648 0.0424836 0.0432915 -0.0177763 -0.0369222 0.00287172 0.0296694 0.00645106 -0.0220889 -0.0118736 0.0147221 0.0143373 -0.00804248 -0.0145476 0.00241487 0.0131289 0.00193106 -0.0106603 -0.00490895 0.0076669 0.00656694 -0.00459738 -0.00706464 0.00180254 0.00664017 0.000477543 -0.00557267 -0.00211493 0.00414554 0.00308386 -0.00261502 -0.00344149 0.00118724 0.00330293 -5.43598e-06 -0.00281433 -0.000852739 0.00212784 0.00136932 -0.00138119 -0.00157381 0.000683646 0.00152764 -0.000108987 -0.00130802 -0.000305133 0.000993533 0.000552734 -0.000653162 -0.000651794 0.000339424 0.000635146 -8.56506e-05 -0.000541667 -9.32264e-05 0.000408986 0.00019742 -0.00026842 -0.000237697 0.0001423 0.000230529 -4.34607e-05 -0.000193818 -2.36571e-05 0.000143704 6.09281e-05 -9.2656e-05 -7.41183e-05 4.87621e-05 7.06232e-05 -1.59734e-05 -5.76943e-05 -5.05136e-06 4.12985e-05 1.58385e-05 -2.55982e-05 -1.90112e-05 1.29325e-05 1.74081e-05 -4.1282e-06 -1.34948e-05 -1.0342e-06 9.06984e-06 3.34388e-06 -5.21313e-06 -3.76643e-06 2.39189e-06 3.17885e-06 -6.43189e-07 -2.23456e-06 -2.35391e-07 1.33303e-06 5.29514e-07 -6.56661e-07 -5.05054e-07 2.38076e-07 3.57677e-07 -2.93251e-08 -2.02925e-07 -4.3772e-08 9.04852e-08 4.8235e-08 -2.7741e-08 -2.9735e-08 2.18423e-09 1.24032e-08 4.73744e-09 -2.4877e-10</coefficients></responseFIR><responseFIR publicID="ResponseFIR/20210812124112.707532.9" name="FIR_SMOOTH_RESP"><gain>1</gain><gainFrequency>0.005</gainFrequency><decimationFactor>5</decimationFactor><delay>250</delay><correction>250</correction><numberOfCoefficients>251</numberOfCoefficients><symmetry>B</symmetry><coefficients>-1.391e-09 -7.59e-11 1.4201e-09 2.8499e-09 3.8191e-09 3.8216e-09 2.4064e-09 -5.62e-10 -4.655e-09 -8.77e-09 -1.129e-08 -1.053e-08 -5.43e-09 3.7941e-09 1.5211e-08 2.5312e-08 2.9805e-08 2.5e-08 9.4253e-09 -1.487e-08 -4.193e-08 -6.285e-08 -6.815e-08 -5.108e-08 -1.088e-08 4.5128e-08 1.0186e-07 1.3964e-07 1.3993e-07 9.2249e-08 4.936e-22 -1.17e-07 -2.25e-07 -2.847e-07 -2.635e-07 -1.482e-07 4.5393e-08 2.7099e-07 4.602e-07 5.4077e-07 4.6032e-07 2.0862e-07 -1.693e-07 -5.759e-07 -8.825e-07 -9.658e-07 -7.499e-07 -2.424e-07 4.5091e-07 1.1408e-06 1.6002e-06 1.6321e-06 1.1403e-06 1.8159e-07 -1.023e-06 -2.13e-06 -2.76e-06 -2.621e-06 -1.611e-06 1.0181e-07 2.0952e-06 3.7774e-06 4.5513e-06 4.0075e-06 2.0894e-06 -8.27e-07 -3.98e-06 -6.402e-06 -7.197e-06 -5.84e-06 -2.409e-06 2.3435e-06 7.1217e-06 1.0413e-05 1.0939e-05 8.0983e-06 2.2657e-06 -5.176e-06 -1.212e-05 -1.631e-05 -1.601e-05 -1.064e-05 -1.152e-06 1.0076e-05 1.9771e-05 2.4673e-05 2.2567e-05 1.3128e-05 -1.713e-06 -1.807e-05 -3.103e-05 -3.61e-05 -3.064e-05 -1.494e-05 7.4666e-06 3.0483e-05 4.7039e-05 5.1163e-05 3.9988e-05 1.504e-05 -1.768e-05 -4.9e-05 -6.907e-05 -7.029e-05 -5.001e-05 -1.19e-05 3.442e-05 7.5627e-05 9.8424e-05 9.3643e-05 5.9568e-05 3.3207e-06 -6.033e-05 -0.0001127 -0.0001363 -0.0001209 -6.679e-05 1.364e-05 9.8608e-05 0.00016258 0.00018375 0.00015108 6.8926e-05 -4.279e-05 -0.000153 -0.0002279 -0.0002411 -0.0001823 -6.213e-05 8.8865e-05 0.00022777 0.00031113 0.00030816 0.00021143 4.1309e-05 -0.0001575 -0.0003274 -0.0004141 -0.0003834 -0.000234 -5.8e-19 0.00025528 0.00045651 0.0005379 0.0004641 0.00024365 -6.973e-05 -0.0003895 -0.0006195 -0.0006826 -0.0005455 -0.0002323 0.0001773 0.00056793 0.00082024 0.00084672 0.00062072 0.0001896 -0.0003336 -0.0007989 -0.001062 -0.001027 -0.0006805 -0.0001029 0.00055094 0.0010906 0.0013451 0.001216 0.00071256 -4.293e-05 -0.000843 -0.001451 -0.001671 -0.001406 -0.0007014 0.00026577 0.001225 0.0018884 0.0020358 0.0015852 0.00062782 -0.0005867 -0.001714 -0.00241 -0.002436 -0.001736 -0.000468 0.0010307 0.0023284 0.0030232 0.0028646 0.0018395 0.00019253 -0.001629 -0.003093 -0.003737 -0.003312 -0.001868 0.00023649 0.0024201 0.0040371 0.0045645 0.003767 0.001787 -0.0008699 -0.00346 -0.005206 -0.005525 -0.004216 -0.00155 0.001781 0.0048318 0.0066707 0.0066554 0.0046461 0.0010854 -0.003087 -0.006674 -0.008556 -0.008027 -0.005041 -0.0002778 0.0049956 0.0092465 0.0111073 0.0097932 0.0053882 -0.001098 -0.007935 -0.013107 -0.014876 -0.012316 -0.005673 0.0035677 0.012968 0.0197157 0.0213811 0.016657 0.0058855 -0.008789 -0.023714 -0.034448 -0.03674 -0.027574 -0.006016 0.0263517 0.0655388 0.105794 0.1406814 0.1643509 0.1727273</coefficients></responseFIR><responseFIR publicID="ResponseFIR/20210812124112.707747.11" name="ResponseFIR/20210812124112.707747.11"><gain>1</gain><gainFrequency>0.005</gainFrequency><decimationFactor>4</decimationFactor><delay>250</delay><correction>250</correction><numberOfCoefficients>251</numberOfCoefficients><symmetry>B</symmetry><coefficients>-9.3e-10 -2.333e-09 -2.828e-09 -2.02e-09 1.412e-10 3.0604e-09 5.4084e-09 5.5232e-09 2.3078e-09 -3.765e-09 -1.021e-08 -1.321e-08 -9.497e-09 1.411e-09 1.5759e-08 2.6268e-08 2.5262e-08 9.1775e-09 -1.786e-08 -4.384e-08 -5.336e-08 -3.556e-08 8.0923e-09 6.076e-08 9.5284e-08 8.6691e-08 2.714e-08 -6.465e-08 -1.465e-07 -1.699e-07 -1.06e-07 3.3362e-08 1.9111e-07 2.8514e-07 2.4748e-07 6.5566e-08 -1.97e-07 -4.167e-07 -4.637e-07 -2.715e-07 1.1192e-07 5.2335e-07 7.4722e-07 6.2083e-07 1.3441e-07 -5.299e-07 -1.055e-06 -1.13e-06 -6.202e-07 3.2411e-07 1.2901e-06 1.7691e-06 1.4092e-06 2.348e-07 -1.293e-06 -2.435e-06 -2.516e-06 -1.291e-06 8.3841e-07 2.9226e-06 3.8589e-06 2.9488e-06 3.3737e-07 -2.912e-06 -5.213e-06 -5.202e-06 -2.486e-06 1.9806e-06 6.1706e-06 7.8606e-06 5.7609e-06 3.4063e-07 -6.13e-06 -1.047e-05 -1.01e-05 -4.467e-06 4.3388e-06 1.2267e-05 1.5099e-05 1.0606e-05 -2.07e-19 -1.218e-05 -1.99e-05 -1.856e-05 -7.539e-06 8.9129e-06 2.314e-05 2.7553e-05 1.8527e-05 -1.183e-06 -2.298e-05 -3.603e-05 -3.251e-05 -1.2e-05 1.7316e-05 4.1669e-05 4.804e-05 3.0876e-05 -4.118e-06 -4.145e-05 -6.248e-05 -5.452e-05 -1.803e-05 3.2027e-05 7.1978e-05 8.0409e-05 4.9294e-05 -1.034e-05 -7.176e-05 -0.0001042 -8.793e-05 -2.558e-05 5.6705e-05 0.00011976 0.00012971 7.5657e-05 -2.23e-05 -0.0001198 -0.0001677 -0.0001368 -3.411e-05 9.6539e-05 0.00019259 0.00020233 0.00011194 -4.365e-05 -0.0001933 -0.0002615 -0.0002061 -4.236e-05 0.00015866 0.0003003 0.0003061 0.00016003 -7.971e-05 -0.0003026 -0.000396 -0.0003013 -4.797e-05 0.00025258 0.00045526 0.00045037 0.0002215 -0.0001378 -0.0004609 -0.000584 -0.0004285 -4.71e-05 0.00039076 0.00067289 0.00064609 0.00029728 -0.0002281 -0.0006848 -0.000841 -0.0005945 -3.392e-05 0.00058933 0.00097226 0.00090614 0.00038744 -0.0003639 -0.0009954 -0.001186 -0.0008066 7.622e-18 0.0008692 0.0013773 0.0012459 0.00049089 -0.0005633 -0.00142 -0.001642 -0.001073 6.6582e-05 0.0012581 0.001919 0.0016849 0.00060526 -0.0008508 -0.001995 -0.002241 -0.001405 0.00018272 0.0017944 0.0026403 0.00225 0.00072682 -0.001262 -0.002772 -0.003029 -0.001817 0.00037317 0.0025352 0.0036059 0.0029824 0.00085066 -0.00185 -0.003834 -0.004078 -0.002336 0.00067678 0.003574 0.0049247 0.0039544 0.00097089 -0.002708 -0.005326 -0.005521 -0.003015 0.0011616 0.0050841 0.0068051 0.0053092 0.0010811 -0.004015 -0.007542 -0.007636 -0.003969 0.0019675 0.0074414 0.0097138 0.0073799 0.001175 -0.006195 -0.011197 -0.011125 -0.005505 0.0034537 0.0116646 0.0149651 0.0111449 0.0012468 -0.01056 -0.018628 -0.018394 -0.008742 0.0069643 0.0218361 0.0282029 0.0211397 0.0012918 -0.024337 -0.044225 -0.046344 -0.022915 0.0259257 0.0911102 0.1568689 0.2055759 0.2235294</coefficients></responseFIR><network publicID="Network#20150806153749.459864.2" code="IA"><start>1980-01-01T00:00:00.0000Z</start><description>BMG-Net, Indonesia (IA-Net)</description><institutions>BMG</institutions><region>Indonesia</region><type>BB</type><netClass>p</netClass><archive>GFZ</archive><restricted>true</restricted><shared>false</shared><station publicID="Station#20150806153749.539387.79" code="DBJI" archiveNetworkCode="IA"><start>2007-01-01T00:00:00.0000Z</start><description>Station Dramaga, Java</description><latitude>-6.5538</latitude><longitude>106.7497</longitude><elevation>210.84</elevation><place>Dramaga</place><country>Java</country><archive>GFZ</archive><restricted>true</restricted><shared>false</shared><sensorLocation publicID="SensorLocation#20150806153749.539416.80" code=""><start>2007-01-01T00:00:00.0000Z</start><latitude>-6.5538</latitude><longitude>106.7497</longitude><elevation>210.84</elevation><stream publicID="Stream/20191013080002.107944.3187" code="BHE" datalogger="NRL/Nanometrics/TAURUS.0_4.20.LO.0_001" sensor="NRL/Geodevice/BBVS.120.1000"><start>2007-01-01T00:00:00.0000Z</start><end>2017-11-10T09:00:00.0000Z</end><dataloggerSerialNumber>xxxx</dataloggerSerialNumber><dataloggerChannel>2</dataloggerChannel><sensorSerialNumber>yyyy</sensorSerialNumber><sensorChannel>2</sensorChannel><sampleRateNumerator>20</sampleRateNumerator><sampleRateDenominator>1</sampleRateDenominator><depth>0</depth><azimuth>90</azimuth><dip>0</dip><gain>399998800</gain><gainFrequency>0.1</gainFrequency><gainUnit>M/S</gainUnit><format>Steim2</format><flags>GC</flags><restricted>true</restricted><shared>true</shared></stream><stream publicID="Stream/20191013080002.107962.3188" code="BHN" datalogger="NRL/Nanometrics/TAURUS.0_4.20.LO.0_001" sensor="NRL/Geodevice/BBVS.120.1000"><start>2007-01-01T00:00:00.0000Z</start><end>2017-11-10T09:00:00.0000Z</end><dataloggerSerialNumber>xxxx</dataloggerSerialNumber><dataloggerChannel>1</dataloggerChannel><sensorSerialNumber>yyyy</sensorSerialNumber><sensorChannel>1</sensorChannel><sampleRateNumerator>20</sampleRateNumerator><sampleRateDenominator>1</sampleRateDenominator><depth>0</depth><azimuth>0</azimuth><dip>0</dip><gain>399998800</gain><gainFrequency>0.1</gainFrequency><gainUnit>M/S</gainUnit><format>Steim2</format><flags>GC</flags><restricted>true</restricted><shared>true</shared></stream><stream publicID="Stream/20191013080002.107974.3189" code="BHZ" datalogger="NRL/Nanometrics/TAURUS.0_4.20.LO.0_001" sensor="NRL/Geodevice/BBVS.120.1000"><start>2007-01-01T00:00:00.0000Z</start><end>2017-11-10T09:00:00.0000Z</end><dataloggerSerialNumber>xxxx</dataloggerSerialNumber><dataloggerChannel>0</dataloggerChannel><sensorSerialNumber>yyyy</sensorSerialNumber><sensorChannel>0</sensorChannel><sampleRateNumerator>20</sampleRateNumerator><sampleRateDenominator>1</sampleRateDenominator><depth>0</depth><azimuth>0</azimuth><dip>-90</dip><gain>399998800</gain><gainFrequency>0.1</gainFrequency><gainUnit>M/S</gainUnit><format>Steim2</format><flags>GC</flags><restricted>true</restricted><shared>true</shared></stream><stream publicID="Stream/20191013080002.107985.3190" code="SHE" datalogger="NRL/Nanometrics/TAURUS.0_4.40.LO.0_001" sensor="NRL/Geodevice/BBVS.120.1000"><start>2007-01-01T00:00:00.0000Z</start><end>2017-11-10T09:00:00.0000Z</end><dataloggerSerialNumber>xxxx</dataloggerSerialNumber><dataloggerChannel>2</dataloggerChannel><sensorSerialNumber>yyyy</sensorSerialNumber><sensorChannel>2</sensorChannel><sampleRateNumerator>40</sampleRateNumerator><sampleRateDenominator>1</sampleRateDenominator><depth>0</depth><azimuth>90</azimuth><dip>0</dip><gain>399998800</gain><gainFrequency>0.1</gainFrequency><gainUnit>M/S</gainUnit><format>Steim2</format><flags>GC</flags><restricted>true</restricted><shared>true</shared></stream><stream publicID="Stream/20191013080002.107995.3191" code="SHN" datalogger="NRL/Nanometrics/TAURUS.0_4.40.LO.0_001" sensor="NRL/Geodevice/BBVS.120.1000"><start>2007-01-01T00:00:00.0000Z</start><end>2017-11-10T09:00:00.0000Z</end><dataloggerSerialNumber>xxxx</dataloggerSerialNumber><dataloggerChannel>1</dataloggerChannel><sensorSerialNumber>yyyy</sensorSerialNumber><sensorChannel>1</sensorChannel><sampleRateNumerator>40</sampleRateNumerator><sampleRateDenominator>1</sampleRateDenominator><depth>0</depth><azimuth>0</azimuth><dip>0</dip><gain>399998800</gain><gainFrequency>0.1</gainFrequency><gainUnit>M/S</gainUnit><format>Steim2</format><flags>GC</flags><restricted>true</restricted><shared>true</shared></stream><stream publicID="Stream/20191013080002.108007.3192" code="SHZ" datalogger="NRL/Nanometrics/TAURUS.0_4.40.LO.0_001" sensor="NRL/Geodevice/BBVS.120.1000"><start>2007-01-01T00:00:00.0000Z</start><end>2017-11-10T09:00:00.0000Z</end><dataloggerSerialNumber>xxxx</dataloggerSerialNumber><dataloggerChannel>0</dataloggerChannel><sensorSerialNumber>yyyy</sensorSerialNumber><sensorChannel>0</sensorChannel><sampleRateNumerator>40</sampleRateNumerator><sampleRateDenominator>1</sampleRateDenominator><depth>0</depth><azimuth>0</azimuth><dip>-90</dip><gain>399998800</gain><gainFrequency>0.1</gainFrequency><gainUnit>M/S</gainUnit><format>Steim2</format><flags>GC</flags><restricted>true</restricted><shared>true</shared></stream><stream publicID="Stream/20191013080002.108018.3193" code="BHE" datalogger="Datalogger#20150806153749.462299.7" sensor="NRL/Nanometrics/Trillium120PH_g3.120.1202"><start>2017-11-10T09:00:00.0000Z</start><end>2024-07-04T07:00:00.0000Z</end><dataloggerSerialNumber>xxxx</dataloggerSerialNumber><dataloggerChannel>2</dataloggerChannel><sensorSerialNumber>yyyy</sensorSerialNumber><sensorChannel>2</sensorChannel><sampleRateNumerator>20</sampleRateNumerator><sampleRateDenominator>1</sampleRateDenominator><depth>0</depth><azimuth>90</azimuth><dip>0</dip><gain>504365056</gain><gainFrequency>1</gainFrequency><gainUnit>M/S</gainUnit><format>Steim2</format><flags>GC</flags><restricted>true</restricted><shared>true</shared></stream><stream publicID="Stream/20191013080002.108028.3194" code="BHN" datalogger="Datalogger#20150806153749.462299.7" sensor="NRL/Nanometrics/Trillium120PH_g3.120.1202"><start>2017-11-10T09:00:00.0000Z</start><end>2024-07-04T07:00:00.0000Z</end><dataloggerSerialNumber>xxxx</dataloggerSerialNumber><dataloggerChannel>1</dataloggerChannel><sensorSerialNumber>yyyy</sensorSerialNumber><sensorChannel>1</sensorChannel><sampleRateNumerator>20</sampleRateNumerator><sampleRateDenominator>1</sampleRateDenominator><depth>0</depth><azimuth>0</azimuth><dip>0</dip><gain>504365056</gain><gainFrequency>1</gainFrequency><gainUnit>M/S</gainUnit><format>Steim2</format><flags>GC</flags><restricted>true</restricted><shared>true</shared></stream><stream publicID="Stream/20191013080002.108038.3195" code="BHZ" datalogger="Datalogger#20150806153749.462299.7" sensor="NRL/Nanometrics/Trillium120PH_g3.120.1202"><start>2017-11-10T09:00:00.0000Z</start><end>2024-07-04T07:00:00.0000Z</end><dataloggerSerialNumber>xxxx</dataloggerSerialNumber><dataloggerChannel>0</dataloggerChannel><sensorSerialNumber>yyyy</sensorSerialNumber><sensorChannel>0</sensorChannel><sampleRateNumerator>20</sampleRateNumerator><sampleRateDenominator>1</sampleRateDenominator><depth>0</depth><azimuth>0</azimuth><dip>-90</dip><gain>504365056</gain><gainFrequency>1</gainFrequency><gainUnit>M/S</gainUnit><format>Steim2</format><flags>GC</flags><restricted>true</restricted><shared>true</shared></stream><stream publicID="Stream/20191013080002.108047.3196" code="SHE" datalogger="Datalogger#20150806153749.462299.7" sensor="NRL/Nanometrics/Trillium120PH_g3.120.1202"><start>2017-11-10T09:00:00.0000Z</start><end>2024-07-04T07:00:00.0000Z</end><dataloggerSerialNumber>xxxx</dataloggerSerialNumber><dataloggerChannel>2</dataloggerChannel><sensorSerialNumber>yyyy</sensorSerialNumber><sensorChannel>2</sensorChannel><sampleRateNumerator>40</sampleRateNumerator><sampleRateDenominator>1</sampleRateDenominator><depth>0</depth><azimuth>90</azimuth><dip>0</dip><gain>504365056</gain><gainFrequency>1</gainFrequency><gainUnit>M/S</gainUnit><format>Steim2</format><flags>GC</flags><restricted>true</restricted><shared>true</shared></stream><stream publicID="Stream/20191013080002.108057.3197" code="SHN" datalogger="Datalogger#20150806153749.462299.7" sensor="NRL/Nanometrics/Trillium120PH_g3.120.1202"><start>2017-11-10T09:00:00.0000Z</start><end>2024-07-04T07:00:00.0000Z</end><dataloggerSerialNumber>xxxx</dataloggerSerialNumber><dataloggerChannel>1</dataloggerChannel><sensorSerialNumber>yyyy</sensorSerialNumber><sensorChannel>1</sensorChannel><sampleRateNumerator>40</sampleRateNumerator><sampleRateDenominator>1</sampleRateDenominator><depth>0</depth><azimuth>0</azimuth><dip>0</dip><gain>504365056</gain><gainFrequency>1</gainFrequency><gainUnit>M/S</gainUnit><format>Steim2</format><flags>GC</flags><restricted>true</restricted><shared>true</shared></stream><stream publicID="Stream/20191013080002.108067.3198" code="SHZ" datalogger="Datalogger#20150806153749.462299.7" sensor="NRL/Nanometrics/Trillium120PH_g3.120.1202"><start>2017-11-10T09:00:00.0000Z</start><end>2024-07-04T07:00:00.0000Z</end><dataloggerSerialNumber>xxxx</dataloggerSerialNumber><dataloggerChannel>0</dataloggerChannel><sensorSerialNumber>yyyy</sensorSerialNumber><sensorChannel>0</sensorChannel><sampleRateNumerator>40</sampleRateNumerator><sampleRateDenominator>1</sampleRateDenominator><depth>0</depth><azimuth>0</azimuth><dip>-90</dip><gain>504365056</gain><gainFrequency>1</gainFrequency><gainUnit>M/S</gainUnit><format>Steim2</format><flags>GC</flags><restricted>true</restricted><shared>false</shared></stream><stream publicID="Stream/20181121184713.42549.33473" code="HNZ" datalogger="NRL/Nanometrics/TAURUS.0_4.100.LO.0_001" sensor="NRL/Nanometrics/Titan.DC_430.20V.2G"><start>2007-01-01T00:00:00.0000Z</start><end>2024-07-04T07:00:00.0000Z</end><dataloggerSerialNumber>xxxx</dataloggerSerialNumber><dataloggerChannel>0</dataloggerChannel><sensorSerialNumber>yyyy</sensorSerialNumber><sensorChannel>0</sensorChannel><sampleRateNumerator>100</sampleRateNumerator><sampleRateDenominator>1</sampleRateDenominator><depth>0</depth><azimuth>0</azimuth><dip>-90</dip><gain>407998.776</gain><gainFrequency>1</gainFrequency><gainUnit>M/S**2</gainUnit><format>Steim2</format><flags>GC</flags><restricted>true</restricted><shared>true</shared></stream><stream publicID="Stream/20181121184713.425379.33466" code="HNN" datalogger="NRL/Nanometrics/TAURUS.0_4.100.LO.0_001" sensor="NRL/Nanometrics/Titan.DC_430.20V.2G"><start>2007-01-01T00:00:00.0000Z</start><end>2024-07-04T07:00:00.0000Z</end><dataloggerSerialNumber>xxxx</dataloggerSerialNumber><dataloggerChannel>1</dataloggerChannel><sensorSerialNumber>yyyy</sensorSerialNumber><sensorChannel>1</sensorChannel><sampleRateNumerator>100</sampleRateNumerator><sampleRateDenominator>1</sampleRateDenominator><depth>0</depth><azimuth>0</azimuth><dip>0</dip><gain>407998.776</gain><gainFrequency>1</gainFrequency><gainUnit>M/S**2</gainUnit><format>Steim2</format><flags>GC</flags><restricted>true</restricted><shared>true</shared></stream><stream publicID="Stream/20181121184713.425262.33459" code="HNE" datalogger="NRL/Nanometrics/TAURUS.0_4.100.LO.0_001" sensor="NRL/Nanometrics/Titan.DC_430.20V.2G"><start>2007-01-01T00:00:00.0000Z</start><end>2024-07-04T07:00:00.0000Z</end><dataloggerSerialNumber>xxxx</dataloggerSerialNumber><dataloggerChannel>2</dataloggerChannel><sensorSerialNumber>yyyy</sensorSerialNumber><sensorChannel>2</sensorChannel><sampleRateNumerator>100</sampleRateNumerator><sampleRateDenominator>1</sampleRateDenominator><depth>0</depth><azimuth>90</azimuth><dip>0</dip><gain>407998.776</gain><gainFrequency>1</gainFrequency><gainUnit>M/S**2</gainUnit><format>Steim2</format><flags>GC</flags><restricted>true</restricted><shared>true</shared></stream><stream publicID="Stream#20240704074610.574437.24903" code="SHE" datalogger="Datalogger/20210812124112.713087.20" sensor="NRL/Guralp/CMG3T.120.1500"><start>2024-07-04T07:00:00.0000Z</start><dataloggerSerialNumber>xxxx</dataloggerSerialNumber><dataloggerChannel>2</dataloggerChannel><sensorSerialNumber>yyyy</sensorSerialNumber><sensorChannel>2</sensorChannel><sampleRateNumerator>50</sampleRateNumerator><sampleRateDenominator>1</sampleRateDenominator><depth>0</depth><azimuth>90</azimuth><dip>0</dip><gain>614507385</gain><gainFrequency>1</gainFrequency><gainUnit>M/S</gainUnit><format>Steim2</format><flags>GC</flags><restricted>true</restricted><shared>false</shared></stream><stream publicID="Stream#20240704074735.247408.23172" code="SHN" datalogger="Datalogger/20210812124112.70796.13" sensor="NRL/Guralp/CMG3T.120.1500"><start>2024-07-04T07:00:00.0000Z</start><dataloggerSerialNumber>xxxx</dataloggerSerialNumber><dataloggerChannel>1</dataloggerChannel><sensorSerialNumber>yyyy</sensorSerialNumber><sensorChannel>1</sensorChannel><sampleRateNumerator>50</sampleRateNumerator><sampleRateDenominator>1</sampleRateDenominator><depth>0</depth><azimuth>0</azimuth><dip>0</dip><gain>614987655</gain><gainFrequency>1</gainFrequency><gainUnit>M/S</gainUnit><format>Steim2</format><flags>GC</flags><restricted>true</restricted><shared>false</shared></stream><stream publicID="Stream#20240704074858.051764.40685" code="SHZ" datalogger="Datalogger/20210812124112.707195.6" sensor="NRL/Guralp/CMG3T.120.1500"><start>2024-07-04T07:00:00.0000Z</start><dataloggerSerialNumber>xxxx</dataloggerSerialNumber><dataloggerChannel>0</dataloggerChannel><sensorSerialNumber>yyyy</sensorSerialNumber><sensorChannel>0</sensorChannel><sampleRateNumerator>50</sampleRateNumerator><sampleRateDenominator>1</sampleRateDenominator><depth>0</depth><azimuth>0</azimuth><dip>-90</dip><gain>614749320</gain><gainFrequency>1</gainFrequency><gainUnit>M/S</gainUnit><format>Steim2</format><flags>GC</flags><restricted>true</restricted><shared>false</shared></stream></sensorLocation></station></network></Inventory></seiscomp>
