<?xml version="1.0" encoding="UTF-8"?>
<seiscomp xmlns="http://geofon.gfz-potsdam.de/ns/seiscomp3-schema/0.13" version="0.13"><Inventory><sensor publicID="Sensor#20150806153749.46106.5" name="GFZ:IA1980:Trillium-120/g=1200" response="ResponsePAZ#20150806153749.461217.6"><description>GFZ:IA1980:Trillium-120/g=1200</description><model>Trillium-120</model><type>VBB</type><unit>M/S</unit></sensor><sensor publicID="NRL/Geodevice/BBVS.120.1000" name="Geodevice/BBVS.120.1000" response="NRL/Geodevice/BBVS.120.1000/1"><model>BBVS</model><manufacturer>Geodevice</manufacturer><unit>M/S</unit></sensor><sensor publicID="NRL/EQMet/TSA100S.DC_225.20VDF.4G" name="EQMet/TSA100S.DC_225.20VDF.4G" response="NRL/EQMet/TSA100S.DC_225.20VDF.4G/1"><manufacturer>EQMet</manufacturer><unit>M/S**2</unit></sensor><sensor publicID="NRL/Nanometrics/Trillium120P.120.1201" name="Nanometrics/Trillium120P.120.1201" response="NRL/Nanometrics/Trillium120P.120.1201/1"><model>Trillium 120P/PA</model><manufacturer>Nanometrics</manufacturer><unit>M/S</unit></sensor><datalogger publicID="Datalogger#20150806153749.462299.7" name="GFZ:IA1980:Trident-IA/g=419430"><description>GFZ:IA1980:Trident-IA/g=419430</description><digitizerModel>TRID</digitizerModel><digitizerManufacturer>Nanometrics</digitizerManufacturer><recorderModel>TRID</recorderModel><recorderManufacturer>Nanometrics</recorderManufacturer><gain>419430.4</gain><maxClockDrift>0.1</maxClockDrift><decimation sampleRateNumerator="1" sampleRateDenominator="1"><digitalFilterChain>ResponseFIR#20150806153749.462462.8 ResponseFIR#20150806153749.463614.10 ResponseFIR#20150806153749.463893.11 ResponseFIR#20150806153749.464223.12 ResponseFIR#20150806153749.464699.13 ResponseFIR#20160224160026.292203.14 ResponseFIR#20160224160026.292782.15</digitalFilterChain></decimation><decimation sampleRateNumerator="1" sampleRateDenominator="10"><digitalFilterChain>ResponseFIR#20150806153749.462462.8 ResponseFIR#20150806153749.463614.10 ResponseFIR#20150806153749.463893.11 ResponseFIR#20150806153749.464223.12 ResponseFIR#20150806153749.464699.13 ResponseFIR#20160224160026.292203.14 ResponseFIR#20160224160026.292782.15 ResponseFIR#20160224160026.293898.16</digitalFilterChain></decimation><decimation sampleRateNumerator="20" sampleRateDenominator="1"><digitalFilterChain>ResponseFIR#20150806153749.462462.8 ResponseFIR#20150806153749.463614.10 ResponseFIR#20150806153749.463893.11 ResponseFIR#20150806153749.464223.12 ResponseFIR#20150806153749.464699.13</digitalFilterChain></decimation><decimation sampleRateNumerator="40" sampleRateDenominator="1"><digitalFilterChain>ResponseFIR#20150806153749.462462.8 ResponseFIR#20150806153749.463614.10 ResponseFIR#20150806153749.463893.11 ResponseFIR#20150806153749.464223.12</digitalFilterChain></decimation><decimation sampleRateNumerator="100" sampleRateDenominator="1"><digitalFilterChain>ResponseFIR#20150806153749.462462.8 ResponseFIR#20150806153749.463027.9 ResponseFIR#20150806153749.467031.17</digitalFilterChain></decimation><decimation sampleRateNumerator="200" sampleRateDenominator="1"><digitalFilterChain>ResponseFIR#20150806153749.462462.8 ResponseFIR#20150806153749.463027.9</digitalFilterChain></decimation></datalogger><datalogger publicID="NRL/Nanometrics/TAURUS.0_4.20.LO.0_001" name="Nanometrics/TAURUS.0_4.20.LO.0_001"><digitizerModel>Taurus</digitizerModel><digitizerManufacturer>Nanometrics</digitizerManufacturer><recorderModel>Taurus</recorderModel><recorderManufacturer>Nanometrics</recorderManufacturer><gain>1</gain><decimation sampleRateNumerator="20" sampleRateDenominator="1"><analogueFilterChain>NRL/Nanometrics/TAURUS.0_4.20.LO.0_001/2</analogueFilterChain><digitalFilterChain>NRL/Nanometrics/TAURUS.0_4.20.LO.0_001/3 NRL/Nanometrics/TAURUS.0_4.20.LO.0_001/4 NRL/Nanometrics/TAURUS.0_4.20.LO.0_001/5 NRL/Nanometrics/TAURUS.0_4.20.LO.0_001/6 NRL/Nanometrics/TAURUS.0_4.20.LO.0_001/7 NRL/Nanometrics/TAURUS.0_4.20.LO.0_001/8</digitalFilterChain></decimation></datalogger><datalogger publicID="NRL/Nanometrics/TAURUS.0_4.40.LO.0_001" name="Nanometrics/TAURUS.0_4.40.LO.0_001"><digitizerModel>Taurus</digitizerModel><digitizerManufacturer>Nanometrics</digitizerManufacturer><recorderModel>Taurus</recorderModel><recorderManufacturer>Nanometrics</recorderManufacturer><gain>1</gain><maxClockDrift>0.1</maxClockDrift><decimation sampleRateNumerator="40" sampleRateDenominator="1"><analogueFilterChain>NRL/Nanometrics/TAURUS.0_4.40.LO.0_001/2</analogueFilterChain><digitalFilterChain>NRL/Nanometrics/TAURUS.0_4.40.LO.0_001/3 NRL/Nanometrics/TAURUS.0_4.40.LO.0_001/4 NRL/Nanometrics/TAURUS.0_4.40.LO.0_001/5 NRL/Nanometrics/TAURUS.0_4.40.LO.0_001/6 NRL/Nanometrics/TAURUS.0_4.40.LO.0_001/7 NRL/Nanometrics/TAURUS.0_4.40.LO.0_001/8</digitalFilterChain></decimation></datalogger><datalogger publicID="NRL/Nanometrics/CENTAUR.1.40.0_001.LP" name="Nanometrics/CENTAUR.1.40.0_001.LP"><digitizerModel>Centaur</digitizerModel><digitizerManufacturer>Nanometrics</digitizerManufacturer><recorderModel>Centaur</recorderModel><recorderManufacturer>Nanometrics</recorderManufacturer><gain>1</gain><maxClockDrift>0.1</maxClockDrift><decimation sampleRateNumerator="40" sampleRateDenominator="1"><digitalFilterChain>NRL/Nanometrics/CENTAUR.1.40.0_001.LP/3 NRL/Nanometrics/CENTAUR.1.40.0_001.LP/4 NRL/Nanometrics/CENTAUR.1.40.0_001.LP/5 NRL/Nanometrics/CENTAUR.1.40.0_001.LP/6 NRL/Nanometrics/CENTAUR.1.40.0_001.LP/7 NRL/Nanometrics/CENTAUR.1.40.0_001.LP/8</digitalFilterChain></decimation></datalogger><datalogger publicID="NRL/Nanometrics/TAURUS.0_4.100.LO.0_001" name="Nanometrics/TAURUS.0_4.100.LO.0_001"><digitizerModel>Taurus</digitizerModel><digitizerManufacturer>Nanometrics</digitizerManufacturer><recorderModel>Taurus</recorderModel><recorderManufacturer>Nanometrics</recorderManufacturer><gain>1</gain><maxClockDrift>0.1</maxClockDrift><decimation sampleRateNumerator="100" sampleRateDenominator="1"><analogueFilterChain>NRL/Nanometrics/TAURUS.0_4.100.LO.0_001/2</analogueFilterChain><digitalFilterChain>NRL/Nanometrics/TAURUS.0_4.100.LO.0_001/3 NRL/Nanometrics/TAURUS.0_4.100.LO.0_001/4 NRL/Nanometrics/TAURUS.0_4.100.LO.0_001/5 NRL/Nanometrics/TAURUS.0_4.100.LO.0_001/6 NRL/Nanometrics/TAURUS.0_4.100.LO.0_001/7</digitalFilterChain></decimation></datalogger><responsePAZ publicID="ResponsePAZ#20150806153749.461217.6" name="GFZ:IA1980:Trillium-120/g=1200"><type>A</type><gain>1200</gain><gainFrequency>1</gainFrequency><normalizationFactor>1703691900</normalizationFactor><normalizationFrequency>1</normalizationFrequency><numberOfZeros>4</numberOfZeros><numberOfPoles>7</numberOfPoles><zeros>(0,0) (0,0) (-106,0) (-158,0)</zeros><poles>(-0.03859,0.03649) (-0.03859,-0.03649) (-190,0) (-158,193) (-158,-193) (-639,1418) (-639,-1418)</poles></responsePAZ><responsePAZ publicID="NRL/Nanometrics/TAURUS.0_4.20.LO.0_001/2" name="NRL/Nanometrics/TAURUS.0_4.20.LO.0_001/2"><type>A</type><gain>0.3999988</gain><gainFrequency>1</gainFrequency><normalizationFactor>13338.89</normalizationFactor><normalizationFrequency>1</normalizationFrequency><numberOfZeros>0</numberOfZeros><numberOfPoles>1</numberOfPoles><poles>(-13338.9,0)</poles></responsePAZ><responsePAZ publicID="NRL/Nanometrics/TAURUS.0_4.20.LO.0_001/8" name="NRL/Nanometrics/TAURUS.0_4.20.LO.0_001/8"><type>A</type><gain>1</gain><gainFrequency>1</gainFrequency><normalizationFactor>1</normalizationFactor><normalizationFrequency>0.1</normalizationFrequency><numberOfZeros>1</numberOfZeros><numberOfPoles>1</numberOfPoles><zeros>(0,0)</zeros><poles>(-0.006283185,0)</poles></responsePAZ><responsePAZ publicID="NRL/Geodevice/BBVS.120.1000/1" name="NRL/Geodevice/BBVS.120.1000/1"><type>A</type><gain>1000</gain><gainFrequency>0.1</gainFrequency><normalizationFactor>63193</normalizationFactor><normalizationFrequency>0.1</normalizationFrequency><numberOfZeros>2</numberOfZeros><numberOfPoles>4</numberOfPoles><zeros>(0,0) (0,0)</zeros><poles>(-0.03702,0.03702) (-0.03702,-0.03702) (-177.72,177.72) (-177.72,-177.72)</poles></responsePAZ><responsePAZ publicID="NRL/Nanometrics/TAURUS.0_4.40.LO.0_001/2" name="NRL/Nanometrics/TAURUS.0_4.40.LO.0_001/2"><type>A</type><gain>0.3999988</gain><gainFrequency>1</gainFrequency><normalizationFactor>13338.89</normalizationFactor><normalizationFrequency>1</normalizationFrequency><numberOfZeros>0</numberOfZeros><numberOfPoles>1</numberOfPoles><poles>(-13338.9,0)</poles></responsePAZ><responsePAZ publicID="NRL/Nanometrics/TAURUS.0_4.40.LO.0_001/8" name="NRL/Nanometrics/TAURUS.0_4.40.LO.0_001/8"><type>A</type><gain>1</gain><gainFrequency>1</gainFrequency><normalizationFactor>1</normalizationFactor><normalizationFrequency>0.1</normalizationFrequency><numberOfZeros>1</numberOfZeros><numberOfPoles>1</numberOfPoles><zeros>(0,0)</zeros><poles>(-0.006283185,0)</poles></responsePAZ><responsePAZ publicID="NRL/Nanometrics/CENTAUR.1.40.0_001.LP/8" name="NRL/Nanometrics/CENTAUR.1.40.0_001.LP/8"><type>A</type><gain>1</gain><gainFrequency>1</gainFrequency><normalizationFactor>1</normalizationFactor><normalizationFrequency>1</normalizationFrequency><numberOfZeros>1</numberOfZeros><numberOfPoles>1</numberOfPoles><zeros>(0,0)</zeros><poles>(-0.006283185,0)</poles></responsePAZ><responsePAZ publicID="NRL/Nanometrics/TAURUS.0_4.100.LO.0_001/2" name="NRL/Nanometrics/TAURUS.0_4.100.LO.0_001/2"><type>A</type><gain>0.3999988</gain><gainFrequency>1</gainFrequency><normalizationFactor>13338.89</normalizationFactor><normalizationFrequency>1</normalizationFrequency><numberOfZeros>0</numberOfZeros><numberOfPoles>1</numberOfPoles><poles>(-13338.9,0)</poles></responsePAZ><responsePAZ publicID="NRL/Nanometrics/TAURUS.0_4.100.LO.0_001/7" name="NRL/Nanometrics/TAURUS.0_4.100.LO.0_001/7"><type>A</type><gain>1</gain><gainFrequency>1</gainFrequency><normalizationFactor>1</normalizationFactor><normalizationFrequency>0.1</normalizationFrequency><numberOfZeros>1</numberOfZeros><numberOfPoles>1</numberOfPoles><zeros>(0,0)</zeros><poles>(-0.006283185,0)</poles></responsePAZ><responsePAZ publicID="NRL/EQMet/TSA100S.DC_225.20VDF.4G/1" name="NRL/EQMet/TSA100S.DC_225.20VDF.4G/1"><type>A</type><gain>0.50986</gain><gainFrequency>1</gainFrequency><normalizationFactor>15451500000</normalizationFactor><normalizationFrequency>1</normalizationFrequency><numberOfZeros>1</numberOfZeros><numberOfPoles>4</numberOfPoles><zeros>(-833.333,0)</zeros><poles>(-1010,989) (-1010,-989) (-1795,1795) (-1795,-1795)</poles></responsePAZ><responsePAZ publicID="NRL/Nanometrics/Trillium120P.120.1201/1" name="NRL/Nanometrics/Trillium120P.120.1201/1"><type>A</type><gain>1201</gain><gainFrequency>1</gainFrequency><normalizationFactor>308000</normalizationFactor><normalizationFrequency>1</normalizationFrequency><numberOfZeros>5</numberOfZeros><numberOfPoles>7</numberOfPoles><zeros>(0,0) (0,0) (-90,0) (-160.7,0) (-3108,0)</zeros><poles>(-0.03852,0.03658) (-0.03852,-0.03658) (-178,0) (-135,160) (-135,-160) (-671,1154) (-671,-1154)</poles></responsePAZ><responseFIR publicID="ResponseFIR#20150806153749.462462.8" name="GFZ:IA1980:TRID_FIR_1"><gain>1</gain><decimationFactor>15</decimationFactor><delay>0</delay><correction>-81.999</correction><numberOfCoefficients>83</numberOfCoefficients><symmetry>B</symmetry><coefficients>-4.04791e-10 -1.39029e-10 6.728e-10 2.75797e-09 7.54651e-09 1.76668e-08 3.76936e-08 7.52313e-08 1.42425e-07 2.57999e-07 4.49904e-07 7.58656e-07 1.24139e-06 1.97658e-06 3.06939e-06 4.65728e-06 6.91569e-06 1.00631e-05 1.43649e-05 2.0135e-05 2.77346e-05 3.75661e-05 5.00617e-05 6.56652e-05 8.48049e-05 0.000107859 0.000135108 0.000166685 0.000202505 0.0002422 0.000285038 0.00032985 0.000374956 0.000418099 0.0004564 0.000486339 0.000503757 0.000503913 0.00048158 0.000431195 0.000347068 0.000223655 5.58818e-05 -0.000160475 -0.000428365 -0.000749008 -0.00112143 -0.00154201 -0.00200406 -0.00249746 -0.00300841 -0.00351925 -0.00400852 -0.00445107 -0.00481847 -0.00507953 -0.00520107 -0.00514889 -0.00488884 -0.00438813 -0.00361664 -0.0025484 -0.00116293 0.00055335 0.00260595 0.00499129 0.00769592 0.0106961 0.0139576 0.0174362 0.0210783 0.0248217 0.0285976 0.0323318 0.0359474 0.0393664 0.0425127 0.0453141 0.0477047 0.0496275 0.0510357 0.0518947 0.0521834</coefficients></responseFIR><responseFIR publicID="ResponseFIR#20150806153749.463614.10" name="GFZ:IA1980:TRID_FIR_10"><gain>1</gain><decimationFactor>5</decimationFactor><delay>0</delay><correction>-35</correction><numberOfCoefficients>36</numberOfCoefficients><symmetry>A</symmetry><coefficients>-1.400229e-08 -1.255059e-07 -6.074921e-07 -2.046866e-06 -5.236352e-06 -1.042766e-05 -1.566514e-05 -1.467138e-05 3.866903e-06 5.254917e-05 0.0001345447 0.0002273285 0.0002694088 0.0001653887 -0.0001754205 -0.0007649912 -0.001452111 -0.001881641 -0.001562383 -7.930603e-05 0.002588435 0.005777669 0.008077698 0.007665307 0.003066022 -0.005859562 -0.01711852 -0.02645966 -0.02823533 -0.01718375 0.009394698 0.04991073 0.09803478 0.1439399 0.1769958 0.1890346</coefficients></responseFIR><responseFIR publicID="ResponseFIR#20150806153749.463893.11" name="GFZ:IA1980:TRID_FIR_11"><gain>1</gain><decimationFactor>5</decimationFactor><delay>0</delay><correction>-56</correction><numberOfCoefficients>57</numberOfCoefficients><symmetry>A</symmetry><coefficients>6.24153e-10 1.470217e-08 2.924648e-08 1.675816e-08 -9.459693e-08 -4.005292e-07 -9.373652e-07 -1.530435e-06 -1.645991e-06 -4.078704e-07 3.030094e-06 8.685992e-06 1.476603e-05 1.713675e-05 1.012814e-05 -1.072856e-05 -4.439651e-05 -8.029797e-05 -9.761762e-05 -7.094869e-05 1.692091e-05 0.0001585078 0.0003094936 0.0003912802 0.0003155885 2.919058e-05 -0.0004362724 -0.0009354174 -0.001228394 -0.001061469 -0.0002939815 0.0009756478 0.002352455 0.003215585 0.002933434 0.001171051 -0.001829548 -0.005145646 -0.007361208 -0.007056359 -0.003467655 0.002935113 0.01024857 0.01551828 0.01570616 0.008987865 -0.004081172 -0.0200454 -0.03303498 -0.03628456 -0.0243088 0.004958794 0.04884525 0.1000148 0.1480753 0.1823112 0.1947111</coefficients></responseFIR><responseFIR publicID="ResponseFIR#20150806153749.464223.12" name="GFZ:IA1980:TRID_FIR_12"><gain>1</gain><decimationFactor>2</decimationFactor><delay>0</delay><correction>-111</correction><numberOfCoefficients>112</numberOfCoefficients><symmetry>B</symmetry><coefficients>-2.4877e-10 4.73744e-09 1.24032e-08 2.18423e-09 -2.9735e-08 -2.7741e-08 4.8235e-08 9.04852e-08 -4.3772e-08 -2.02925e-07 -2.93251e-08 3.57677e-07 2.38076e-07 -5.05054e-07 -6.56661e-07 5.29514e-07 1.33303e-06 -2.35391e-07 -2.23456e-06 -6.43189e-07 3.17885e-06 2.39189e-06 -3.76643e-06 -5.21313e-06 3.34388e-06 9.06984e-06 -1.0342e-06 -1.34948e-05 -4.1282e-06 1.74081e-05 1.29325e-05 -1.90112e-05 -2.55982e-05 1.58385e-05 4.12985e-05 -5.05136e-06 -5.76943e-05 -1.59734e-05 7.06232e-05 4.87621e-05 -7.41183e-05 -9.2656e-05 6.09281e-05 0.000143704 -2.36571e-05 -0.000193818 -4.34607e-05 0.000230529 0.0001423 -0.000237697 -0.00026842 0.00019742 0.000408986 -9.32264e-05 -0.000541667 -8.56506e-05 0.000635146 0.000339424 -0.000651794 -0.000653162 0.000552734 0.000993533 -0.000305133 -0.00130802 -0.000108987 0.00152764 0.000683646 -0.00157381 -0.00138119 0.00136932 0.00212784 -0.000852739 -0.00281433 -5.43598e-06 0.00330293 0.00118724 -0.00344149 -0.00261502 0.00308386 0.00414554 -0.00211493 -0.00557267 0.000477543 0.00664017 0.00180254 -0.00706464 -0.00459738 0.00656694 0.0076669 -0.00490895 -0.0106603 0.00193106 0.0131289 0.00241487 -0.0145476 -0.00804248 0.0143373 0.0147221 -0.0118736 -0.022089 0.00645106 0.0296694 0.00287172 -0.0369222 -0.0177763 0.0432915 0.0424836 -0.0482648 -0.0928087 0.0514286 0.313777 0.447486</coefficients></responseFIR><responseFIR publicID="ResponseFIR#20150806153749.464699.13" name="GFZ:IA1980:TRID_FIR_13"><gain>1</gain><decimationFactor>2</decimationFactor><delay>0</delay><correction>0</correction><numberOfCoefficients>48</numberOfCoefficients><symmetry>C</symmetry><coefficients>-4.624365e-06 -8.258298e-05 -0.0002260141 -0.0002539009 7.665667e-07 0.0003050186 0.0001712792 -0.0003494469 -0.0004491013 0.0002631577 0.0007897725 3.857301e-05 -0.001091783 -0.0005999956 0.001206435 0.001397154 -0.0009624677 -0.002313273 0.0002078273 0.003130074 0.001137016 -0.003543348 -0.003024242 0.003207636 0.005238007 -0.001803839 -0.007375909 -0.0008729728 0.00887091 0.004831847 -0.009042305 -0.009813905 0.007179136 0.015253 -0.002628732 -0.02026759 -0.005142914 0.02366362 0.01657857 -0.02387548 -0.03227953 0.01860678 0.05394208 -0.003140518 -0.08849621 -0.04014856 0.1847636 0.4066011</coefficients></responseFIR><responseFIR publicID="ResponseFIR#20160224160026.292203.14" name="GFZ:IA1980:TRID_FIR_15"><gain>1</gain><decimationFactor>2</decimationFactor><delay>0</delay><correction>0</correction><numberOfCoefficients>48</numberOfCoefficients><symmetry>C</symmetry><coefficients>-4.624365e-06 -8.258298e-05 -0.0002260141 -0.0002539009 7.665667e-07 0.0003050186 0.0001712792 -0.0003494469 -0.0004491013 0.0002631577 0.0007897725 3.857301e-05 -0.001091783 -0.0005999956 0.001206435 0.001397154 -0.0009624677 -0.002313273 0.0002078273 0.003130074 0.001137016 -0.003543348 -0.003024242 0.003207636 0.005238007 -0.001803839 -0.007375909 -0.0008729728 0.00887091 0.004831847 -0.009042305 -0.009813905 0.007179136 0.015253 -0.002628732 -0.02026759 -0.005142914 0.02366362 0.01657857 -0.02387548 -0.03227953 0.01860678 0.05394208 -0.003140518 -0.08849621 -0.04014856 0.1847636 0.4066011</coefficients></responseFIR><responseFIR publicID="ResponseFIR#20160224160026.292782.15" name="GFZ:IA1980:TRID_FIR_16"><gain>1</gain><decimationFactor>10</decimationFactor><delay>0</delay><correction>0</correction><numberOfCoefficients>200</numberOfCoefficients><symmetry>C</symmetry><coefficients>-1.28041e-09 9.08914e-09 2.8572e-08 7.06894e-08 1.50385e-07 2.89842e-07 5.19992e-07 8.82416e-07 1.43125e-06 2.23492e-06 3.37749e-06 4.9595e-06 7.09779e-06 9.92444e-06 1.35842e-05 1.82304e-05 2.40192e-05 3.11018e-05 3.96154e-05 4.96716e-05 6.13448e-05 7.46579e-05 8.95697e-05 0.000105962 0.000123626 0.000142258 0.000161447 0.00018068 0.000199344 0.000216735 0.00023208 0.000244559 0.000253337 0.000257602 0.000256611 0.000249733 0.000236499 0.00021665 0.000190176 0.000157355 0.000118779 7.53615e-05 2.8338e-05 -2.07575e-05 -7.01326e-05 -0.000117797 -0.000161638 -0.000199519 -0.000229381 -0.000249363 -0.000257912 -0.000253905 -0.000236743 -0.00020644 -0.000163677 -0.000109834 -4.69775e-05 2.21866e-05 9.44043e-05 0.000166003 0.000233056 0.000291581 0.000337758 0.000368157 0.000379962 0.00037119 0.000340865 0.000289162 0.00021749 0.000128506 2.60683e-05 -8.49001e-05 -0.00019861 -0.000308679 -0.000408463 -0.000491424 -0.000551529 -0.000583645 -0.000583913 -0.000550075 -0.00048173 -0.000380497 -0.000250065 -9.61319e-05 7.37977e-05 0.00025073 0.000424615 0.000584883 0.000721041 0.000823318 0.000883311 0.000894586 0.000853214 0.000758184 0.000611661 0.000419082 0.000189041 -6.70187e-05 -0.000335311 -0.000600394 -0.000846007 -0.00105601 -0.00121539 -0.00131125 -0.00133374 -0.00127686 -0.00113911 -0.000923809 -0.000639274 -0.000298573 8.09521e-05 0.000478492 0.000870835 0.00123365 0.00154291 0.00177641 0.00191525 0.0019452 0.00185787 0.00165159 0.00133193 0.000911779 0.000411014 -0.000144324 -0.000723263 -0.00129152 -0.00181344 -0.00225409 -0.00258149 -0.00276876 -0.00279612 -0.00265247 -0.00233664 -0.00185805 -0.00123675 -0.000502786 0.000305047 0.00114109 0.00195523 0.00269576 0.00331246 0.00375976 0.00399991 0.00400566 0.00376267 0.00327109 0.00254644 0.00161958 0.000535707 -0.000647515 -0.00186278 -0.00303667 -0.00409377 -0.00496115 -0.00557301 -0.00587508 -0.00582867 -0.00541401 -0.00463262 -0.00350857 -0.00208851 -0.000440263 0.0013498 0.00318077 0.00494222 0.00652013 0.00780344 0.00869076 0.00909701 0.00895957 0.00824347 0.00694548 0.00509657 0.00276275 4.39892e-05 -0.00292869 -0.00599803 -0.00898691 -0.0117062 -0.0139636 -0.015573 -0.0163644 -0.016193 -0.0149476 -0.012558 -0.00900054 -0.00430113 0.00146306 0.00816508 0.0156318 0.0236496 0.0319729 0.0403331 0.0484502 0.0560442 0.0628471 0.0686148 0.0731374 0.0762488 0.0778339</coefficients></responseFIR><responseFIR publicID="ResponseFIR#20160224160026.293898.16" name="GFZ:IA1980:TRID_FIR_17"><gain>4</gain><decimationFactor>10</decimationFactor><delay>0</delay><correction>0</correction><numberOfCoefficients>200</numberOfCoefficients><symmetry>C</symmetry><coefficients>-1.28041e-09 9.08914e-09 2.8572e-08 7.06894e-08 1.50385e-07 2.89842e-07 5.19992e-07 8.82416e-07 1.43125e-06 2.23492e-06 3.37749e-06 4.9595e-06 7.09779e-06 9.92444e-06 1.35842e-05 1.82304e-05 2.40192e-05 3.11018e-05 3.96154e-05 4.96716e-05 6.13448e-05 7.46579e-05 8.95697e-05 0.000105962 0.000123626 0.000142258 0.000161447 0.00018068 0.000199344 0.000216735 0.00023208 0.000244559 0.000253337 0.000257602 0.000256611 0.000249733 0.000236499 0.00021665 0.000190176 0.000157355 0.000118779 7.53615e-05 2.8338e-05 -2.07575e-05 -7.01326e-05 -0.000117797 -0.000161638 -0.000199519 -0.000229381 -0.000249363 -0.000257912 -0.000253905 -0.000236743 -0.00020644 -0.000163677 -0.000109834 -4.69775e-05 2.21866e-05 9.44043e-05 0.000166003 0.000233056 0.000291581 0.000337758 0.000368157 0.000379962 0.00037119 0.000340865 0.000289162 0.00021749 0.000128506 2.60683e-05 -8.49001e-05 -0.00019861 -0.000308679 -0.000408463 -0.000491424 -0.000551529 -0.000583645 -0.000583913 -0.000550075 -0.00048173 -0.000380497 -0.000250065 -9.61319e-05 7.37977e-05 0.00025073 0.000424615 0.000584883 0.000721041 0.000823318 0.000883311 0.000894586 0.000853214 0.000758184 0.000611661 0.000419082 0.000189041 -6.70187e-05 -0.000335311 -0.000600394 -0.000846007 -0.00105601 -0.00121539 -0.00131125 -0.00133374 -0.00127686 -0.00113911 -0.000923809 -0.000639274 -0.000298573 8.09521e-05 0.000478492 0.000870835 0.00123365 0.00154291 0.00177641 0.00191525 0.0019452 0.00185787 0.00165159 0.00133193 0.000911779 0.000411014 -0.000144324 -0.000723263 -0.00129152 -0.00181344 -0.00225409 -0.00258149 -0.00276876 -0.00279612 -0.00265247 -0.00233664 -0.00185805 -0.00123675 -0.000502786 0.000305047 0.00114109 0.00195523 0.00269576 0.00331246 0.00375976 0.00399991 0.00400566 0.00376267 0.00327109 0.00254644 0.00161958 0.000535707 -0.000647515 -0.00186278 -0.00303667 -0.00409377 -0.00496115 -0.00557301 -0.00587508 -0.00582867 -0.00541401 -0.00463262 -0.00350857 -0.00208851 -0.000440263 0.0013498 0.00318077 0.00494222 0.00652013 0.00780344 0.00869076 0.00909701 0.00895957 0.00824347 0.00694548 0.00509657 0.00276275 4.39892e-05 -0.00292869 -0.00599803 -0.00898691 -0.0117062 -0.0139636 -0.015573 -0.0163644 -0.016193 -0.0149476 -0.012558 -0.00900054 -0.00430113 0.00146306 0.00816508 0.0156318 0.0236496 0.0319729 0.0403331 0.0484502 0.0560442 0.0628471 0.0686148 0.0731374 0.0762488 0.0778339</coefficients></responseFIR><responseFIR publicID="ResponseFIR#20150806153749.463027.9" name="GFZ:IA1980:TRID_FIR_2"><gain>1</gain><decimationFactor>10</decimationFactor><delay>0</delay><correction>-93</correction><numberOfCoefficients>94</numberOfCoefficients><symmetry>B</symmetry><coefficients>8.46923e-10 2.27422e-09 4.53895e-09 6.87379e-09 7.10904e-09 7.62784e-10 -1.98301e-08 -6.60994e-08 -1.53114e-07 -2.98249e-07 -5.18152e-07 -8.23636e-07 -1.21248e-06 -1.66055e-06 -2.11247e-06 -2.47353e-06 -2.60562e-06 -2.33013e-06 -1.44098e-06 2.69804e-07 2.97271e-06 6.74886e-06 1.15296e-05 1.70354e-05 2.27248e-05 2.7767e-05 3.10537e-05 3.1263e-05 2.69861e-05 1.69189e-05 1.11176e-07 -2.37456e-05 -5.40267e-05 -8.89227e-05 -0.000125282 -0.000158604 -0.000183236 -0.000192798 -0.000180864 -0.00014185 -7.2067e-05 2.91938e-05 0.000158665 0.000308386 0.000465422 0.000612198 0.000727547 0.000788512 0.000772858 0.000662123 0.000444926 0.000120161 -0.000300369 -0.000790361 -0.00130887 -0.00180202 -0.00220662 -0.00245579 -0.00248619 -0.00224631 -0.00170503 -0.000859463 0.000259011 0.00158157 0.0030025 0.00438414 0.00556632 0.00638 0.0066644 0.00628604 0.00515814 0.0032582 0.000641682 -0.00255018 -0.00609006 -0.0096727 -0.0129317 -0.0154642 -0.0168626 -0.016749 -0.0148125 -0.0108425 -0.00475778 0.00337489 0.0133318 0.0247374 0.0370817 0.0497507 0.062067 0.0733368 0.0829015 0.0901866 0.0947464 0.0962985</coefficients></responseFIR><responseFIR publicID="ResponseFIR#20150806153749.467031.17" name="GFZ:IA1980:TRID_FIR_3"><gain>1</gain><decimationFactor>2</decimationFactor><delay>0</delay><correction>-111</correction><numberOfCoefficients>112</numberOfCoefficients><symmetry>B</symmetry><coefficients>-2.4877e-10 4.73744e-09 1.24032e-08 2.18423e-09 -2.9735e-08 -2.7741e-08 4.8235e-08 9.04852e-08 -4.3772e-08 -2.02925e-07 -2.93251e-08 3.57677e-07 2.38076e-07 -5.05054e-07 -6.56661e-07 5.29514e-07 1.33303e-06 -2.35391e-07 -2.23456e-06 -6.43189e-07 3.17885e-06 2.39189e-06 -3.76643e-06 -5.21313e-06 3.34388e-06 9.06984e-06 -1.0342e-06 -1.34948e-05 -4.1282e-06 1.74081e-05 1.29325e-05 -1.90112e-05 -2.55982e-05 1.58385e-05 4.12985e-05 -5.05136e-06 -5.76943e-05 -1.59734e-05 7.06232e-05 4.87621e-05 -7.41183e-05 -9.2656e-05 6.09281e-05 0.000143704 -2.36571e-05 -0.000193818 -4.34607e-05 0.000230529 0.0001423 -0.000237697 -0.00026842 0.00019742 0.000408986 -9.32264e-05 -0.000541667 -8.56506e-05 0.000635146 0.000339424 -0.000651794 -0.000653162 0.000552734 0.000993533 -0.000305133 -0.00130802 -0.000108987 0.00152764 0.000683646 -0.00157381 -0.00138119 0.00136932 0.00212784 -0.000852739 -0.00281433 -5.43598e-06 0.00330293 0.00118724 -0.00344149 -0.00261502 0.00308386 0.00414554 -0.00211493 -0.00557267 0.000477543 0.00664017 0.00180254 -0.00706464 -0.00459738 0.00656694 0.0076669 -0.00490895 -0.0106603 0.00193106 0.0131289 0.00241487 -0.0145476 -0.00804248 0.0143373 0.0147221 -0.0118736 -0.022089 0.00645106 0.0296694 0.00287172 -0.0369222 -0.0177763 0.0432915 0.0424836 -0.0482648 -0.0928087 0.0514286 0.313777 0.447486</coefficients></responseFIR><responseFIR publicID="NRL/Nanometrics/TAURUS.0_4.20.LO.0_001/3" name="NRL/Nanometrics/TAURUS.0_4.20.LO.0_001/3"><gain>1000000</gain><decimationFactor>1</decimationFactor><delay>0</delay><correction>0</correction><numberOfCoefficients>1</numberOfCoefficients><symmetry>A</symmetry><coefficients>1</coefficients></responseFIR><responseFIR publicID="NRL/Nanometrics/TAURUS.0_4.20.LO.0_001/4" name="NRL/Nanometrics/TAURUS.0_4.20.LO.0_001/4"><gain>1</gain><decimationFactor>15</decimationFactor><delay>81.99999</delay><correction>81.99999</correction><numberOfCoefficients>165</numberOfCoefficients><symmetry>A</symmetry><coefficients>-4.04791e-10 -1.39029e-10 6.728e-10 2.75797e-09 7.54651e-09 1.76668e-08 3.76936e-08 7.52313e-08 1.42425e-07 2.57999e-07 4.49904e-07 7.58655e-07 1.24139e-06 1.97658e-06 3.06939e-06 4.65728e-06 6.91569e-06 1.00631e-05 1.43649e-05 2.0135e-05 2.77346e-05 3.75661e-05 5.00617e-05 6.56652e-05 8.48049e-05 0.000107859 0.000135108 0.000166685 0.000202505 0.0002422 0.000285038 0.00032985 0.000374956 0.000418099 0.0004564 0.000486339 0.000503757 0.000503913 0.00048158 0.000431195 0.000347068 0.000223655 5.58818e-05 -0.000160476 -0.000428365 -0.000749008 -0.00112143 -0.00154201 -0.00200406 -0.00249746 -0.00300841 -0.00351925 -0.00400852 -0.00445107 -0.00481847 -0.00507953 -0.00520107 -0.00514889 -0.00488884 -0.00438813 -0.00361664 -0.0025484 -0.00116293 0.00055335 0.00260595 0.00499129 0.00769592 0.0106961 0.0139576 0.0174363 0.0210783 0.0248217 0.0285976 0.0323318 0.0359474 0.0393664 0.0425127 0.0453141 0.0477047 0.0496275 0.0510356 0.0518947 0.0521834 0.0518947 0.0510356 0.0496275 0.0477047 0.0453141 0.0425127 0.0393664 0.0359474 0.0323318 0.0285976 0.0248217 0.0210783 0.0174363 0.0139576 0.0106961 0.00769592 0.00499129 0.00260595 0.00055335 -0.00116293 -0.0025484 -0.00361664 -0.00438813 -0.00488884 -0.00514889 -0.00520107 -0.00507953 -0.00481847 -0.00445107 -0.00400852 -0.00351925 -0.00300841 -0.00249746 -0.00200406 -0.00154201 -0.00112143 -0.000749008 -0.000428365 -0.000160476 5.58818e-05 0.000223655 0.000347068 0.000431195 0.00048158 0.000503913 0.000503757 0.000486339 0.0004564 0.000418099 0.000374956 0.00032985 0.000285038 0.0002422 0.000202505 0.000166685 0.000135108 0.000107859 8.48049e-05 6.56652e-05 5.00617e-05 3.75661e-05 2.77346e-05 2.0135e-05 1.43649e-05 1.00631e-05 6.91569e-06 4.65728e-06 3.06939e-06 1.97658e-06 1.24139e-06 7.58655e-07 4.49904e-07 2.57999e-07 1.42425e-07 7.52313e-08 3.76936e-08 1.76668e-08 7.54651e-09 2.75797e-09 6.728e-10 -1.39029e-10 -4.04791e-10</coefficients></responseFIR><responseFIR publicID="NRL/Nanometrics/TAURUS.0_4.20.LO.0_001/5" name="NRL/Nanometrics/TAURUS.0_4.20.LO.0_001/5"><gain>1</gain><decimationFactor>10</decimationFactor><delay>93</delay><correction>93</correction><numberOfCoefficients>187</numberOfCoefficients><symmetry>A</symmetry><coefficients>8.46923e-10 2.27422e-09 4.53895e-09 6.87379e-09 7.10904e-09 7.62784e-10 -1.98301e-08 -6.60994e-08 -1.53114e-07 -2.98249e-07 -5.18152e-07 -8.23636e-07 -1.21248e-06 -1.66055e-06 -2.11247e-06 -2.47353e-06 -2.60562e-06 -2.33013e-06 -1.44098e-06 2.69804e-07 2.97271e-06 6.74886e-06 1.15296e-05 1.70354e-05 2.27248e-05 2.7767e-05 3.10537e-05 3.1263e-05 2.69861e-05 1.69189e-05 1.11176e-07 -2.37456e-05 -5.40267e-05 -8.89227e-05 -0.000125282 -0.000158604 -0.000183236 -0.000192798 -0.000180864 -0.00014185 -7.2067e-05 2.91938e-05 0.000158665 0.000308386 0.000465422 0.000612198 0.000727547 0.000788512 0.000772858 0.000662123 0.000444926 0.000120161 -0.000300369 -0.000790361 -0.00130887 -0.00180202 -0.00220662 -0.00245579 -0.00248619 -0.00224631 -0.00170503 -0.000859463 0.000259011 0.00158157 0.0030025 0.00438414 0.00556632 0.00638 0.0066644 0.00628604 0.00515814 0.0032582 0.000641682 -0.00255018 -0.00609006 -0.0096727 -0.0129317 -0.0154642 -0.0168626 -0.016749 -0.0148125 -0.0108426 -0.00475778 0.00337489 0.0133318 0.0247374 0.0370816 0.0497507 0.062067 0.0733368 0.0829015 0.0901866 0.0947464 0.0962985 0.0947464 0.0901866 0.0829015 0.0733368 0.062067 0.0497507 0.0370816 0.0247374 0.0133318 0.00337489 -0.00475778 -0.0108426 -0.0148125 -0.016749 -0.0168626 -0.0154642 -0.0129317 -0.0096727 -0.00609006 -0.00255018 0.000641682 0.0032582 0.00515814 0.00628604 0.0066644 0.00638 0.00556632 0.00438414 0.0030025 0.00158157 0.000259011 -0.000859463 -0.00170503 -0.00224631 -0.00248619 -0.00245579 -0.00220662 -0.00180202 -0.00130887 -0.000790361 -0.000300369 0.000120161 0.000444926 0.000662123 0.000772858 0.000788512 0.000727547 0.000612198 0.000465422 0.000308386 0.000158665 2.91938e-05 -7.2067e-05 -0.00014185 -0.000180864 -0.000192798 -0.000183236 -0.000158604 -0.000125282 -8.89227e-05 -5.40267e-05 -2.37456e-05 1.11176e-07 1.69189e-05 2.69861e-05 3.1263e-05 3.10537e-05 2.7767e-05 2.27248e-05 1.70354e-05 1.15296e-05 6.74886e-06 2.97271e-06 2.69804e-07 -1.44098e-06 -2.33013e-06 -2.60562e-06 -2.47353e-06 -2.11247e-06 -1.66055e-06 -1.21248e-06 -8.23636e-07 -5.18152e-07 -2.98249e-07 -1.53114e-07 -6.60994e-08 -1.98301e-08 7.62784e-10 7.10904e-09 6.87379e-09 4.53895e-09 2.27422e-09 8.46923e-10</coefficients></responseFIR><responseFIR publicID="NRL/Nanometrics/TAURUS.0_4.20.LO.0_001/6" name="NRL/Nanometrics/TAURUS.0_4.20.LO.0_001/6"><gain>1</gain><decimationFactor>5</decimationFactor><delay>56</delay><correction>56</correction><numberOfCoefficients>113</numberOfCoefficients><symmetry>A</symmetry><coefficients>3.62415e-09 1.47022e-08 2.92465e-08 1.67582e-08 -9.45969e-08 -4.00529e-07 -9.37365e-07 -1.53044e-06 -1.64599e-06 -4.0787e-07 3.03009e-06 8.68599e-06 1.4766e-05 1.71367e-05 1.01281e-05 -1.07286e-05 -4.43965e-05 -8.0298e-05 -9.76176e-05 -7.09487e-05 1.69209e-05 0.000158508 0.000309494 0.00039128 0.000315589 2.91906e-05 -0.000436272 -0.000935417 -0.00122839 -0.00106147 -0.000293981 0.000975648 0.00235246 0.00321559 0.00293343 0.00117105 -0.00182955 -0.00514565 -0.00736121 -0.00705636 -0.00346765 0.00293511 0.0102486 0.0155183 0.0157062 0.00898787 -0.00408117 -0.0200454 -0.033035 -0.0362846 -0.0243088 0.00495879 0.0488453 0.100015 0.148075 0.182311 0.194711 0.182311 0.148075 0.100015 0.0488453 0.00495879 -0.0243088 -0.0362846 -0.033035 -0.0200454 -0.00408117 0.00898787 0.0157062 0.0155183 0.0102486 0.00293511 -0.00346765 -0.00705636 -0.00736121 -0.00514565 -0.00182955 0.00117105 0.00293343 0.00321559 0.00235246 0.000975648 -0.000293981 -0.00106147 -0.00122839 -0.000935417 -0.000436272 2.91906e-05 0.000315589 0.00039128 0.000309494 0.000158508 1.69209e-05 -7.09487e-05 -9.76176e-05 -8.0298e-05 -4.43965e-05 -1.07286e-05 1.01281e-05 1.71367e-05 1.4766e-05 8.68599e-06 3.03009e-06 -4.0787e-07 -1.64599e-06 -1.53044e-06 -9.37365e-07 -4.00529e-07 -9.45969e-08 1.67582e-08 2.92465e-08 1.47022e-08 3.62415e-09</coefficients></responseFIR><responseFIR publicID="NRL/Nanometrics/TAURUS.0_4.20.LO.0_001/7" name="NRL/Nanometrics/TAURUS.0_4.20.LO.0_001/7"><gain>1</gain><decimationFactor>2</decimationFactor><delay>111</delay><correction>111</correction><numberOfCoefficients>223</numberOfCoefficients><symmetry>A</symmetry><coefficients>-2.4877e-10 4.73744e-09 1.24032e-08 2.18423e-09 -2.9735e-08 -2.7741e-08 4.8235e-08 9.04852e-08 -4.3772e-08 -2.02925e-07 -2.93251e-08 3.57677e-07 2.38076e-07 -5.05054e-07 -6.56661e-07 5.29514e-07 1.33303e-06 -2.35391e-07 -2.23456e-06 -6.43189e-07 3.17885e-06 2.39189e-06 -3.76643e-06 -5.21313e-06 3.34388e-06 9.06984e-06 -1.0342e-06 -1.34948e-05 -4.1282e-06 1.74081e-05 1.29325e-05 -1.90112e-05 -2.55982e-05 1.58385e-05 4.12985e-05 -5.05136e-06 -5.76943e-05 -1.59734e-05 7.06232e-05 4.87621e-05 -7.41183e-05 -9.2656e-05 6.09281e-05 0.000143704 -2.36571e-05 -0.000193818 -4.34607e-05 0.000230529 0.0001423 -0.000237697 -0.00026842 0.00019742 0.000408986 -9.32264e-05 -0.000541667 -8.56506e-05 0.000635146 0.000339424 -0.000651794 -0.000653162 0.000552734 0.000993533 -0.000305133 -0.00130802 -0.000108987 0.00152764 0.000683646 -0.00157381 -0.00138119 0.00136932 0.00212784 -0.000852739 -0.00281433 -5.43598e-06 0.00330293 0.00118724 -0.00344149 -0.00261502 0.00308386 0.00414554 -0.00211493 -0.00557267 0.000477543 0.00664017 0.00180254 -0.00706464 -0.00459738 0.00656694 0.0076669 -0.00490895 -0.0106603 0.00193106 0.0131289 0.00241487 -0.0145476 -0.00804248 0.0143373 0.0147221 -0.0118736 -0.0220889 0.00645106 0.0296694 0.00287172 -0.0369222 -0.0177763 0.0432915 0.0424836 -0.0482648 -0.0928087 0.0514286 0.313777 0.447486 0.313777 0.0514286 -0.0928087 -0.0482648 0.0424836 0.0432915 -0.0177763 -0.0369222 0.00287172 0.0296694 0.00645106 -0.0220889 -0.0118736 0.0147221 0.0143373 -0.00804248 -0.0145476 0.00241487 0.0131289 0.00193106 -0.0106603 -0.00490895 0.0076669 0.00656694 -0.00459738 -0.00706464 0.00180254 0.00664017 0.000477543 -0.00557267 -0.00211493 0.00414554 0.00308386 -0.00261502 -0.00344149 0.00118724 0.00330293 -5.43598e-06 -0.00281433 -0.000852739 0.00212784 0.00136932 -0.00138119 -0.00157381 0.000683646 0.00152764 -0.000108987 -0.00130802 -0.000305133 0.000993533 0.000552734 -0.000653162 -0.000651794 0.000339424 0.000635146 -8.56506e-05 -0.000541667 -9.32264e-05 0.000408986 0.00019742 -0.00026842 -0.000237697 0.0001423 0.000230529 -4.34607e-05 -0.000193818 -2.36571e-05 0.000143704 6.09281e-05 -9.2656e-05 -7.41183e-05 4.87621e-05 7.06232e-05 -1.59734e-05 -5.76943e-05 -5.05136e-06 4.12985e-05 1.58385e-05 -2.55982e-05 -1.90112e-05 1.29325e-05 1.74081e-05 -4.1282e-06 -1.34948e-05 -1.0342e-06 9.06984e-06 3.34388e-06 -5.21313e-06 -3.76643e-06 2.39189e-06 3.17885e-06 -6.43189e-07 -2.23456e-06 -2.35391e-07 1.33303e-06 5.29514e-07 -6.56661e-07 -5.05054e-07 2.38076e-07 3.57677e-07 -2.93251e-08 -2.02925e-07 -4.3772e-08 9.04852e-08 4.8235e-08 -2.7741e-08 -2.9735e-08 2.18423e-09 1.24032e-08 4.73744e-09 -2.4877e-10</coefficients></responseFIR><responseFIR publicID="NRL/Nanometrics/TAURUS.0_4.40.LO.0_001/3" name="NRL/Nanometrics/TAURUS.0_4.40.LO.0_001/3"><gain>1000000</gain><decimationFactor>1</decimationFactor><delay>0</delay><correction>0</correction><numberOfCoefficients>1</numberOfCoefficients><symmetry>A</symmetry><coefficients>1</coefficients></responseFIR><responseFIR publicID="NRL/Nanometrics/TAURUS.0_4.40.LO.0_001/4" name="NRL/Nanometrics/TAURUS.0_4.40.LO.0_001/4"><gain>1</gain><decimationFactor>15</decimationFactor><delay>87.99999</delay><correction>87.99999</correction><numberOfCoefficients>177</numberOfCoefficients><symmetry>A</symmetry><coefficients>-1.50596e-10 -1.49886e-10 -1.00311e-10 1.25946e-10 7.96045e-10 2.42983e-09 5.98254e-09 1.31276e-08 2.66781e-08 5.11949e-08 9.38368e-08 1.65513e-07 2.82403e-07 4.67904e-07 7.55046e-07 1.18942e-06 1.83258e-06 2.7659e-06 4.09467e-06 5.95239e-06 8.50469e-06 1.19527e-05 1.65353e-05 2.25292e-05 3.02465e-05 4.00291e-05 5.22379e-05 6.72375e-05 8.53738e-05 0.000106946 0.000132169 0.000161134 0.000193754 0.000229712 0.000268398 0.000308854 0.000349711 0.00038914 0.000424811 0.00045387 0.000472936 0.000478133 0.000465151 0.000429345 0.000365887 0.000269951 0.000136952 -3.71723e-05 -0.000255641 -0.000520481 -0.00083216 -0.00118921 -0.00158785 -0.0020217 -0.00248145 -0.00295468 -0.00342576 -0.00387587 -0.0042831 -0.00462279 -0.00486795 -0.00498988 -0.00495889 -0.00474523 -0.0043201 -0.00365672 -0.00273148 -0.00152512 -2.38364e-05 0.00177968 0.00388537 0.00628506 0.00896202 0.0118907 0.0150369 0.018358 0.0218039 0.0253179 0.0288377 0.0322978 0.0356302 0.038767 0.0416424 0.0441942 0.0463659 0.0481089 0.0493834 0.0501602 0.0504211 0.0501602 0.0493834 0.0481089 0.0463659 0.0441942 0.0416424 0.038767 0.0356302 0.0322978 0.0288377 0.0253179 0.0218039 0.018358 0.0150369 0.0118907 0.00896202 0.00628506 0.00388537 0.00177968 -2.38364e-05 -0.00152512 -0.00273148 -0.00365672 -0.0043201 -0.00474523 -0.00495889 -0.00498988 -0.00486795 -0.00462279 -0.0042831 -0.00387587 -0.00342576 -0.00295468 -0.00248145 -0.0020217 -0.00158785 -0.00118921 -0.00083216 -0.000520481 -0.000255641 -3.71723e-05 0.000136952 0.000269951 0.000365887 0.000429345 0.000465151 0.000478133 0.000472936 0.00045387 0.000424811 0.00038914 0.000349711 0.000308854 0.000268398 0.000229712 0.000193754 0.000161134 0.000132169 0.000106946 8.53738e-05 6.72375e-05 5.22379e-05 4.00291e-05 3.02465e-05 2.25292e-05 1.65353e-05 1.19527e-05 8.50469e-06 5.95239e-06 4.09467e-06 2.7659e-06 1.83258e-06 1.18942e-06 7.55046e-07 4.67904e-07 2.82403e-07 1.65513e-07 9.38368e-08 5.11949e-08 2.66781e-08 1.31276e-08 5.98254e-09 2.42983e-09 7.96045e-10 1.25946e-10 -1.00311e-10 -1.49886e-10 -1.50596e-10</coefficients></responseFIR><responseFIR publicID="NRL/Nanometrics/TAURUS.0_4.40.LO.0_001/5" name="NRL/Nanometrics/TAURUS.0_4.40.LO.0_001/5"><gain>1</gain><decimationFactor>5</decimationFactor><delay>35</delay><correction>35</correction><numberOfCoefficients>71</numberOfCoefficients><symmetry>A</symmetry><coefficients>-1.40023e-08 -1.25506e-07 -6.07492e-07 -2.04687e-06 -5.23635e-06 -1.04277e-05 -1.56651e-05 -1.46714e-05 3.8669e-06 5.25492e-05 0.000134545 0.000227328 0.000269409 0.000165389 -0.000175421 -0.000764991 -0.00145211 -0.00188164 -0.00156238 -7.9306e-05 0.00258843 0.00577767 0.0080777 0.00766531 0.00306602 -0.00585956 -0.0171185 -0.0264597 -0.0282353 -0.0171837 0.0093947 0.0499107 0.0980348 0.14394 0.176996 0.189035 0.176996 0.14394 0.0980348 0.0499107 0.0093947 -0.0171837 -0.0282353 -0.0264597 -0.0171185 -0.00585956 0.00306602 0.00766531 0.0080777 0.00577767 0.00258843 -7.9306e-05 -0.00156238 -0.00188164 -0.00145211 -0.000764991 -0.000175421 0.000165389 0.000269409 0.000227328 0.000134545 5.25492e-05 3.8669e-06 -1.46714e-05 -1.56651e-05 -1.04277e-05 -5.23635e-06 -2.04687e-06 -6.07492e-07 -1.25506e-07 -1.40023e-08</coefficients></responseFIR><responseFIR publicID="NRL/Nanometrics/TAURUS.0_4.40.LO.0_001/6" name="NRL/Nanometrics/TAURUS.0_4.40.LO.0_001/6"><gain>1</gain><decimationFactor>5</decimationFactor><delay>56</delay><correction>56</correction><numberOfCoefficients>113</numberOfCoefficients><symmetry>A</symmetry><coefficients>3.62415e-09 1.47022e-08 2.92465e-08 1.67582e-08 -9.45969e-08 -4.00529e-07 -9.37365e-07 -1.53044e-06 -1.64599e-06 -4.0787e-07 3.03009e-06 8.68599e-06 1.4766e-05 1.71367e-05 1.01281e-05 -1.07286e-05 -4.43965e-05 -8.0298e-05 -9.76176e-05 -7.09487e-05 1.69209e-05 0.000158508 0.000309494 0.00039128 0.000315589 2.91906e-05 -0.000436272 -0.000935417 -0.00122839 -0.00106147 -0.000293981 0.000975648 0.00235246 0.00321559 0.00293343 0.00117105 -0.00182955 -0.00514565 -0.00736121 -0.00705636 -0.00346765 0.00293511 0.0102486 0.0155183 0.0157062 0.00898787 -0.00408117 -0.0200454 -0.033035 -0.0362846 -0.0243088 0.00495879 0.0488453 0.100015 0.148075 0.182311 0.194711 0.182311 0.148075 0.100015 0.0488453 0.00495879 -0.0243088 -0.0362846 -0.033035 -0.0200454 -0.00408117 0.00898787 0.0157062 0.0155183 0.0102486 0.00293511 -0.00346765 -0.00705636 -0.00736121 -0.00514565 -0.00182955 0.00117105 0.00293343 0.00321559 0.00235246 0.000975648 -0.000293981 -0.00106147 -0.00122839 -0.000935417 -0.000436272 2.91906e-05 0.000315589 0.00039128 0.000309494 0.000158508 1.69209e-05 -7.09487e-05 -9.76176e-05 -8.0298e-05 -4.43965e-05 -1.07286e-05 1.01281e-05 1.71367e-05 1.4766e-05 8.68599e-06 3.03009e-06 -4.0787e-07 -1.64599e-06 -1.53044e-06 -9.37365e-07 -4.00529e-07 -9.45969e-08 1.67582e-08 2.92465e-08 1.47022e-08 3.62415e-09</coefficients></responseFIR><responseFIR publicID="NRL/Nanometrics/TAURUS.0_4.40.LO.0_001/7" name="NRL/Nanometrics/TAURUS.0_4.40.LO.0_001/7"><gain>1</gain><decimationFactor>2</decimationFactor><delay>111</delay><correction>111</correction><numberOfCoefficients>223</numberOfCoefficients><symmetry>A</symmetry><coefficients>-2.4877e-10 4.73744e-09 1.24032e-08 2.18423e-09 -2.9735e-08 -2.7741e-08 4.8235e-08 9.04852e-08 -4.3772e-08 -2.02925e-07 -2.93251e-08 3.57677e-07 2.38076e-07 -5.05054e-07 -6.56661e-07 5.29514e-07 1.33303e-06 -2.35391e-07 -2.23456e-06 -6.43189e-07 3.17885e-06 2.39189e-06 -3.76643e-06 -5.21313e-06 3.34388e-06 9.06984e-06 -1.0342e-06 -1.34948e-05 -4.1282e-06 1.74081e-05 1.29325e-05 -1.90112e-05 -2.55982e-05 1.58385e-05 4.12985e-05 -5.05136e-06 -5.76943e-05 -1.59734e-05 7.06232e-05 4.87621e-05 -7.41183e-05 -9.2656e-05 6.09281e-05 0.000143704 -2.36571e-05 -0.000193818 -4.34607e-05 0.000230529 0.0001423 -0.000237697 -0.00026842 0.00019742 0.000408986 -9.32264e-05 -0.000541667 -8.56506e-05 0.000635146 0.000339424 -0.000651794 -0.000653162 0.000552734 0.000993533 -0.000305133 -0.00130802 -0.000108987 0.00152764 0.000683646 -0.00157381 -0.00138119 0.00136932 0.00212784 -0.000852739 -0.00281433 -5.43598e-06 0.00330293 0.00118724 -0.00344149 -0.00261502 0.00308386 0.00414554 -0.00211493 -0.00557267 0.000477543 0.00664017 0.00180254 -0.00706464 -0.00459738 0.00656694 0.0076669 -0.00490895 -0.0106603 0.00193106 0.0131289 0.00241487 -0.0145476 -0.00804248 0.0143373 0.0147221 -0.0118736 -0.0220889 0.00645106 0.0296694 0.00287172 -0.0369222 -0.0177763 0.0432915 0.0424836 -0.0482648 -0.0928087 0.0514286 0.313777 0.447486 0.313777 0.0514286 -0.0928087 -0.0482648 0.0424836 0.0432915 -0.0177763 -0.0369222 0.00287172 0.0296694 0.00645106 -0.0220889 -0.0118736 0.0147221 0.0143373 -0.00804248 -0.0145476 0.00241487 0.0131289 0.00193106 -0.0106603 -0.00490895 0.0076669 0.00656694 -0.00459738 -0.00706464 0.00180254 0.00664017 0.000477543 -0.00557267 -0.00211493 0.00414554 0.00308386 -0.00261502 -0.00344149 0.00118724 0.00330293 -5.43598e-06 -0.00281433 -0.000852739 0.00212784 0.00136932 -0.00138119 -0.00157381 0.000683646 0.00152764 -0.000108987 -0.00130802 -0.000305133 0.000993533 0.000552734 -0.000653162 -0.000651794 0.000339424 0.000635146 -8.56506e-05 -0.000541667 -9.32264e-05 0.000408986 0.00019742 -0.00026842 -0.000237697 0.0001423 0.000230529 -4.34607e-05 -0.000193818 -2.36571e-05 0.000143704 6.09281e-05 -9.2656e-05 -7.41183e-05 4.87621e-05 7.06232e-05 -1.59734e-05 -5.76943e-05 -5.05136e-06 4.12985e-05 1.58385e-05 -2.55982e-05 -1.90112e-05 1.29325e-05 1.74081e-05 -4.1282e-06 -1.34948e-05 -1.0342e-06 9.06984e-06 3.34388e-06 -5.21313e-06 -3.76643e-06 2.39189e-06 3.17885e-06 -6.43189e-07 -2.23456e-06 -2.35391e-07 1.33303e-06 5.29514e-07 -6.56661e-07 -5.05054e-07 2.38076e-07 3.57677e-07 -2.93251e-08 -2.02925e-07 -4.3772e-08 9.04852e-08 4.8235e-08 -2.7741e-08 -2.9735e-08 2.18423e-09 1.24032e-08 4.73744e-09 -2.4877e-10</coefficients></responseFIR><responseFIR publicID="NRL/Nanometrics/CENTAUR.1.40.0_001.LP/3" name="NRL/Nanometrics/CENTAUR.1.40.0_001.LP/3"><gain>400000</gain><decimationFactor>1</decimationFactor><delay>0</delay><correction>0</correction><numberOfCoefficients>1</numberOfCoefficients><symmetry>A</symmetry><coefficients>1</coefficients></responseFIR><responseFIR publicID="NRL/Nanometrics/CENTAUR.1.40.0_001.LP/4" name="NRL/Nanometrics/CENTAUR.1.40.0_001.LP/4"><gain>1</gain><decimationFactor>15</decimationFactor><delay>87.99999</delay><correction>87.99999</correction><numberOfCoefficients>177</numberOfCoefficients><symmetry>A</symmetry><coefficients>-1.505963e-10 -1.498864e-10 -1.003114e-10 1.259464e-10 7.960452e-10 2.429826e-09 5.982545e-09 1.312758e-08 2.667805e-08 5.11949e-08 9.383678e-08 1.655131e-07 2.824034e-07 4.679037e-07 7.550464e-07 1.189421e-06 1.832584e-06 2.765898e-06 4.094671e-06 5.952385e-06 8.504687e-06 1.195274e-05 1.653534e-05 2.25292e-05 3.024654e-05 4.002912e-05 5.223793e-05 6.723746e-05 8.537376e-05 0.0001069458 0.0001321694 0.0001611344 0.0001937545 0.0002297118 0.000268398 0.0003088539 0.000349711 0.0003891402 0.0004248112 0.0004538696 0.0004729357 0.000478133 0.0004651506 0.0004293454 0.0003658874 0.0002699508 0.0001369516 -3.717235e-05 -0.0002556407 -0.0005204814 -0.0008321602 -0.001189207 -0.001587853 -0.002021701 -0.002481447 -0.002954677 -0.003425763 -0.003875869 -0.004283101 -0.004622793 -0.004867955 -0.004989878 -0.004958887 -0.004745233 -0.004320103 -0.003656717 -0.002731476 -0.001525117 -2.383639e-05 0.001779682 0.003885369 0.00628506 0.008962016 0.01189071 0.0150369 0.01835803 0.02180394 0.02531786 0.02883773 0.03229776 0.03563016 0.03876704 0.04164242 0.04419417 0.04636594 0.04810893 0.04938344 0.05016015 0.05042108 0.05016015 0.04938344 0.04810893 0.04636594 0.04419417 0.04164242 0.03876704 0.03563016 0.03229776 0.02883773 0.02531786 0.02180394 0.01835803 0.0150369 0.01189071 0.008962016 0.00628506 0.003885369 0.001779682 -2.383639e-05 -0.001525117 -0.002731476 -0.003656717 -0.004320103 -0.004745233 -0.004958887 -0.004989878 -0.004867955 -0.004622793 -0.004283101 -0.003875869 -0.003425763 -0.002954677 -0.002481447 -0.002021701 -0.001587853 -0.001189207 -0.0008321602 -0.0005204814 -0.0002556407 -3.717235e-05 0.0001369516 0.0002699508 0.0003658874 0.0004293454 0.0004651506 0.000478133 0.0004729357 0.0004538696 0.0004248112 0.0003891402 0.000349711 0.0003088539 0.000268398 0.0002297118 0.0001937545 0.0001611344 0.0001321694 0.0001069458 8.537376e-05 6.723746e-05 5.223793e-05 4.002912e-05 3.024654e-05 2.25292e-05 1.653534e-05 1.195274e-05 8.504687e-06 5.952385e-06 4.094671e-06 2.765898e-06 1.832584e-06 1.189421e-06 7.550464e-07 4.679037e-07 2.824034e-07 1.655131e-07 9.383678e-08 5.11949e-08 2.667805e-08 1.312758e-08 5.982545e-09 2.429826e-09 7.960452e-10 1.259464e-10 -1.003114e-10 -1.498864e-10 -1.505963e-10</coefficients></responseFIR><responseFIR publicID="NRL/Nanometrics/CENTAUR.1.40.0_001.LP/5" name="NRL/Nanometrics/CENTAUR.1.40.0_001.LP/5"><gain>1</gain><decimationFactor>5</decimationFactor><delay>35</delay><correction>35</correction><numberOfCoefficients>71</numberOfCoefficients><symmetry>A</symmetry><coefficients>-1.400229e-08 -1.255059e-07 -6.074921e-07 -2.046866e-06 -5.236352e-06 -1.042766e-05 -1.566514e-05 -1.467138e-05 3.866903e-06 5.254917e-05 0.0001345447 0.0002273285 0.0002694088 0.0001653887 -0.0001754205 -0.0007649912 -0.001452111 -0.001881641 -0.001562383 -7.930603e-05 0.002588435 0.005777669 0.008077698 0.007665307 0.003066022 -0.005859562 -0.01711852 -0.02645966 -0.02823533 -0.01718375 0.009394698 0.04991073 0.09803478 0.1439399 0.1769958 0.1890346 0.1769958 0.1439399 0.09803478 0.04991073 0.009394698 -0.01718375 -0.02823533 -0.02645966 -0.01711852 -0.005859562 0.003066022 0.007665307 0.008077698 0.005777669 0.002588435 -7.930603e-05 -0.001562383 -0.001881641 -0.001452111 -0.0007649912 -0.0001754205 0.0001653887 0.0002694088 0.0002273285 0.0001345447 5.254917e-05 3.866903e-06 -1.467138e-05 -1.566514e-05 -1.042766e-05 -5.236352e-06 -2.046866e-06 -6.074921e-07 -1.255059e-07 -1.400229e-08</coefficients></responseFIR><responseFIR publicID="NRL/Nanometrics/CENTAUR.1.40.0_001.LP/6" name="NRL/Nanometrics/CENTAUR.1.40.0_001.LP/6"><gain>1</gain><decimationFactor>5</decimationFactor><delay>56</delay><correction>56</correction><numberOfCoefficients>113</numberOfCoefficients><symmetry>A</symmetry><coefficients>3.624153e-09 1.470217e-08 2.924648e-08 1.675816e-08 -9.459693e-08 -4.005292e-07 -9.373652e-07 -1.530435e-06 -1.645991e-06 -4.078704e-07 3.030094e-06 8.685992e-06 1.476603e-05 1.713675e-05 1.012814e-05 -1.072856e-05 -4.439651e-05 -8.029797e-05 -9.761762e-05 -7.094869e-05 1.692091e-05 0.0001585078 0.0003094936 0.0003912802 0.0003155885 2.919058e-05 -0.0004362724 -0.0009354174 -0.001228394 -0.001061469 -0.0002939815 0.0009756478 0.002352455 0.003215585 0.002933434 0.001171051 -0.001829548 -0.005145646 -0.007361208 -0.007056359 -0.003467655 0.002935113 0.01024857 0.01551828 0.01570616 0.008987865 -0.004081172 -0.0200454 -0.03303498 -0.03628456 -0.0243088 0.004958794 0.04884525 0.1000148 0.1480753 0.1823112 0.1947111 0.1823112 0.1480753 0.1000148 0.04884525 0.004958794 -0.0243088 -0.03628456 -0.03303498 -0.0200454 -0.004081172 0.008987865 0.01570616 0.01551828 0.01024857 0.002935113 -0.003467655 -0.007056359 -0.007361208 -0.005145646 -0.001829548 0.001171051 0.002933434 0.003215585 0.002352455 0.0009756478 -0.0002939815 -0.001061469 -0.001228394 -0.0009354174 -0.0004362724 2.919058e-05 0.0003155885 0.0003912802 0.0003094936 0.0001585078 1.692091e-05 -7.094869e-05 -9.761762e-05 -8.029797e-05 -4.439651e-05 -1.072856e-05 1.012814e-05 1.713675e-05 1.476603e-05 8.685992e-06 3.030094e-06 -4.078704e-07 -1.645991e-06 -1.530435e-06 -9.373652e-07 -4.005292e-07 -9.459693e-08 1.675816e-08 2.924648e-08 1.470217e-08 3.624153e-09</coefficients></responseFIR><responseFIR publicID="NRL/Nanometrics/CENTAUR.1.40.0_001.LP/7" name="NRL/Nanometrics/CENTAUR.1.40.0_001.LP/7"><gain>1</gain><decimationFactor>2</decimationFactor><delay>111</delay><correction>111</correction><numberOfCoefficients>223</numberOfCoefficients><symmetry>A</symmetry><coefficients>-2.487704e-10 4.73744e-09 1.240319e-08 2.18423e-09 -2.973504e-08 -2.774098e-08 4.823501e-08 9.04852e-08 -4.377202e-08 -2.029251e-07 -2.93251e-08 3.576771e-07 2.380756e-07 -5.050541e-07 -6.566606e-07 5.295136e-07 1.333027e-06 -2.353909e-07 -2.234558e-06 -6.431887e-07 3.178848e-06 2.391894e-06 -3.766426e-06 -5.213131e-06 3.343879e-06 9.069842e-06 -1.034203e-06 -1.349476e-05 -4.128203e-06 1.740814e-05 1.293247e-05 -1.901116e-05 -2.55982e-05 1.583847e-05 4.129854e-05 -5.051362e-06 -5.769434e-05 -1.597343e-05 7.06232e-05 4.876212e-05 -7.411825e-05 -9.265601e-05 6.092806e-05 0.0001437042 -2.365713e-05 -0.0001938177 -4.346068e-05 0.0002305286 0.0001422997 -0.0002376966 -0.0002684195 0.00019742 0.0004089862 -9.322642e-05 -0.0005416667 -8.56506e-05 0.0006351459 0.0003394235 -0.0006517938 -0.0006531623 0.000552734 0.0009935334 -0.000305133 -0.00130802 -0.0001089867 0.001527642 0.0006836461 -0.001573808 -0.00138119 0.001369316 0.002127841 -0.0008527391 -0.002814326 -5.435981e-06 0.003302926 0.001187235 -0.003441493 -0.002615018 0.003083861 0.004145541 -0.002114933 -0.005572669 0.0004775432 0.006640171 0.001802538 -0.00706464 -0.004597381 0.00656694 0.007666904 -0.00490895 -0.01066029 0.001931064 0.01312888 0.002414871 -0.01454758 -0.008042475 0.01433728 0.01472206 -0.01187359 -0.02208895 0.00645106 0.0296694 0.002871719 -0.03692219 -0.01777635 0.04329151 0.04248361 -0.04826485 -0.09280869 0.05142858 0.3137774 0.4474858 0.3137774 0.05142858 -0.09280869 -0.04826485 0.04248361 0.04329151 -0.01777635 -0.03692219 0.002871719 0.0296694 0.00645106 -0.02208895 -0.01187359 0.01472206 0.01433728 -0.008042475 -0.01454758 0.002414871 0.01312888 0.001931064 -0.01066029 -0.00490895 0.007666904 0.00656694 -0.004597381 -0.00706464 0.001802538 0.006640171 0.0004775432 -0.005572669 -0.002114933 0.004145541 0.003083861 -0.002615018 -0.003441493 0.001187235 0.003302926 -5.435981e-06 -0.002814326 -0.0008527391 0.002127841 0.001369316 -0.00138119 -0.001573808 0.0006836461 0.001527642 -0.0001089867 -0.00130802 -0.000305133 0.0009935334 0.000552734 -0.0006531623 -0.0006517938 0.0003394235 0.0006351459 -8.56506e-05 -0.0005416667 -9.322642e-05 0.0004089862 0.00019742 -0.0002684195 -0.0002376966 0.0001422997 0.0002305286 -4.346068e-05 -0.0001938177 -2.365713e-05 0.0001437042 6.092806e-05 -9.265601e-05 -7.411825e-05 4.876212e-05 7.06232e-05 -1.597343e-05 -5.769434e-05 -5.051362e-06 4.129854e-05 1.583847e-05 -2.55982e-05 -1.901116e-05 1.293247e-05 1.740814e-05 -4.128203e-06 -1.349476e-05 -1.034203e-06 9.069842e-06 3.343879e-06 -5.213131e-06 -3.766426e-06 2.391894e-06 3.178848e-06 -6.431887e-07 -2.234558e-06 -2.353909e-07 1.333027e-06 5.295136e-07 -6.566606e-07 -5.050541e-07 2.380756e-07 3.576771e-07 -2.93251e-08 -2.029251e-07 -4.377202e-08 9.04852e-08 4.823501e-08 -2.774098e-08 -2.973504e-08 2.18423e-09 1.240319e-08 4.73744e-09 -2.487704e-10</coefficients></responseFIR><responseFIR publicID="NRL/Nanometrics/TAURUS.0_4.100.LO.0_001/3" name="NRL/Nanometrics/TAURUS.0_4.100.LO.0_001/3"><gain>1000000</gain><decimationFactor>1</decimationFactor><delay>0</delay><correction>0</correction><numberOfCoefficients>1</numberOfCoefficients><symmetry>A</symmetry><coefficients>1</coefficients></responseFIR><responseFIR publicID="NRL/Nanometrics/TAURUS.0_4.100.LO.0_001/4" name="NRL/Nanometrics/TAURUS.0_4.100.LO.0_001/4"><gain>1</gain><decimationFactor>15</decimationFactor><delay>81.99999</delay><correction>81.99999</correction><numberOfCoefficients>165</numberOfCoefficients><symmetry>A</symmetry><coefficients>-4.04791e-10 -1.39029e-10 6.728e-10 2.75797e-09 7.54651e-09 1.76668e-08 3.76936e-08 7.52313e-08 1.42425e-07 2.57999e-07 4.49904e-07 7.58655e-07 1.24139e-06 1.97658e-06 3.06939e-06 4.65728e-06 6.91569e-06 1.00631e-05 1.43649e-05 2.0135e-05 2.77346e-05 3.75661e-05 5.00617e-05 6.56652e-05 8.48049e-05 0.000107859 0.000135108 0.000166685 0.000202505 0.0002422 0.000285038 0.00032985 0.000374956 0.000418099 0.0004564 0.000486339 0.000503757 0.000503913 0.00048158 0.000431195 0.000347068 0.000223655 5.58818e-05 -0.000160476 -0.000428365 -0.000749008 -0.00112143 -0.00154201 -0.00200406 -0.00249746 -0.00300841 -0.00351925 -0.00400852 -0.00445107 -0.00481847 -0.00507953 -0.00520107 -0.00514889 -0.00488884 -0.00438813 -0.00361664 -0.0025484 -0.00116293 0.00055335 0.00260595 0.00499129 0.00769592 0.0106961 0.0139576 0.0174363 0.0210783 0.0248217 0.0285976 0.0323318 0.0359474 0.0393664 0.0425127 0.0453141 0.0477047 0.0496275 0.0510356 0.0518947 0.0521834 0.0518947 0.0510356 0.0496275 0.0477047 0.0453141 0.0425127 0.0393664 0.0359474 0.0323318 0.0285976 0.0248217 0.0210783 0.0174363 0.0139576 0.0106961 0.00769592 0.00499129 0.00260595 0.00055335 -0.00116293 -0.0025484 -0.00361664 -0.00438813 -0.00488884 -0.00514889 -0.00520107 -0.00507953 -0.00481847 -0.00445107 -0.00400852 -0.00351925 -0.00300841 -0.00249746 -0.00200406 -0.00154201 -0.00112143 -0.000749008 -0.000428365 -0.000160476 5.58818e-05 0.000223655 0.000347068 0.000431195 0.00048158 0.000503913 0.000503757 0.000486339 0.0004564 0.000418099 0.000374956 0.00032985 0.000285038 0.0002422 0.000202505 0.000166685 0.000135108 0.000107859 8.48049e-05 6.56652e-05 5.00617e-05 3.75661e-05 2.77346e-05 2.0135e-05 1.43649e-05 1.00631e-05 6.91569e-06 4.65728e-06 3.06939e-06 1.97658e-06 1.24139e-06 7.58655e-07 4.49904e-07 2.57999e-07 1.42425e-07 7.52313e-08 3.76936e-08 1.76668e-08 7.54651e-09 2.75797e-09 6.728e-10 -1.39029e-10 -4.04791e-10</coefficients></responseFIR><responseFIR publicID="NRL/Nanometrics/TAURUS.0_4.100.LO.0_001/5" name="NRL/Nanometrics/TAURUS.0_4.100.LO.0_001/5"><gain>1</gain><decimationFactor>10</decimationFactor><delay>93</delay><correction>93</correction><numberOfCoefficients>187</numberOfCoefficients><symmetry>A</symmetry><coefficients>8.46923e-10 2.27422e-09 4.53895e-09 6.87379e-09 7.10904e-09 7.62784e-10 -1.98301e-08 -6.60994e-08 -1.53114e-07 -2.98249e-07 -5.18152e-07 -8.23636e-07 -1.21248e-06 -1.66055e-06 -2.11247e-06 -2.47353e-06 -2.60562e-06 -2.33013e-06 -1.44098e-06 2.69804e-07 2.97271e-06 6.74886e-06 1.15296e-05 1.70354e-05 2.27248e-05 2.7767e-05 3.10537e-05 3.1263e-05 2.69861e-05 1.69189e-05 1.11176e-07 -2.37456e-05 -5.40267e-05 -8.89227e-05 -0.000125282 -0.000158604 -0.000183236 -0.000192798 -0.000180864 -0.00014185 -7.2067e-05 2.91938e-05 0.000158665 0.000308386 0.000465422 0.000612198 0.000727547 0.000788512 0.000772858 0.000662123 0.000444926 0.000120161 -0.000300369 -0.000790361 -0.00130887 -0.00180202 -0.00220662 -0.00245579 -0.00248619 -0.00224631 -0.00170503 -0.000859463 0.000259011 0.00158157 0.0030025 0.00438414 0.00556632 0.00638 0.0066644 0.00628604 0.00515814 0.0032582 0.000641682 -0.00255018 -0.00609006 -0.0096727 -0.0129317 -0.0154642 -0.0168626 -0.016749 -0.0148125 -0.0108426 -0.00475778 0.00337489 0.0133318 0.0247374 0.0370816 0.0497507 0.062067 0.0733368 0.0829015 0.0901866 0.0947464 0.0962985 0.0947464 0.0901866 0.0829015 0.0733368 0.062067 0.0497507 0.0370816 0.0247374 0.0133318 0.00337489 -0.00475778 -0.0108426 -0.0148125 -0.016749 -0.0168626 -0.0154642 -0.0129317 -0.0096727 -0.00609006 -0.00255018 0.000641682 0.0032582 0.00515814 0.00628604 0.0066644 0.00638 0.00556632 0.00438414 0.0030025 0.00158157 0.000259011 -0.000859463 -0.00170503 -0.00224631 -0.00248619 -0.00245579 -0.00220662 -0.00180202 -0.00130887 -0.000790361 -0.000300369 0.000120161 0.000444926 0.000662123 0.000772858 0.000788512 0.000727547 0.000612198 0.000465422 0.000308386 0.000158665 2.91938e-05 -7.2067e-05 -0.00014185 -0.000180864 -0.000192798 -0.000183236 -0.000158604 -0.000125282 -8.89227e-05 -5.40267e-05 -2.37456e-05 1.11176e-07 1.69189e-05 2.69861e-05 3.1263e-05 3.10537e-05 2.7767e-05 2.27248e-05 1.70354e-05 1.15296e-05 6.74886e-06 2.97271e-06 2.69804e-07 -1.44098e-06 -2.33013e-06 -2.60562e-06 -2.47353e-06 -2.11247e-06 -1.66055e-06 -1.21248e-06 -8.23636e-07 -5.18152e-07 -2.98249e-07 -1.53114e-07 -6.60994e-08 -1.98301e-08 7.62784e-10 7.10904e-09 6.87379e-09 4.53895e-09 2.27422e-09 8.46923e-10</coefficients></responseFIR><responseFIR publicID="NRL/Nanometrics/TAURUS.0_4.100.LO.0_001/6" name="NRL/Nanometrics/TAURUS.0_4.100.LO.0_001/6"><gain>1</gain><decimationFactor>2</decimationFactor><delay>111</delay><correction>111</correction><numberOfCoefficients>223</numberOfCoefficients><symmetry>A</symmetry><coefficients>-2.4877e-10 4.73744e-09 1.24032e-08 2.18423e-09 -2.9735e-08 -2.7741e-08 4.8235e-08 9.04852e-08 -4.3772e-08 -2.02925e-07 -2.93251e-08 3.57677e-07 2.38076e-07 -5.05054e-07 -6.56661e-07 5.29514e-07 1.33303e-06 -2.35391e-07 -2.23456e-06 -6.43189e-07 3.17885e-06 2.39189e-06 -3.76643e-06 -5.21313e-06 3.34388e-06 9.06984e-06 -1.0342e-06 -1.34948e-05 -4.1282e-06 1.74081e-05 1.29325e-05 -1.90112e-05 -2.55982e-05 1.58385e-05 4.12985e-05 -5.05136e-06 -5.76943e-05 -1.59734e-05 7.06232e-05 4.87621e-05 -7.41183e-05 -9.2656e-05 6.09281e-05 0.000143704 -2.36571e-05 -0.000193818 -4.34607e-05 0.000230529 0.0001423 -0.000237697 -0.00026842 0.00019742 0.000408986 -9.32264e-05 -0.000541667 -8.56506e-05 0.000635146 0.000339424 -0.000651794 -0.000653162 0.000552734 0.000993533 -0.000305133 -0.00130802 -0.000108987 0.00152764 0.000683646 -0.00157381 -0.00138119 0.00136932 0.00212784 -0.000852739 -0.00281433 -5.43598e-06 0.00330293 0.00118724 -0.00344149 -0.00261502 0.00308386 0.00414554 -0.00211493 -0.00557267 0.000477543 0.00664017 0.00180254 -0.00706464 -0.00459738 0.00656694 0.0076669 -0.00490895 -0.0106603 0.00193106 0.0131289 0.00241487 -0.0145476 -0.00804248 0.0143373 0.0147221 -0.0118736 -0.0220889 0.00645106 0.0296694 0.00287172 -0.0369222 -0.0177763 0.0432915 0.0424836 -0.0482648 -0.0928087 0.0514286 0.313777 0.447486 0.313777 0.0514286 -0.0928087 -0.0482648 0.0424836 0.0432915 -0.0177763 -0.0369222 0.00287172 0.0296694 0.00645106 -0.0220889 -0.0118736 0.0147221 0.0143373 -0.00804248 -0.0145476 0.00241487 0.0131289 0.00193106 -0.0106603 -0.00490895 0.0076669 0.00656694 -0.00459738 -0.00706464 0.00180254 0.00664017 0.000477543 -0.00557267 -0.00211493 0.00414554 0.00308386 -0.00261502 -0.00344149 0.00118724 0.00330293 -5.43598e-06 -0.00281433 -0.000852739 0.00212784 0.00136932 -0.00138119 -0.00157381 0.000683646 0.00152764 -0.000108987 -0.00130802 -0.000305133 0.000993533 0.000552734 -0.000653162 -0.000651794 0.000339424 0.000635146 -8.56506e-05 -0.000541667 -9.32264e-05 0.000408986 0.00019742 -0.00026842 -0.000237697 0.0001423 0.000230529 -4.34607e-05 -0.000193818 -2.36571e-05 0.000143704 6.09281e-05 -9.2656e-05 -7.41183e-05 4.87621e-05 7.06232e-05 -1.59734e-05 -5.76943e-05 -5.05136e-06 4.12985e-05 1.58385e-05 -2.55982e-05 -1.90112e-05 1.29325e-05 1.74081e-05 -4.1282e-06 -1.34948e-05 -1.0342e-06 9.06984e-06 3.34388e-06 -5.21313e-06 -3.76643e-06 2.39189e-06 3.17885e-06 -6.43189e-07 -2.23456e-06 -2.35391e-07 1.33303e-06 5.29514e-07 -6.56661e-07 -5.05054e-07 2.38076e-07 3.57677e-07 -2.93251e-08 -2.02925e-07 -4.3772e-08 9.04852e-08 4.8235e-08 -2.7741e-08 -2.9735e-08 2.18423e-09 1.24032e-08 4.73744e-09 -2.4877e-10</coefficients></responseFIR><network publicID="Network#20150806153749.459864.2" code="IA"><start>1980-01-01T00:00:00.0000Z</start><description>BMG-Net, Indonesia (IA-Net)</description><institutions>BMG</institutions><region>Indonesia</region><type>BB</type><netClass>p</netClass><archive>GFZ</archive><restricted>true</restricted><shared>false</shared><station publicID="Station#20150806153749.549408.87" code="EDFI" archiveNetworkCode="IA"><start>2009-01-01T00:00:00.0000Z</start><description>Station Ende, Flores, Indonesia (BMKG)</description><latitude>-8.7497</latitude><longitude>121.6903</longitude><elevation>914.34</elevation><place>Ende, Flores</place><country>Indonesia (BMKG)</country><archive>GFZ</archive><restricted>true</restricted><shared>false</shared><sensorLocation publicID="SensorLocation#20150806153749.54944.88" code=""><start>2009-01-01T00:00:00.0000Z</start><latitude>-8.7497</latitude><longitude>121.6903</longitude><elevation>914.34</elevation><stream publicID="Stream/20191013080002.111282.3295" code="BHE" datalogger="NRL/Nanometrics/TAURUS.0_4.20.LO.0_001" sensor="NRL/Geodevice/BBVS.120.1000"><start>2009-01-01T00:00:00.0000Z</start><end>2013-12-04T00:00:00.0000Z</end><dataloggerSerialNumber>xxxx</dataloggerSerialNumber><dataloggerChannel>2</dataloggerChannel><sensorSerialNumber>yyyy</sensorSerialNumber><sensorChannel>2</sensorChannel><sampleRateNumerator>20</sampleRateNumerator><sampleRateDenominator>1</sampleRateDenominator><depth>0</depth><azimuth>90</azimuth><dip>0</dip><gain>399998800</gain><gainFrequency>0.1</gainFrequency><gainUnit>M/S</gainUnit><format>Steim2</format><flags>GC</flags><restricted>true</restricted><shared>true</shared></stream><stream publicID="Stream/20191013080002.1113.3296" code="BHE" datalogger="Datalogger#20150806153749.462299.7" sensor="Sensor#20150806153749.46106.5"><start>2013-12-04T00:00:00.0000Z</start><end>2023-08-30T04:00:00.0000Z</end><dataloggerSerialNumber>xxxx</dataloggerSerialNumber><dataloggerChannel>2</dataloggerChannel><sensorSerialNumber>yyyy</sensorSerialNumber><sensorChannel>2</sensorChannel><sampleRateNumerator>20</sampleRateNumerator><sampleRateDenominator>1</sampleRateDenominator><depth>0</depth><azimuth>90</azimuth><dip>0</dip><gain>503316480</gain><gainFrequency>1</gainFrequency><gainUnit>M/S</gainUnit><format>Steim2</format><flags>GC</flags><restricted>true</restricted><shared>false</shared></stream><stream publicID="Stream/20191013080002.111312.3297" code="BHN" datalogger="NRL/Nanometrics/TAURUS.0_4.20.LO.0_001" sensor="NRL/Geodevice/BBVS.120.1000"><start>2009-01-01T00:00:00.0000Z</start><end>2013-12-04T00:00:00.0000Z</end><dataloggerSerialNumber>xxxx</dataloggerSerialNumber><dataloggerChannel>1</dataloggerChannel><sensorSerialNumber>yyyy</sensorSerialNumber><sensorChannel>1</sensorChannel><sampleRateNumerator>20</sampleRateNumerator><sampleRateDenominator>1</sampleRateDenominator><depth>0</depth><azimuth>0</azimuth><dip>0</dip><gain>399998800</gain><gainFrequency>0.1</gainFrequency><gainUnit>M/S</gainUnit><format>Steim2</format><flags>GC</flags><restricted>true</restricted><shared>true</shared></stream><stream publicID="Stream/20191013080002.111323.3298" code="BHN" datalogger="Datalogger#20150806153749.462299.7" sensor="Sensor#20150806153749.46106.5"><start>2013-12-04T00:00:00.0000Z</start><end>2023-08-30T04:00:00.0000Z</end><dataloggerSerialNumber>xxxx</dataloggerSerialNumber><dataloggerChannel>1</dataloggerChannel><sensorSerialNumber>yyyy</sensorSerialNumber><sensorChannel>1</sensorChannel><sampleRateNumerator>20</sampleRateNumerator><sampleRateDenominator>1</sampleRateDenominator><depth>0</depth><azimuth>0</azimuth><dip>0</dip><gain>503316480</gain><gainFrequency>1</gainFrequency><gainUnit>M/S</gainUnit><format>Steim2</format><flags>GC</flags><restricted>true</restricted><shared>false</shared></stream><stream publicID="Stream/20191013080002.111333.3299" code="BHZ" datalogger="NRL/Nanometrics/TAURUS.0_4.20.LO.0_001" sensor="NRL/Geodevice/BBVS.120.1000"><start>2009-01-01T00:00:00.0000Z</start><end>2013-12-04T00:00:00.0000Z</end><dataloggerSerialNumber>xxxx</dataloggerSerialNumber><dataloggerChannel>0</dataloggerChannel><sensorSerialNumber>yyyy</sensorSerialNumber><sensorChannel>0</sensorChannel><sampleRateNumerator>20</sampleRateNumerator><sampleRateDenominator>1</sampleRateDenominator><depth>0</depth><azimuth>0</azimuth><dip>-90</dip><gain>399998800</gain><gainFrequency>0.1</gainFrequency><gainUnit>M/S</gainUnit><format>Steim2</format><flags>GC</flags><restricted>true</restricted><shared>true</shared></stream><stream publicID="Stream/20191013080002.111345.3300" code="BHZ" datalogger="Datalogger#20150806153749.462299.7" sensor="Sensor#20150806153749.46106.5"><start>2013-12-04T00:00:00.0000Z</start><end>2023-08-30T04:00:00.0000Z</end><dataloggerSerialNumber>xxxx</dataloggerSerialNumber><dataloggerChannel>0</dataloggerChannel><sensorSerialNumber>yyyy</sensorSerialNumber><sensorChannel>0</sensorChannel><sampleRateNumerator>20</sampleRateNumerator><sampleRateDenominator>1</sampleRateDenominator><depth>0</depth><azimuth>0</azimuth><dip>-90</dip><gain>503316480</gain><gainFrequency>1</gainFrequency><gainUnit>M/S</gainUnit><format>Steim2</format><flags>GC</flags><restricted>true</restricted><shared>false</shared></stream><stream publicID="Stream/20191013080002.111356.3301" code="SHE" datalogger="NRL/Nanometrics/TAURUS.0_4.40.LO.0_001" sensor="NRL/Geodevice/BBVS.120.1000"><start>2009-01-01T00:00:00.0000Z</start><end>2013-12-04T00:00:00.0000Z</end><dataloggerSerialNumber>xxxx</dataloggerSerialNumber><dataloggerChannel>2</dataloggerChannel><sensorSerialNumber>yyyy</sensorSerialNumber><sensorChannel>2</sensorChannel><sampleRateNumerator>40</sampleRateNumerator><sampleRateDenominator>1</sampleRateDenominator><depth>0</depth><azimuth>90</azimuth><dip>0</dip><gain>399998800</gain><gainFrequency>0.1</gainFrequency><gainUnit>M/S</gainUnit><format>Steim2</format><flags>GC</flags><restricted>true</restricted><shared>true</shared></stream><stream publicID="Stream/20191013080002.111367.3302" code="SHE" datalogger="Datalogger#20150806153749.462299.7" sensor="Sensor#20150806153749.46106.5"><start>2013-12-04T00:00:00.0000Z</start><end>2023-08-30T04:00:00.0000Z</end><dataloggerSerialNumber>xxxx</dataloggerSerialNumber><dataloggerChannel>2</dataloggerChannel><sensorSerialNumber>yyyy</sensorSerialNumber><sensorChannel>2</sensorChannel><sampleRateNumerator>40</sampleRateNumerator><sampleRateDenominator>1</sampleRateDenominator><depth>0</depth><azimuth>90</azimuth><dip>0</dip><gain>503316480</gain><gainFrequency>1</gainFrequency><gainUnit>M/S</gainUnit><format>Steim2</format><flags>GC</flags><restricted>true</restricted><shared>false</shared></stream><stream publicID="Stream/20191013080002.111378.3303" code="SHN" datalogger="NRL/Nanometrics/TAURUS.0_4.40.LO.0_001" sensor="NRL/Geodevice/BBVS.120.1000"><start>2009-01-01T00:00:00.0000Z</start><end>2013-12-04T00:00:00.0000Z</end><dataloggerSerialNumber>xxxx</dataloggerSerialNumber><dataloggerChannel>1</dataloggerChannel><sensorSerialNumber>yyyy</sensorSerialNumber><sensorChannel>1</sensorChannel><sampleRateNumerator>40</sampleRateNumerator><sampleRateDenominator>1</sampleRateDenominator><depth>0</depth><azimuth>0</azimuth><dip>0</dip><gain>399998800</gain><gainFrequency>0.1</gainFrequency><gainUnit>M/S</gainUnit><format>Steim2</format><flags>GC</flags><restricted>true</restricted><shared>true</shared></stream><stream publicID="Stream/20191013080002.111388.3304" code="SHN" datalogger="Datalogger#20150806153749.462299.7" sensor="Sensor#20150806153749.46106.5"><start>2013-12-04T00:00:00.0000Z</start><end>2023-08-30T04:00:00.0000Z</end><dataloggerSerialNumber>xxxx</dataloggerSerialNumber><dataloggerChannel>1</dataloggerChannel><sensorSerialNumber>yyyy</sensorSerialNumber><sensorChannel>1</sensorChannel><sampleRateNumerator>40</sampleRateNumerator><sampleRateDenominator>1</sampleRateDenominator><depth>0</depth><azimuth>0</azimuth><dip>0</dip><gain>503316480</gain><gainFrequency>1</gainFrequency><gainUnit>M/S</gainUnit><format>Steim2</format><flags>GC</flags><restricted>true</restricted><shared>false</shared></stream><stream publicID="Stream/20191013080002.111398.3305" code="SHZ" datalogger="NRL/Nanometrics/TAURUS.0_4.40.LO.0_001" sensor="NRL/Geodevice/BBVS.120.1000"><start>2009-01-01T00:00:00.0000Z</start><end>2013-12-04T00:00:00.0000Z</end><dataloggerSerialNumber>xxxx</dataloggerSerialNumber><dataloggerChannel>0</dataloggerChannel><sensorSerialNumber>yyyy</sensorSerialNumber><sensorChannel>0</sensorChannel><sampleRateNumerator>40</sampleRateNumerator><sampleRateDenominator>1</sampleRateDenominator><depth>0</depth><azimuth>0</azimuth><dip>-90</dip><gain>399998800</gain><gainFrequency>0.1</gainFrequency><gainUnit>M/S</gainUnit><format>Steim2</format><flags>GC</flags><restricted>true</restricted><shared>true</shared></stream><stream publicID="Stream/20191013080002.111409.3306" code="SHZ" datalogger="Datalogger#20150806153749.462299.7" sensor="Sensor#20150806153749.46106.5"><start>2013-12-04T00:00:00.0000Z</start><end>2023-08-30T04:00:00.0000Z</end><dataloggerSerialNumber>xxxx</dataloggerSerialNumber><dataloggerChannel>0</dataloggerChannel><sensorSerialNumber>yyyy</sensorSerialNumber><sensorChannel>0</sensorChannel><sampleRateNumerator>40</sampleRateNumerator><sampleRateDenominator>1</sampleRateDenominator><depth>0</depth><azimuth>0</azimuth><dip>-90</dip><gain>503316480</gain><gainFrequency>1</gainFrequency><gainUnit>M/S</gainUnit><format>Steim2</format><flags>GC</flags><restricted>true</restricted><shared>false</shared></stream><stream publicID="Stream/20181121184713.427549.33595" code="HNE" datalogger="NRL/Nanometrics/TAURUS.0_4.100.LO.0_001" sensor="NRL/EQMet/TSA100S.DC_225.20VDF.4G"><start>2009-01-01T00:00:00.0000Z</start><end>2023-08-30T04:00:00.0000Z</end><dataloggerSerialNumber>xxxx</dataloggerSerialNumber><dataloggerChannel>2</dataloggerChannel><sensorSerialNumber>yyyy</sensorSerialNumber><sensorChannel>2</sensorChannel><sampleRateNumerator>100</sampleRateNumerator><sampleRateDenominator>1</sampleRateDenominator><depth>0</depth><azimuth>90</azimuth><dip>0</dip><gain>203943.38817</gain><gainFrequency>1</gainFrequency><gainUnit>M/S**2</gainUnit><format>Steim2</format><flags>GC</flags><restricted>true</restricted><shared>true</shared></stream><stream publicID="Stream/20181121184713.427667.33602" code="HNN" datalogger="NRL/Nanometrics/TAURUS.0_4.100.LO.0_001" sensor="NRL/EQMet/TSA100S.DC_225.20VDF.4G"><start>2009-01-01T00:00:00.0000Z</start><end>2023-08-30T04:00:00.0000Z</end><dataloggerSerialNumber>xxxx</dataloggerSerialNumber><dataloggerChannel>1</dataloggerChannel><sensorSerialNumber>yyyy</sensorSerialNumber><sensorChannel>1</sensorChannel><sampleRateNumerator>100</sampleRateNumerator><sampleRateDenominator>1</sampleRateDenominator><depth>0</depth><azimuth>0</azimuth><dip>0</dip><gain>203943.38817</gain><gainFrequency>1</gainFrequency><gainUnit>M/S**2</gainUnit><format>Steim2</format><flags>GC</flags><restricted>true</restricted><shared>true</shared></stream><stream publicID="Stream/20181121184713.427785.33609" code="HNZ" datalogger="NRL/Nanometrics/TAURUS.0_4.100.LO.0_001" sensor="NRL/EQMet/TSA100S.DC_225.20VDF.4G"><start>2009-01-01T00:00:00.0000Z</start><end>2023-08-30T04:00:00.0000Z</end><dataloggerSerialNumber>xxxx</dataloggerSerialNumber><dataloggerChannel>0</dataloggerChannel><sensorSerialNumber>yyyy</sensorSerialNumber><sensorChannel>0</sensorChannel><sampleRateNumerator>100</sampleRateNumerator><sampleRateDenominator>1</sampleRateDenominator><depth>0</depth><azimuth>0</azimuth><dip>-90</dip><gain>203943.38817</gain><gainFrequency>1</gainFrequency><gainUnit>M/S**2</gainUnit><format>Steim2</format><flags>GC</flags><restricted>true</restricted><shared>true</shared></stream><stream publicID="Stream#20241125090249.194813.63448" code="SHE" datalogger="NRL/Nanometrics/CENTAUR.1.40.0_001.LP" sensor="NRL/Nanometrics/Trillium120P.120.1201"><start>2023-08-30T04:00:00.0000Z</start><dataloggerSerialNumber>xxxx</dataloggerSerialNumber><dataloggerChannel>2</dataloggerChannel><sensorSerialNumber>yyyy</sensorSerialNumber><sensorChannel>2</sensorChannel><sampleRateNumerator>40</sampleRateNumerator><sampleRateDenominator>1</sampleRateDenominator><depth>0</depth><azimuth>90</azimuth><dip>0</dip><gain>480399759.8</gain><gainFrequency>1</gainFrequency><gainUnit>M/S</gainUnit><format>Steim2</format><flags>GC</flags><restricted>true</restricted><shared>false</shared></stream><stream publicID="Stream#20241125090400.205758.64237" code="SHN" datalogger="NRL/Nanometrics/CENTAUR.1.40.0_001.LP" sensor="NRL/Nanometrics/Trillium120P.120.1201"><start>2023-08-30T04:00:00.0000Z</start><dataloggerSerialNumber>xxxx</dataloggerSerialNumber><dataloggerChannel>1</dataloggerChannel><sensorSerialNumber>yyyy</sensorSerialNumber><sensorChannel>1</sensorChannel><sampleRateNumerator>40</sampleRateNumerator><sampleRateDenominator>1</sampleRateDenominator><depth>0</depth><azimuth>0</azimuth><dip>0</dip><gain>480399759.8</gain><gainFrequency>1</gainFrequency><gainUnit>M/S</gainUnit><format>Steim2</format><flags>GC</flags><restricted>true</restricted><shared>false</shared></stream><stream publicID="Stream#20241125090422.474872.10225" code="SHZ" datalogger="NRL/Nanometrics/CENTAUR.1.40.0_001.LP" sensor="NRL/Nanometrics/Trillium120P.120.1201"><start>2023-08-30T04:00:00.0000Z</start><dataloggerSerialNumber>xxxx</dataloggerSerialNumber><dataloggerChannel>0</dataloggerChannel><sensorSerialNumber>yyyy</sensorSerialNumber><sensorChannel>0</sensorChannel><sampleRateNumerator>40</sampleRateNumerator><sampleRateDenominator>1</sampleRateDenominator><depth>0</depth><azimuth>0</azimuth><dip>-90</dip><gain>480399759.8</gain><gainFrequency>1</gainFrequency><gainUnit>M/S</gainUnit><format>Steim2</format><flags>GC</flags><restricted>true</restricted><shared>false</shared></stream></sensorLocation></station></network></Inventory></seiscomp>
