<?xml version="1.0" encoding="UTF-8"?>
<seiscomp xmlns="http://geofon.gfz-potsdam.de/ns/seiscomp3-schema/0.13" version="0.13"><Inventory><sensor publicID="NRL/Kinemetrics/Episensor.DC_200.20VDF.2G" name="Kinemetrics/Episensor.DC_200.20VDF.2G" response="NRL/Kinemetrics/Episensor.DC_200.20VDF.2G/1"><model>Episensor (ES-T, ES-U, ES-U2, DS-DH, SBEPI)</model><manufacturer>Kinemetrics</manufacturer><unit>M/S**2</unit></sensor><sensor publicID="NRL/Streckeisen/STS5A.120.1500" name="Streckeisen/STS5A.120.1500" response="NRL/Streckeisen/STS5A.120.1500/1"><model>STS-5A</model><manufacturer>Streckeisen</manufacturer><unit>M/S</unit></sensor><sensor publicID="NRL/Streckeisen/STS-2.5_LP120_SG1500_STgroundVel" name="Streckeisen/STS-2.5_LP120_SG1500_STgroundVel" response="NRL/Streckeisen/STS-2.5_LP120_SG1500_STgroundVel/1"><model>STS-2.5</model><manufacturer>Streckeisen</manufacturer><unit>m/s</unit></sensor><datalogger publicID="NRL/Quanterra/Q330Splus.1.1.below100" name="Quanterra/Q330Splus.1.1.below100"><digitizerManufacturer>Quanterra</digitizerManufacturer><recorderManufacturer>Quanterra</recorderManufacturer><gain>1</gain><maxClockDrift>0.1</maxClockDrift><decimation sampleRateNumerator="1" sampleRateDenominator="1"><digitalFilterChain>NRL/Quanterra/Q330Splus.1.1.below100/3 NRL/Quanterra/Q330Splus.1.1.below100/4</digitalFilterChain></decimation></datalogger><datalogger publicID="NRL/Quanterra/Q330Splus.1.0_1.below100" name="Quanterra/Q330Splus.1.0_1.below100"><digitizerManufacturer>Quanterra</digitizerManufacturer><recorderManufacturer>Quanterra</recorderManufacturer><gain>1</gain><maxClockDrift>0.1</maxClockDrift><decimation sampleRateNumerator="1" sampleRateDenominator="10"><digitalFilterChain>NRL/Quanterra/Q330Splus.1.0_1.below100/3 NRL/Quanterra/Q330Splus.1.0_1.below100/4 NRL/Quanterra/Q330Splus.1.0_1.below100/5</digitalFilterChain></decimation></datalogger><datalogger publicID="NRL/Quanterra/Q330Splus.1.20.below100" name="Quanterra/Q330Splus.1.20.below100"><digitizerManufacturer>Quanterra</digitizerManufacturer><recorderManufacturer>Quanterra</recorderManufacturer><gain>1</gain><maxClockDrift>0.1</maxClockDrift><decimation sampleRateNumerator="20" sampleRateDenominator="1"><digitalFilterChain>NRL/Quanterra/Q330Splus.1.20.below100/3 NRL/Quanterra/Q330Splus.1.20.below100/4</digitalFilterChain></decimation></datalogger><datalogger publicID="NRL/Quanterra/Q330Splus.1.100.below100" name="Quanterra/Q330Splus.1.100.below100"><digitizerManufacturer>Quanterra</digitizerManufacturer><recorderManufacturer>Quanterra</recorderManufacturer><gain>1</gain><maxClockDrift>0.1</maxClockDrift><decimation sampleRateNumerator="100" sampleRateDenominator="1"><digitalFilterChain>NRL/Quanterra/Q330Splus.1.100.below100/3 NRL/Quanterra/Q330Splus.1.100.below100/4</digitalFilterChain></decimation></datalogger><datalogger publicID="NRL/Quanterra/Q330Splus.1.50.below100" name="Quanterra/Q330Splus.1.50.below100"><digitizerManufacturer>Quanterra</digitizerManufacturer><recorderManufacturer>Quanterra</recorderManufacturer><gain>1</gain><maxClockDrift>0.1</maxClockDrift><decimation sampleRateNumerator="50" sampleRateDenominator="1"><digitalFilterChain>NRL/Quanterra/Q330Splus.1.50.below100/3 NRL/Quanterra/Q330Splus.1.50.below100/4</digitalFilterChain></decimation></datalogger><responsePAZ publicID="NRL/Kinemetrics/Episensor.DC_200.20VDF.2G/1" name="NRL/Kinemetrics/Episensor.DC_200.20VDF.2G/1"><type>A</type><gain>1.0197</gain><gainFrequency>1</gainFrequency><normalizationFactor>24595700000000</normalizationFactor><normalizationFrequency>1</normalizationFrequency><numberOfZeros>0</numberOfZeros><numberOfPoles>4</numberOfPoles><poles>(-981,1009) (-981,-1009) (-3290,1263) (-3290,-1263)</poles></responsePAZ><responsePAZ publicID="NRL/Streckeisen/STS5A.120.1500/1" name="NRL/Streckeisen/STS5A.120.1500/1"><type>A</type><gain>-1500</gain><gainFrequency>1</gainFrequency><normalizationFactor>10299500000000</normalizationFactor><normalizationFrequency>1</normalizationFrequency><numberOfZeros>8</numberOfZeros><numberOfPoles>13</numberOfPoles><zeros>(-21.9912,0) (-21.9912,0) (-367.315,0) (-605.071,0) (-521.504,960.699) (-521.504,-960.699) (0,0) (0,0)</zeros><poles>(-22.5189,0) (-22.5189,0) (-500.393,0) (-500.393,0) (-500.393,0) (-500.393,0) (-500.393,0) (-500.393,0) (-109.013,664.761) (-109.013,-664.761) (367.315,0) (-0.037,0.037) (-0.037,-0.037)</poles></responsePAZ><responsePAZ publicID="NRL/Streckeisen/STS-2.5_LP120_SG1500_STgroundVel/1" name="NRL/Streckeisen/STS-2.5_LP120_SG1500_STgroundVel/1"><type>A</type><gain>1500</gain><gainFrequency>0.05</gainFrequency><normalizationFactor>0.000185347</normalizationFactor><normalizationFrequency>0.05</normalizationFrequency><numberOfZeros>8</numberOfZeros><numberOfPoles>7</numberOfPoles><zeros>(0,0) (0,0) (-15.708,0) (-15.708,0) (-521.504,-961.327) (-521.504,961.327) (-605.071,0) (-961.327,0)</zeros><poles>(-0.03702,-0.03702) (-0.03702,0.03702) (-16.0473,0) (-16.0473,0) (-339.292,-115.611) (-339.292,115.611) (-961.327,0)</poles></responsePAZ><responseFIR publicID="NRL/Quanterra/Q330Splus.1.1.below100/3" name="NRL/Quanterra/Q330Splus.1.1.below100/3"><gain>419430</gain><decimationFactor>1</decimationFactor><delay>0</delay><correction>0</correction><numberOfCoefficients>1</numberOfCoefficients><symmetry>A</symmetry><coefficients>1</coefficients></responseFIR><responseFIR publicID="NRL/Quanterra/Q330Splus.1.1.below100/4" name="NRL/Quanterra/Q330Splus.1.1.below100/4"><gain>1</gain><decimationFactor>1</decimationFactor><delay>15.92814</delay><correction>15.92814</correction><numberOfCoefficients>32</numberOfCoefficients><symmetry>A</symmetry><coefficients>-9.72637e-17 -7.99021e-14 -5.86056e-10 -1.18207e-07 -4.1519e-08 0.000199725 0.00101659 -0.00217157 -0.00734242 0.00957533 0.00389306 -0.0323439 0.0419374 0.0099478 -0.133256 0.284433 0.695101 0.233131 -0.136077 0.0233996 0.0343515 -0.0325296 0.00692147 0.00782101 -0.00753023 -0.00161951 0.000985191 0.000158045 -8.01983e-07 -1.00294e-07 -6.06239e-11 2.47147e-13</coefficients></responseFIR><responseFIR publicID="NRL/Quanterra/Q330Splus.1.0_1.below100/3" name="NRL/Quanterra/Q330Splus.1.0_1.below100/3"><gain>419430</gain><decimationFactor>1</decimationFactor><delay>0</delay><correction>0</correction><numberOfCoefficients>1</numberOfCoefficients><symmetry>A</symmetry><coefficients>1</coefficients></responseFIR><responseFIR publicID="NRL/Quanterra/Q330Splus.1.0_1.below100/4" name="NRL/Quanterra/Q330Splus.1.0_1.below100/4"><gain>1</gain><decimationFactor>1</decimationFactor><delay>15.92814</delay><correction>15.92814</correction><numberOfCoefficients>32</numberOfCoefficients><symmetry>A</symmetry><coefficients>-9.72637e-17 -7.99021e-14 -5.86056e-10 -1.18207e-07 -4.1519e-08 0.000199725 0.00101659 -0.00217157 -0.00734242 0.00957533 0.00389306 -0.0323439 0.0419374 0.0099478 -0.133256 0.284433 0.695101 0.233131 -0.136077 0.0233996 0.0343515 -0.0325296 0.00692147 0.00782101 -0.00753023 -0.00161951 0.000985191 0.000158045 -8.01983e-07 -1.00294e-07 -6.06239e-11 2.47147e-13</coefficients></responseFIR><responseFIR publicID="NRL/Quanterra/Q330Splus.1.0_1.below100/5" name="NRL/Quanterra/Q330Splus.1.0_1.below100/5"><gain>1</gain><decimationFactor>10</decimationFactor><delay>194</delay><correction>194</correction><numberOfCoefficients>389</numberOfCoefficients><symmetry>A</symmetry><coefficients>1.55257e-08 3.8384e-08 8.36278e-08 1.61186e-07 2.85529e-07 4.74546e-07 7.49337e-07 1.13359e-06 1.6524e-06 2.33043e-06 3.18934e-06 4.24447e-06 5.50072e-06 6.94779e-06 8.55482e-06 1.02648e-05 1.19892e-05 1.36025e-05 1.49384e-05 1.57873e-05 1.58956e-05 1.49681e-05 1.26736e-05 8.65377e-06 2.53672e-06 -6.0463e-06 -1.74398e-05 -3.19397e-05 -4.97668e-05 -7.10383e-05 -9.57401e-05 -0.0001237 -0.000154566 -0.000187789 -0.000222614 -0.000258082 -0.00029304 -0.00032617 -0.000356026 -0.000381084 -0.000399809 -0.000410725 -0.000412506 -0.000404052 -0.000384583 -0.000353717 -0.000311538 -0.000258654 -0.000196228 -0.000125981 -5.01752e-05 2.84483e-05 0.000106754 0.000181334 0.000248654 0.000305231 0.000347812 0.000373577 0.000380324 0.000366643 0.000332071 0.000277192 0.000203705 0.00011442 1.32066e-05 -9.51408e-05 -0.000205087 -0.000310607 -0.000405487 -0.000483661 -0.000539564 -0.000568496 -0.000566954 -0.000532927 -0.00046613 -0.000368151 -0.000242502 -9.4552e-05 6.86393e-05 0.000238619 0.000405933 0.000560615 0.000692738 0.00079301 0.000853373 0.000867573 0.000831665 0.000744416 0.000607567 0.000425942 0.000207374 -3.75593e-05 -0.000295984 -0.000553346 -0.000794183 -0.00100299 -0.00116518 -0.00126799 -0.00130143 -0.00125903 -0.0011385 -0.000942156 -0.000677031 -0.000354804 8.62953e-06 0.000393852 0.000778887 0.00114038 0.00145492 0.00170052 0.001858 0.00191236 0.00185399 0.00167957 0.00139265 0.00100391 0.000530922 -2.52846e-06 -0.000567484 -0.00113129 -0.0016594 -0.00211733 -0.00247284 -0.00269802 -0.0027713 -0.00267912 -0.00241727 -0.00199172 -0.00141887 -0.000725132 5.4052e-05 0.000875864 0.0016923 0.0024528 0.00310721 0.0036089 0.00391778 0.00400324 0.00384652 0.00344262 0.00280142 0.00194798 0.000921916 -0.00022411 -0.00142684 -0.00261561 -0.0037162 -0.00465514 -0.00536424 -0.00578501 -0.00587286 -0.00560064 -0.00496143 -0.0039702 -0.00266436 -0.00110296 0.000635413 0.00245606 0.00425271 0.00591303 0.00732487 0.00838286 0.00899505 0.00908925 0.00861855 0.00756594 0.00594744 0.00381363 0.00124948 -0.0016278 -0.00467264 -0.00771679 -0.0105765 -0.0130606 -0.0149804 -0.0161581 -0.0164372 -0.0156908 -0.0138296 -0.0108081 -0.0066288 -0.00134486 0.00494032 0.0120754 0.0198661 0.0280817 0.0364645 0.0447398 0.0526271 0.0598525 0.0661596 0.0713217 0.0751507 0.0775061 0.078301 0.0775061 0.0751507 0.0713217 0.0661596 0.0598525 0.0526271 0.0447398 0.0364645 0.0280817 0.0198661 0.0120754 0.00494032 -0.00134486 -0.0066288 -0.0108081 -0.0138296 -0.0156908 -0.0164372 -0.0161581 -0.0149804 -0.0130606 -0.0105765 -0.00771679 -0.00467264 -0.0016278 0.00124948 0.00381363 0.00594744 0.00756594 0.00861855 0.00908925 0.00899505 0.00838286 0.00732487 0.00591303 0.00425271 0.00245606 0.000635413 -0.00110296 -0.00266436 -0.0039702 -0.00496143 -0.00560064 -0.00587286 -0.00578501 -0.00536424 -0.00465514 -0.0037162 -0.00261561 -0.00142684 -0.00022411 0.000921916 0.00194798 0.00280142 0.00344262 0.00384652 0.00400324 0.00391778 0.0036089 0.00310721 0.0024528 0.0016923 0.000875864 5.4052e-05 -0.000725132 -0.00141887 -0.00199172 -0.00241727 -0.00267912 -0.0027713 -0.00269802 -0.00247284 -0.00211733 -0.0016594 -0.00113129 -0.000567484 -2.52846e-06 0.000530922 0.00100391 0.00139265 0.00167957 0.00185399 0.00191236 0.001858 0.00170052 0.00145492 0.00114038 0.000778887 0.000393852 8.62953e-06 -0.000354804 -0.000677031 -0.000942156 -0.0011385 -0.00125903 -0.00130143 -0.00126799 -0.00116518 -0.00100299 -0.000794183 -0.000553346 -0.000295984 -3.75593e-05 0.000207374 0.000425942 0.000607567 0.000744416 0.000831665 0.000867573 0.000853373 0.00079301 0.000692738 0.000560615 0.000405933 0.000238619 6.86393e-05 -9.4552e-05 -0.000242502 -0.000368151 -0.00046613 -0.000532927 -0.000566954 -0.000568496 -0.000539564 -0.000483661 -0.000405487 -0.000310607 -0.000205087 -9.51408e-05 1.32066e-05 0.00011442 0.000203705 0.000277192 0.000332071 0.000366643 0.000380324 0.000373577 0.000347812 0.000305231 0.000248654 0.000181334 0.000106754 2.84483e-05 -5.01752e-05 -0.000125981 -0.000196228 -0.000258654 -0.000311538 -0.000353717 -0.000384583 -0.000404052 -0.000412506 -0.000410725 -0.000399809 -0.000381084 -0.000356026 -0.00032617 -0.00029304 -0.000258082 -0.000222614 -0.000187789 -0.000154566 -0.0001237 -9.57401e-05 -7.10383e-05 -4.97668e-05 -3.19397e-05 -1.74398e-05 -6.0463e-06 2.53672e-06 8.65377e-06 1.26736e-05 1.49681e-05 1.58956e-05 1.57873e-05 1.49384e-05 1.36025e-05 1.19892e-05 1.02648e-05 8.55482e-06 6.94779e-06 5.50072e-06 4.24447e-06 3.18934e-06 2.33043e-06 1.6524e-06 1.13359e-06 7.49337e-07 4.74546e-07 2.85529e-07 1.61186e-07 8.36278e-08 3.8384e-08 1.55257e-08</coefficients></responseFIR><responseFIR publicID="NRL/Quanterra/Q330Splus.1.20.below100/3" name="NRL/Quanterra/Q330Splus.1.20.below100/3"><gain>419430</gain><decimationFactor>1</decimationFactor><delay>0</delay><correction>0</correction><numberOfCoefficients>1</numberOfCoefficients><symmetry>A</symmetry><coefficients>1</coefficients></responseFIR><responseFIR publicID="NRL/Quanterra/Q330Splus.1.20.below100/4" name="NRL/Quanterra/Q330Splus.1.20.below100/4"><gain>1</gain><decimationFactor>1</decimationFactor><delay>32.5628</delay><correction>32.5628</correction><numberOfCoefficients>69</numberOfCoefficients><symmetry>A</symmetry><coefficients>3.14925e-17 2.62765e-09 7.12189e-08 -2.70547e-07 -5.37041e-07 1.83289e-06 -5.53836e-07 -1.67684e-07 2.82045e-06 1.39859e-06 0.000136157 -3.9427e-05 -0.000752644 0.000433531 -0.000243227 -0.000633509 0.0017862 -0.00293341 0.00333774 -0.00229509 -0.000667453 0.00539807 -0.010899 0.0153221 -0.016309 0.0120836 -0.000965627 -0.0210779 0.0443118 -0.0693123 0.0880162 -0.0908908 0.0516499 0.835606 0.255871 -0.157921 0.102931 -0.0579131 0.0216679 0.00330506 -0.0204797 0.0235884 -0.0205243 0.0140238 -0.0064683 0.000171418 0.00367665 -0.00495492 0.00429615 -0.00267056 0.000952775 0.000232045 -0.000817288 0.000683789 -0.000674793 -0.000226504 0.000167633 1.5261e-05 7.20141e-07 1.4248e-06 -1.50185e-06 1.98271e-06 -1.38279e-07 -4.58007e-07 6.63706e-08 8.75629e-09 3.83481e-10 1.93269e-11 1.47229e-13</coefficients></responseFIR><responseFIR publicID="NRL/Quanterra/Q330Splus.1.100.below100/3" name="NRL/Quanterra/Q330Splus.1.100.below100/3"><gain>419430</gain><decimationFactor>1</decimationFactor><delay>0</delay><correction>0</correction><numberOfCoefficients>1</numberOfCoefficients><symmetry>A</symmetry><coefficients>1</coefficients></responseFIR><responseFIR publicID="NRL/Quanterra/Q330Splus.1.100.below100/4" name="NRL/Quanterra/Q330Splus.1.100.below100/4"><gain>1</gain><decimationFactor>1</decimationFactor><delay>4.687</delay><correction>4.687</correction><numberOfCoefficients>71</numberOfCoefficients><symmetry>A</symmetry><coefficients>4.93305e-17 2.19269e-10 5.5255e-08 1.52515e-06 7.71668e-05 0.00440098 0.0623035 0.313162 0.609444 0.261754 -0.343399 0.00960486 0.213595 -0.211189 0.0808518 0.0570094 -0.131788 0.133998 -0.082974 0.0136602 0.04432 -0.0748276 0.0755232 -0.0540381 0.0224854 0.00733085 -0.0276292 0.0350196 -0.0318696 0.0205158 -0.00880971 -0.00201974 0.0090517 -0.0108775 0.00914406 -0.00590073 0.00266829 -0.000261751 -0.00109833 0.00155774 -0.00142785 0.00102524 -0.000584649 0.000236698 -2.26985e-05 -7.30962e-05 9.0795e-05 -7.07905e-05 4.2078e-05 -1.90476e-05 6.0835e-06 -5.39609e-07 -4.7879e-07 2.8784e-08 1.69669e-07 -1.38519e-07 6.27105e-08 6.82038e-11 -8.00017e-09 -4.53371e-09 -1.19163e-09 4.50304e-09 7.52368e-10 -7.89445e-10 -4.7825e-10 -4.02219e-12 5.49924e-11 2.17637e-11 -9.90439e-13 -1.70236e-13 -9.9507e-15</coefficients></responseFIR><responseFIR publicID="NRL/Quanterra/Q330Splus.1.50.below100/3" name="NRL/Quanterra/Q330Splus.1.50.below100/3"><gain>419430</gain><gainFrequency>0.05</gainFrequency><decimationFactor>1</decimationFactor><delay>0</delay><correction>0</correction><numberOfCoefficients>1</numberOfCoefficients><symmetry>A</symmetry><coefficients>1</coefficients></responseFIR><responseFIR publicID="NRL/Quanterra/Q330Splus.1.50.below100/4" name="NRL/Quanterra/Q330Splus.1.50.below100/4"><gain>1</gain><gainFrequency>0.05</gainFrequency><decimationFactor>1</decimationFactor><delay>26.8435</delay><correction>26.8435</correction><numberOfCoefficients>84</numberOfCoefficients><symmetry>A</symmetry><coefficients>-8.5205e-17 -1.14321e-12 -1.74196e-09 -1.80704e-06 -7.18603e-05 -0.000359807 6.71634e-06 0.000294906 -0.000679456 0.00102638 -0.00109818 0.000626495 0.000574825 -0.00248764 0.00479055 -0.00682773 0.00768561 -0.00638066 0.0021479 0.00524092 -0.0152012 0.0261828 -0.0356898 0.0404583 -0.0366756 0.0199244 0.015945 -0.074298 0.751959 0.451981 -0.219494 0.10031 -0.0342281 -0.00271558 0.0237604 -0.0318755 0.0309581 -0.0245968 0.0154676 -0.00794935 0.000184592 0.00443726 -0.0061971 0.00590847 -0.0044095 0.00251253 -0.000836611 -0.000283525 0.000787238 -0.000808856 0.000576728 -0.000333872 -0.000254201 8.89775e-06 -4.48147e-06 4.12212e-06 -3.86396e-06 2.46108e-06 -1.43788e-06 4.09989e-07 3.30818e-07 -4.31567e-07 5.79796e-07 -1.06849e-08 -3.30908e-08 1.40396e-08 8.37133e-09 3.7354e-10 -3.09215e-09 -9.5195e-10 -4.27432e-10 2.93104e-10 1.48771e-10 -1.25705e-10 3.71767e-11 2.22077e-12 -9.85538e-12 5.74075e-12 -1.06899e-12 -5.3753e-13 2.69747e-13 -1.15793e-14 -5.32791e-16 1.01614e-14</coefficients></responseFIR><network publicID="Network#20150806153749.459864.2" code="IA"><start>1980-01-01T00:00:00.0000Z</start><description>BMG-Net, Indonesia (IA-Net)</description><institutions>BMG</institutions><region>Indonesia</region><type>BB</type><netClass>p</netClass><archive>GFZ</archive><restricted>true</restricted><shared>false</shared><station publicID="Station/20220510081956.150087.106968" code="GTJI" archiveNetworkCode="IA"><start>2021-12-31T00:00:00.0000Z</start><description>Station Type B, Gemawang Temanggung</description><latitude>-7.163845</latitude><longitude>110.183745</longitude><elevation>749</elevation><place>Gemawang</place><country>Indonesia</country><affiliation>BMKG</affiliation><type>BB/SM</type><archive>BMKG</archive><restricted>true</restricted><sensorLocation publicID="SensorLocation/20220510081956.150133.106969" code=""><start>2021-12-31T00:00:00.0000Z</start><latitude>-7.163845</latitude><longitude>110.183745</longitude><elevation>749</elevation><stream publicID="Stream/20220510081956.150152.106970" code="BHZ" datalogger="NRL/Quanterra/Q330Splus.1.20.below100" sensor="NRL/Streckeisen/STS-2.5_LP120_SG1500_STgroundVel"><start>2021-12-31T00:00:00.0000Z</start><dataloggerChannel>0</dataloggerChannel><sensorChannel>0</sensorChannel><sampleRateNumerator>20</sampleRateNumerator><sampleRateDenominator>1</sampleRateDenominator><depth>0</depth><azimuth>0</azimuth><dip>-90</dip><gain>629145000</gain><gainFrequency>0.05</gainFrequency><gainUnit>m/s</gainUnit><format>Steim2</format><flags>GC</flags><restricted>false</restricted><shared>false</shared></stream><stream publicID="Stream/20220510081956.150254.106971" code="BHN" datalogger="NRL/Quanterra/Q330Splus.1.20.below100" sensor="NRL/Streckeisen/STS-2.5_LP120_SG1500_STgroundVel"><start>2021-12-31T00:00:00.0000Z</start><dataloggerChannel>1</dataloggerChannel><sensorChannel>1</sensorChannel><sampleRateNumerator>20</sampleRateNumerator><sampleRateDenominator>1</sampleRateDenominator><depth>0</depth><azimuth>0</azimuth><dip>0</dip><gain>629145000</gain><gainFrequency>0.05</gainFrequency><gainUnit>m/s</gainUnit><format>Steim2</format><flags>GC</flags><restricted>false</restricted></stream><stream publicID="Stream/20220510081956.150355.106972" code="BHE" datalogger="NRL/Quanterra/Q330Splus.1.20.below100" sensor="NRL/Streckeisen/STS-2.5_LP120_SG1500_STgroundVel"><start>2021-12-31T00:00:00.0000Z</start><dataloggerChannel>2</dataloggerChannel><sensorChannel>2</sensorChannel><sampleRateNumerator>20</sampleRateNumerator><sampleRateDenominator>1</sampleRateDenominator><depth>0</depth><azimuth>90</azimuth><dip>0</dip><gain>629145000</gain><gainFrequency>0.05</gainFrequency><gainUnit>m/s</gainUnit><format>Steim2</format><flags>GC</flags><restricted>false</restricted></stream><stream publicID="Stream/20220510081956.150456.106973" code="SHZ" datalogger="NRL/Quanterra/Q330Splus.1.50.below100" sensor="NRL/Streckeisen/STS-2.5_LP120_SG1500_STgroundVel"><start>2021-12-31T00:00:00.0000Z</start><dataloggerChannel>0</dataloggerChannel><sensorChannel>0</sensorChannel><sampleRateNumerator>50</sampleRateNumerator><sampleRateDenominator>1</sampleRateDenominator><depth>0</depth><azimuth>0</azimuth><dip>-90</dip><gain>629145000</gain><gainFrequency>0.05</gainFrequency><gainUnit>m/s</gainUnit><format>Steim2</format><flags>GC</flags></stream><stream publicID="Stream/20220510081956.150571.106974" code="SHN" datalogger="NRL/Quanterra/Q330Splus.1.50.below100" sensor="NRL/Streckeisen/STS-2.5_LP120_SG1500_STgroundVel"><start>2021-12-31T00:00:00.0000Z</start><dataloggerChannel>1</dataloggerChannel><sensorChannel>1</sensorChannel><sampleRateNumerator>50</sampleRateNumerator><sampleRateDenominator>1</sampleRateDenominator><depth>0</depth><azimuth>0</azimuth><dip>0</dip><gain>629145000</gain><gainFrequency>0.05</gainFrequency><gainUnit>m/s</gainUnit><format>Steim2</format><flags>GC</flags></stream><stream publicID="Stream/20220510081956.150692.106975" code="SHE" datalogger="NRL/Quanterra/Q330Splus.1.50.below100" sensor="NRL/Streckeisen/STS-2.5_LP120_SG1500_STgroundVel"><start>2021-12-31T00:00:00.0000Z</start><dataloggerChannel>2</dataloggerChannel><sensorChannel>2</sensorChannel><sampleRateNumerator>50</sampleRateNumerator><sampleRateDenominator>1</sampleRateDenominator><depth>0</depth><azimuth>90</azimuth><dip>0</dip><gain>629145000</gain><gainFrequency>0.05</gainFrequency><gainUnit>m/s</gainUnit><format>Steim2</format><flags>GC</flags></stream><stream publicID="Stream/20220510081956.150805.106976" code="HNZ" datalogger="NRL/Quanterra/Q330Splus.1.100.below100" sensor="NRL/Kinemetrics/Episensor.DC_200.20VDF.2G"><start>2021-12-31T00:00:00.0000Z</start><dataloggerSerialNumber>xxxx</dataloggerSerialNumber><dataloggerChannel>0</dataloggerChannel><sensorSerialNumber>yyyy</sensorSerialNumber><sensorChannel>0</sensorChannel><sampleRateNumerator>100</sampleRateNumerator><sampleRateDenominator>1</sampleRateDenominator><depth>0</depth><azimuth>0</azimuth><dip>-90</dip><gain>427692.771</gain><gainFrequency>1</gainFrequency><gainUnit>M/S**2</gainUnit><format>Steim2</format><flags>GC</flags><restricted>true</restricted><shared>false</shared></stream><stream publicID="Stream/20220510081956.150892.106977" code="HNN" datalogger="NRL/Quanterra/Q330Splus.1.100.below100" sensor="NRL/Kinemetrics/Episensor.DC_200.20VDF.2G"><start>2021-12-31T00:00:00.0000Z</start><dataloggerSerialNumber>xxxx</dataloggerSerialNumber><dataloggerChannel>0</dataloggerChannel><sensorSerialNumber>yyyy</sensorSerialNumber><sensorChannel>0</sensorChannel><sampleRateNumerator>100</sampleRateNumerator><sampleRateDenominator>1</sampleRateDenominator><depth>0</depth><azimuth>0</azimuth><dip>0</dip><gain>427692.771</gain><gainFrequency>1</gainFrequency><gainUnit>M/S**2</gainUnit><format>Steim2</format><flags>GC</flags><restricted>true</restricted><shared>false</shared></stream><stream publicID="Stream/20220510081956.150982.106978" code="HNE" datalogger="NRL/Quanterra/Q330Splus.1.100.below100" sensor="NRL/Kinemetrics/Episensor.DC_200.20VDF.2G"><start>2021-12-31T00:00:00.0000Z</start><dataloggerSerialNumber>xxxx</dataloggerSerialNumber><dataloggerChannel>0</dataloggerChannel><sensorSerialNumber>yyyy</sensorSerialNumber><sensorChannel>0</sensorChannel><sampleRateNumerator>100</sampleRateNumerator><sampleRateDenominator>1</sampleRateDenominator><depth>0</depth><azimuth>90</azimuth><dip>0</dip><gain>427692.771</gain><gainFrequency>1</gainFrequency><gainUnit>M/S**2</gainUnit><format>Steim2</format><flags>GC</flags><restricted>true</restricted><shared>false</shared></stream><stream publicID="Stream/20220510081956.151068.106979" code="LHZ" datalogger="NRL/Quanterra/Q330Splus.1.1.below100" sensor="NRL/Streckeisen/STS5A.120.1500"><start>2021-12-31T00:00:00.0000Z</start><end>2022-05-10T00:00:00.0000Z</end><sampleRateNumerator>1</sampleRateNumerator><sampleRateDenominator>1</sampleRateDenominator><depth>0</depth><azimuth>0</azimuth><dip>-90</dip><gain>-629145000</gain><gainFrequency>1</gainFrequency><gainUnit>M/S</gainUnit><format>Steim2</format><flags>GC</flags></stream><stream publicID="Stream/20220510081956.151168.106980" code="LHN" datalogger="NRL/Quanterra/Q330Splus.1.1.below100" sensor="NRL/Streckeisen/STS5A.120.1500"><start>2021-12-31T00:00:00.0000Z</start><end>2022-05-10T00:00:00.0000Z</end><sampleRateNumerator>1</sampleRateNumerator><sampleRateDenominator>1</sampleRateDenominator><depth>0</depth><azimuth>0</azimuth><dip>0</dip><gain>-629145000</gain><gainFrequency>1</gainFrequency><gainUnit>M/S</gainUnit><format>Steim2</format><flags>GC</flags></stream><stream publicID="Stream/20220510081956.151268.106981" code="LHE" datalogger="NRL/Quanterra/Q330Splus.1.1.below100" sensor="NRL/Streckeisen/STS5A.120.1500"><start>2021-12-31T00:00:00.0000Z</start><end>2022-05-10T00:00:00.0000Z</end><sampleRateNumerator>1</sampleRateNumerator><sampleRateDenominator>1</sampleRateDenominator><depth>0</depth><azimuth>90</azimuth><dip>0</dip><gain>-629145000</gain><gainFrequency>1</gainFrequency><gainUnit>M/S</gainUnit><format>Steim2</format><flags>GC</flags></stream><stream publicID="Stream/20220510081956.151368.106982" code="VHZ" datalogger="NRL/Quanterra/Q330Splus.1.0_1.below100" sensor="NRL/Streckeisen/STS5A.120.1500"><start>2021-12-31T00:00:00.0000Z</start><end>2022-05-10T00:00:00.0000Z</end><sampleRateNumerator>1</sampleRateNumerator><sampleRateDenominator>10</sampleRateDenominator><depth>0</depth><azimuth>0</azimuth><dip>-90</dip><gain>-629145000</gain><gainFrequency>1</gainFrequency><gainUnit>M/S</gainUnit><format>Steim2</format><flags>GC</flags></stream><stream publicID="Stream/20220510081956.151471.106983" code="VHN" datalogger="NRL/Quanterra/Q330Splus.1.0_1.below100" sensor="NRL/Streckeisen/STS5A.120.1500"><start>2021-12-31T00:00:00.0000Z</start><end>2022-05-10T00:00:00.0000Z</end><sampleRateNumerator>1</sampleRateNumerator><sampleRateDenominator>10</sampleRateDenominator><depth>0</depth><azimuth>0</azimuth><dip>0</dip><gain>-629145000</gain><gainFrequency>1</gainFrequency><gainUnit>M/S</gainUnit><format>Steim2</format><flags>GC</flags></stream><stream publicID="Stream/20220510081956.151574.106984" code="VHE" datalogger="NRL/Quanterra/Q330Splus.1.0_1.below100" sensor="NRL/Streckeisen/STS5A.120.1500"><start>2021-12-31T00:00:00.0000Z</start><end>2022-05-10T00:00:00.0000Z</end><sampleRateNumerator>1</sampleRateNumerator><sampleRateDenominator>10</sampleRateDenominator><depth>0</depth><azimuth>90</azimuth><dip>0</dip><gain>-629145000</gain><gainFrequency>1</gainFrequency><gainUnit>M/S</gainUnit><format>Steim2</format><flags>GC</flags></stream><stream publicID="Stream/20220510081956.151685.106985" code="BNZ" datalogger="NRL/Quanterra/Q330Splus.1.20.below100" sensor="NRL/Kinemetrics/Episensor.DC_200.20VDF.2G"><start>2021-12-31T00:00:00.0000Z</start><end>2022-05-10T00:00:00.0000Z</end><sampleRateNumerator>20</sampleRateNumerator><sampleRateDenominator>1</sampleRateDenominator><depth>0</depth><azimuth>0</azimuth><dip>-90</dip><gain>427692.771</gain><gainFrequency>1</gainFrequency><gainUnit>M/S**2</gainUnit><format>Steim2</format><flags>GC</flags></stream><stream publicID="Stream/20220510081956.151776.106986" code="BNN" datalogger="NRL/Quanterra/Q330Splus.1.20.below100" sensor="NRL/Kinemetrics/Episensor.DC_200.20VDF.2G"><start>2021-12-31T00:00:00.0000Z</start><end>2022-05-10T00:00:00.0000Z</end><sampleRateNumerator>20</sampleRateNumerator><sampleRateDenominator>1</sampleRateDenominator><depth>0</depth><azimuth>0</azimuth><dip>0</dip><gain>427692.771</gain><gainFrequency>1</gainFrequency><gainUnit>M/S**2</gainUnit><format>Steim2</format><flags>GC</flags></stream><stream publicID="Stream/20220510081956.151863.106987" code="BNE" datalogger="NRL/Quanterra/Q330Splus.1.20.below100" sensor="NRL/Kinemetrics/Episensor.DC_200.20VDF.2G"><start>2021-12-31T00:00:00.0000Z</start><end>2022-05-10T00:00:00.0000Z</end><sampleRateNumerator>20</sampleRateNumerator><sampleRateDenominator>1</sampleRateDenominator><depth>0</depth><azimuth>90</azimuth><dip>0</dip><gain>427692.771</gain><gainFrequency>1</gainFrequency><gainUnit>M/S**2</gainUnit><format>Steim2</format><flags>GC</flags></stream><stream publicID="Stream/20220510081956.151948.106988" code="LNZ" datalogger="NRL/Quanterra/Q330Splus.1.1.below100" sensor="NRL/Kinemetrics/Episensor.DC_200.20VDF.2G"><start>2021-12-31T00:00:00.0000Z</start><end>2022-05-10T00:00:00.0000Z</end><sampleRateNumerator>1</sampleRateNumerator><sampleRateDenominator>1</sampleRateDenominator><depth>0</depth><azimuth>0</azimuth><dip>-90</dip><gain>427692.771</gain><gainFrequency>1</gainFrequency><gainUnit>M/S**2</gainUnit><format>Steim2</format><flags>GC</flags></stream><stream publicID="Stream/20220510081956.152033.106989" code="LNN" datalogger="NRL/Quanterra/Q330Splus.1.1.below100" sensor="NRL/Kinemetrics/Episensor.DC_200.20VDF.2G"><start>2021-12-31T00:00:00.0000Z</start><end>2022-05-10T00:00:00.0000Z</end><sampleRateNumerator>1</sampleRateNumerator><sampleRateDenominator>1</sampleRateDenominator><depth>0</depth><azimuth>0</azimuth><dip>0</dip><gain>427692.771</gain><gainFrequency>1</gainFrequency><gainUnit>M/S**2</gainUnit><format>Steim2</format><flags>GC</flags></stream><stream publicID="Stream/20220510081956.152118.106990" code="LNE" datalogger="NRL/Quanterra/Q330Splus.1.1.below100" sensor="NRL/Kinemetrics/Episensor.DC_200.20VDF.2G"><start>2021-12-31T00:00:00.0000Z</start><end>2022-05-10T00:00:00.0000Z</end><sampleRateNumerator>1</sampleRateNumerator><sampleRateDenominator>1</sampleRateDenominator><depth>0</depth><azimuth>90</azimuth><dip>0</dip><gain>427692.771</gain><gainFrequency>1</gainFrequency><gainUnit>M/S**2</gainUnit><format>Steim2</format><flags>GC</flags></stream><stream publicID="Stream/20220510081956.152203.106991" code="SNZ" datalogger="NRL/Quanterra/Q330Splus.1.50.below100" sensor="NRL/Kinemetrics/Episensor.DC_200.20VDF.2G"><start>2021-12-31T00:00:00.0000Z</start><end>2022-05-10T00:00:00.0000Z</end><sampleRateNumerator>50</sampleRateNumerator><sampleRateDenominator>1</sampleRateDenominator><depth>0</depth><azimuth>0</azimuth><dip>-90</dip><gain>427692.771</gain><gainFrequency>1</gainFrequency><gainUnit>M/S**2</gainUnit><format>Steim2</format><flags>GC</flags></stream><stream publicID="Stream/20220510081956.152302.106992" code="SNN" datalogger="NRL/Quanterra/Q330Splus.1.50.below100" sensor="NRL/Kinemetrics/Episensor.DC_200.20VDF.2G"><start>2021-12-31T00:00:00.0000Z</start><end>2022-05-10T00:00:00.0000Z</end><sampleRateNumerator>50</sampleRateNumerator><sampleRateDenominator>1</sampleRateDenominator><depth>0</depth><azimuth>0</azimuth><dip>0</dip><gain>427692.771</gain><gainFrequency>1</gainFrequency><gainUnit>M/S**2</gainUnit><format>Steim2</format><flags>GC</flags></stream><stream publicID="Stream/20220510081956.152406.106993" code="SNE" datalogger="NRL/Quanterra/Q330Splus.1.50.below100" sensor="NRL/Kinemetrics/Episensor.DC_200.20VDF.2G"><start>2021-12-31T00:00:00.0000Z</start><end>2022-05-10T00:00:00.0000Z</end><sampleRateNumerator>50</sampleRateNumerator><sampleRateDenominator>1</sampleRateDenominator><depth>0</depth><azimuth>90</azimuth><dip>0</dip><gain>427692.771</gain><gainFrequency>1</gainFrequency><gainUnit>M/S**2</gainUnit><format>Steim2</format><flags>GC</flags></stream></sensorLocation></station></network></Inventory></seiscomp>
