<?xml version="1.0" encoding="UTF-8"?>
<seiscomp xmlns="http://geofon.gfz-potsdam.de/ns/seiscomp3-schema/0.13" version="0.13"><Inventory><sensor publicID="Sensor#20150806153749.484979.33" name="GFZ:IA1980:CMG-3T/100/g=1500" response="ResponsePAZ#20150806153749.485109.34"><description>GFZ:IA1980:CMG-3T/100/g=1500</description><model>CMG-3T/100</model><manufacturer>Guralp</manufacturer><type>VBB</type><unit>M/S</unit></sensor><sensor publicID="NRL/Nanometrics/Trillium120PH_g3.120.1202" name="Nanometrics/Trillium120PH_g3.120.1202" response="NRL/Nanometrics/Trillium120PH_g3.120.1202/1"><model>Trillium 120Q</model><manufacturer>Nanometrics</manufacturer><unit>M/S</unit></sensor><sensor publicID="Sensor/20180920143723.573746.42" name="GFZ:IA1980:TSM-1/g=6" response="ResponsePAZ/20180920143723.5738.43"><description>GFZ:IA1980:TSM-1/g=6</description><unit>M/S</unit></sensor><sensor publicID="Sensor/20180920143723.56921.15" name="GFZ:IA1980:Trillium-120/g=1201" response="ResponsePAZ/20180920143723.569269.16"><description>GFZ:IA1980:Trillium-120/g=1201</description><model>Trillium-120</model><manufacturer>Nanometrics</manufacturer><type>VBB</type><unit>M/S</unit></sensor><sensor publicID="Sensor/20181102134034.587314.41" name="GFZ:IA1980:G210S/g=0" response="ResponsePAZ/20181102134034.587367.42"><description>GFZ:IA1980:G210S/g=0</description><model>G210S</model><manufacturer>Meisei</manufacturer><type>SM</type><unit>M/S**2</unit></sensor><datalogger publicID="Datalogger#20150806153749.485547.35" name="GFZ:IA1980:LS-7000/g=409165"><description>GFZ:IA1980:LS-7000/g=409165</description><digitizerModel>LS-7000</digitizerModel><digitizerManufacturer>Hakusan</digitizerManufacturer><recorderModel>LS-7000</recorderModel><recorderManufacturer>Hakusan</recorderManufacturer><gain>409165</gain><maxClockDrift>0</maxClockDrift><decimation sampleRateNumerator="20" sampleRateDenominator="1"/><decimation sampleRateNumerator="100" sampleRateDenominator="1"/></datalogger><datalogger publicID="Datalogger/20180920143723.57318.37" name="GFZ:IA1980:G1019/g=419430"><description>GFZ:IA1980:G1019/g=419430</description><gain>419430.4</gain><maxClockDrift>0</maxClockDrift><decimation sampleRateNumerator="20" sampleRateDenominator="1"/><decimation sampleRateNumerator="100" sampleRateDenominator="1"/></datalogger><datalogger publicID="Datalogger#20160224160026.621415.143" name="GFZ:IA1980:Taurus/g=419430"><description>GFZ:IA1980:Taurus/g=419430</description><digitizerManufacturer>Nanometrics</digitizerManufacturer><recorderManufacturer>Nanometrics</recorderManufacturer><gain>419430.4</gain><maxClockDrift>0</maxClockDrift><decimation sampleRateNumerator="1" sampleRateDenominator="1"><digitalFilterChain>ResponseFIR#20150806153749.462462.8 ResponseFIR#20150806153749.463027.9 ResponseFIR#20150806153749.467031.17 ResponseFIR#20160224160026.621648.144 ResponseFIR#20160224160026.622889.147 ResponseFIR#20160224160026.623128.148</digitalFilterChain></decimation><decimation sampleRateNumerator="1" sampleRateDenominator="10"><digitalFilterChain>ResponseFIR#20150806153749.462462.8 ResponseFIR#20150806153749.463027.9 ResponseFIR#20150806153749.467031.17 ResponseFIR#20160224160026.621648.144 ResponseFIR#20160224160026.622889.147 ResponseFIR#20160224160026.623128.148 ResponseFIR#20160224160026.623679.149</digitalFilterChain></decimation><decimation sampleRateNumerator="20" sampleRateDenominator="1"><digitalFilterChain>ResponseFIR#20150806153749.462462.8 ResponseFIR#20150806153749.463027.9 ResponseFIR#20150806153749.467031.17 ResponseFIR#20160224160026.621648.144</digitalFilterChain></decimation><decimation sampleRateNumerator="25" sampleRateDenominator="1"><digitalFilterChain>ResponseFIR#20150806153749.462462.8 ResponseFIR#20150806153749.463027.9 ResponseFIR#20150806153749.467031.17 ResponseFIR#20160224160026.62213.145 ResponseFIR#20160224160026.622452.146</digitalFilterChain></decimation><decimation sampleRateNumerator="50" sampleRateDenominator="1"><digitalFilterChain>ResponseFIR#20150806153749.462462.8 ResponseFIR#20150806153749.463027.9 ResponseFIR#20150806153749.467031.17 ResponseFIR#20160224160026.62213.145</digitalFilterChain></decimation><decimation sampleRateNumerator="100" sampleRateDenominator="1"><digitalFilterChain>ResponseFIR#20150806153749.462462.8 ResponseFIR#20150806153749.463027.9 ResponseFIR#20150806153749.467031.17</digitalFilterChain></decimation><decimation sampleRateNumerator="200" sampleRateDenominator="1"><digitalFilterChain>ResponseFIR#20150806153749.462462.8 ResponseFIR#20150806153749.463027.9</digitalFilterChain></decimation></datalogger><datalogger publicID="Datalogger/20181102134034.587542.43" name="GFZ:IA1980:G210P/g=1442251"><description>GFZ:IA1980:G210P/g=1442251</description><gain>1442251.9</gain><maxClockDrift>0</maxClockDrift><decimation sampleRateNumerator="20" sampleRateDenominator="1"/><decimation sampleRateNumerator="100" sampleRateDenominator="1"/></datalogger><responsePAZ publicID="ResponsePAZ#20150806153749.485109.34" name="GFZ:IA1980:CMG-3T/100/g=1500"><type>A</type><gain>1500</gain><gainFrequency>0.04</gainFrequency><normalizationFactor>1</normalizationFactor><normalizationFrequency>1</normalizationFrequency><numberOfZeros>2</numberOfZeros><numberOfPoles>2</numberOfPoles><zeros>(0,0) (0,0)</zeros><poles>(-0.04442,0.04442) (-0.04442,-0.04442)</poles></responsePAZ><responsePAZ publicID="NRL/Nanometrics/Trillium120PH_g3.120.1202/1" name="NRL/Nanometrics/Trillium120PH_g3.120.1202/1"><type>A</type><gain>1202.5</gain><gainFrequency>1</gainFrequency><normalizationFactor>8.31871e+17</normalizationFactor><normalizationFrequency>1</normalizationFrequency><numberOfZeros>6</numberOfZeros><numberOfPoles>11</numberOfPoles><zeros>(0,0) (0,0) (-31.63,0) (-160,0) (-350,0) (-3177,0)</zeros><poles>(-0.036614,0.037059) (-0.036614,-0.037059) (-32.55,0) (-142,0) (-364,404) (-364,-404) (-1260,0) (-4900,5204) (-4900,-5204) (-7100,1700) (-7100,-1700)</poles></responsePAZ><responsePAZ publicID="ResponsePAZ/20180920143723.5738.43" name="GFZ:IA1980:TSM-1/g=6"><type>A</type><gain>6</gain><gainFrequency>1</gainFrequency><normalizationFactor>95245430590000000</normalizationFactor><normalizationFrequency>1</normalizationFrequency><numberOfZeros>3</numberOfZeros><numberOfPoles>8</numberOfPoles><zeros>(0,0) (0,0) (-113.349,0)</zeros><poles>(-0.0444288,0.0444288) (-0.0444288,-0.0444288) (-400.117,400.117) (-400.117,-400.117) (-106.814,0) (-2544.69,1232.45) (-2544.69,-1232.45) (-39478.4,0)</poles></responsePAZ><responsePAZ publicID="ResponsePAZ/20180920143723.569269.16" name="GFZ:IA1980:Trillium-120/g=1201"><type>A</type><gain>1201</gain><gainFrequency>1</gainFrequency><normalizationFactor>308000</normalizationFactor><normalizationFrequency>1</normalizationFrequency><numberOfZeros>5</numberOfZeros><numberOfPoles>7</numberOfPoles><zeros>(0,0) (0,0) (-90,0) (-160.7,0) (-3108,0)</zeros><poles>(-0.03852,0.03658) (-0.03852,-0.03658) (-178,0) (-135,160) (-135,-160) (-671,1154) (-671,-1154)</poles></responsePAZ><responsePAZ publicID="ResponsePAZ/20181102134034.587367.42" name="GFZ:IA1980:G210S/g=0"><type>A</type><gain>0.193877551</gain><gainFrequency>1</gainFrequency><normalizationFactor>8868340000000000</normalizationFactor><normalizationFrequency>1</normalizationFrequency><numberOfZeros>3</numberOfZeros><numberOfPoles>7</numberOfPoles><zeros>(-628.319,0) (-12566.4,0) (-62831.9,0)</zeros><poles>(-914.825,0) (-6904.65,0) (-3900.17,0) (-67481.5,0) (-7098.57,0) (-98870.4,0) (-3770.74,0)</poles><remark>A</remark></responsePAZ><responseFIR publicID="ResponseFIR#20150806153749.462462.8" name="GFZ:IA1980:TRID_FIR_1"><gain>1</gain><decimationFactor>15</decimationFactor><delay>0</delay><correction>-81.999</correction><numberOfCoefficients>83</numberOfCoefficients><symmetry>B</symmetry><coefficients>-4.04791e-10 -1.39029e-10 6.728e-10 2.75797e-09 7.54651e-09 1.76668e-08 3.76936e-08 7.52313e-08 1.42425e-07 2.57999e-07 4.49904e-07 7.58656e-07 1.24139e-06 1.97658e-06 3.06939e-06 4.65728e-06 6.91569e-06 1.00631e-05 1.43649e-05 2.0135e-05 2.77346e-05 3.75661e-05 5.00617e-05 6.56652e-05 8.48049e-05 0.000107859 0.000135108 0.000166685 0.000202505 0.0002422 0.000285038 0.00032985 0.000374956 0.000418099 0.0004564 0.000486339 0.000503757 0.000503913 0.00048158 0.000431195 0.000347068 0.000223655 5.58818e-05 -0.000160475 -0.000428365 -0.000749008 -0.00112143 -0.00154201 -0.00200406 -0.00249746 -0.00300841 -0.00351925 -0.00400852 -0.00445107 -0.00481847 -0.00507953 -0.00520107 -0.00514889 -0.00488884 -0.00438813 -0.00361664 -0.0025484 -0.00116293 0.00055335 0.00260595 0.00499129 0.00769592 0.0106961 0.0139576 0.0174362 0.0210783 0.0248217 0.0285976 0.0323318 0.0359474 0.0393664 0.0425127 0.0453141 0.0477047 0.0496275 0.0510357 0.0518947 0.0521834</coefficients></responseFIR><responseFIR publicID="ResponseFIR#20150806153749.463027.9" name="GFZ:IA1980:TRID_FIR_2"><gain>1</gain><decimationFactor>10</decimationFactor><delay>0</delay><correction>-93</correction><numberOfCoefficients>94</numberOfCoefficients><symmetry>B</symmetry><coefficients>8.46923e-10 2.27422e-09 4.53895e-09 6.87379e-09 7.10904e-09 7.62784e-10 -1.98301e-08 -6.60994e-08 -1.53114e-07 -2.98249e-07 -5.18152e-07 -8.23636e-07 -1.21248e-06 -1.66055e-06 -2.11247e-06 -2.47353e-06 -2.60562e-06 -2.33013e-06 -1.44098e-06 2.69804e-07 2.97271e-06 6.74886e-06 1.15296e-05 1.70354e-05 2.27248e-05 2.7767e-05 3.10537e-05 3.1263e-05 2.69861e-05 1.69189e-05 1.11176e-07 -2.37456e-05 -5.40267e-05 -8.89227e-05 -0.000125282 -0.000158604 -0.000183236 -0.000192798 -0.000180864 -0.00014185 -7.2067e-05 2.91938e-05 0.000158665 0.000308386 0.000465422 0.000612198 0.000727547 0.000788512 0.000772858 0.000662123 0.000444926 0.000120161 -0.000300369 -0.000790361 -0.00130887 -0.00180202 -0.00220662 -0.00245579 -0.00248619 -0.00224631 -0.00170503 -0.000859463 0.000259011 0.00158157 0.0030025 0.00438414 0.00556632 0.00638 0.0066644 0.00628604 0.00515814 0.0032582 0.000641682 -0.00255018 -0.00609006 -0.0096727 -0.0129317 -0.0154642 -0.0168626 -0.016749 -0.0148125 -0.0108425 -0.00475778 0.00337489 0.0133318 0.0247374 0.0370817 0.0497507 0.062067 0.0733368 0.0829015 0.0901866 0.0947464 0.0962985</coefficients></responseFIR><responseFIR publicID="ResponseFIR#20150806153749.467031.17" name="GFZ:IA1980:TRID_FIR_3"><gain>1</gain><decimationFactor>2</decimationFactor><delay>0</delay><correction>-111</correction><numberOfCoefficients>112</numberOfCoefficients><symmetry>B</symmetry><coefficients>-2.4877e-10 4.73744e-09 1.24032e-08 2.18423e-09 -2.9735e-08 -2.7741e-08 4.8235e-08 9.04852e-08 -4.3772e-08 -2.02925e-07 -2.93251e-08 3.57677e-07 2.38076e-07 -5.05054e-07 -6.56661e-07 5.29514e-07 1.33303e-06 -2.35391e-07 -2.23456e-06 -6.43189e-07 3.17885e-06 2.39189e-06 -3.76643e-06 -5.21313e-06 3.34388e-06 9.06984e-06 -1.0342e-06 -1.34948e-05 -4.1282e-06 1.74081e-05 1.29325e-05 -1.90112e-05 -2.55982e-05 1.58385e-05 4.12985e-05 -5.05136e-06 -5.76943e-05 -1.59734e-05 7.06232e-05 4.87621e-05 -7.41183e-05 -9.2656e-05 6.09281e-05 0.000143704 -2.36571e-05 -0.000193818 -4.34607e-05 0.000230529 0.0001423 -0.000237697 -0.00026842 0.00019742 0.000408986 -9.32264e-05 -0.000541667 -8.56506e-05 0.000635146 0.000339424 -0.000651794 -0.000653162 0.000552734 0.000993533 -0.000305133 -0.00130802 -0.000108987 0.00152764 0.000683646 -0.00157381 -0.00138119 0.00136932 0.00212784 -0.000852739 -0.00281433 -5.43598e-06 0.00330293 0.00118724 -0.00344149 -0.00261502 0.00308386 0.00414554 -0.00211493 -0.00557267 0.000477543 0.00664017 0.00180254 -0.00706464 -0.00459738 0.00656694 0.0076669 -0.00490895 -0.0106603 0.00193106 0.0131289 0.00241487 -0.0145476 -0.00804248 0.0143373 0.0147221 -0.0118736 -0.022089 0.00645106 0.0296694 0.00287172 -0.0369222 -0.0177763 0.0432915 0.0424836 -0.0482648 -0.0928087 0.0514286 0.313777 0.447486</coefficients></responseFIR><responseFIR publicID="ResponseFIR#20160224160026.621648.144" name="GFZ:IA1980:TRID_FIR_4"><gain>1</gain><decimationFactor>5</decimationFactor><delay>0</delay><correction>79.5</correction><numberOfCoefficients>80</numberOfCoefficients><symmetry>C</symmetry><coefficients>4.032461e-05 7.45328e-05 0.0001234553 0.0001701887 0.0001973105 0.0001854891 0.0001193456 -5.723101e-06 -0.0001779232 -0.0003673259 -0.0005295104 -0.0006150085 -0.0005832354 -0.0004172837 -0.0001349516 0.000208333 0.000527709 0.0007281899 0.0007312587 0.0005019202 6.783176e-05 -0.0004771493 -0.000989158 -0.001308918 -0.001307358 -0.0009300168 -0.000226254 0.0006483476 0.001461708 0.001963222 0.001956625 0.001367725 0.0002854628 -0.001040387 -0.002250679 -0.002969069 -0.002912737 -0.001990583 -0.0003573537 0.00159884 0.003340972 0.004323764 0.004155636 0.002736002 0.000323431 -0.002494752 -0.004934943 -0.006225197 -0.005836136 -0.003668966 -0.0001394092 0.003880228 0.007261231 0.008919356 0.008140252 0.00483705 -0.0003434785 -0.006115665 -0.01084778 -0.01299272 -0.01154995 -0.006430377 0.001391198 0.01000571 0.01698057 0.0199734 0.01740664 0.009029463 -0.003794969 -0.01818304 -0.03022295 -0.03578333 -0.03146898 -0.01550444 0.01167237 0.04726833 0.08650819 0.1234668 0.1521942 0.1678939</coefficients></responseFIR><responseFIR publicID="ResponseFIR#20160224160026.622889.147" name="GFZ:IA1980:TRID_FIR_5"><gain>1</gain><decimationFactor>2</decimationFactor><delay>0</delay><correction>47.5</correction><numberOfCoefficients>48</numberOfCoefficients><symmetry>C</symmetry><coefficients>-4.624365e-06 -8.258298e-05 -0.0002260141 -0.0002539009 7.665667e-07 0.0003050186 0.0001712792 -0.0003494469 -0.0004491013 0.0002631577 0.0007897725 3.857301e-05 -0.001091783 -0.0005999956 0.001206435 0.001397154 -0.0009624677 -0.002313273 0.0002078273 0.003130074 0.001137016 -0.003543348 -0.003024242 0.003207636 0.005238007 -0.001803839 -0.007375909 -0.0008729728 0.00887091 0.004831847 -0.009042305 -0.009813905 0.007179136 0.015253 -0.002628732 -0.02026759 -0.005142914 0.02366362 0.01657857 -0.02387548 -0.03227953 0.01860678 0.05394208 -0.003140518 -0.08849621 -0.04014856 0.1847636 0.4066011</coefficients></responseFIR><responseFIR publicID="ResponseFIR#20160224160026.623128.148" name="GFZ:IA1980:TRID_FIR_6"><gain>1</gain><decimationFactor>10</decimationFactor><delay>0</delay><correction>200</correction><numberOfCoefficients>200</numberOfCoefficients><symmetry>C</symmetry><coefficients>-1.288281e-09 9.145034e-09 2.874769e-08 7.112418e-08 1.513101e-07 2.916242e-07 5.231895e-07 8.878432e-07 1.440052e-06 2.24866e-06 3.398265e-06 4.989996e-06 7.141442e-06 9.985479e-06 1.366774e-05 1.83425e-05 2.416687e-05 3.129306e-05 3.985899e-05 4.997713e-05 6.172202e-05 7.511701e-05 9.012059e-05 0.0001066134 0.0001243865 0.0001431324 0.0001624396 0.0001817911 0.0002005695 0.0002180679 0.0002335074 0.000246063 0.0002548946 0.0002591862 0.0002581891 0.0002512688 0.0002379538 0.0002179823 0.0001913454 0.0001583231 0.0001195095 7.5825e-05 2.85123e-05 -2.088511e-05 -7.056389e-05 -0.0001185209 -0.0001626319 -0.0002007456 -0.0002307918 -0.0002508961 -0.0002594986 -0.0002554669 -0.0002381994 -0.0002077093 -0.0001646833 -0.0001105091 -4.726636e-05 2.232303e-05 9.498488e-05 0.0001670235 0.000234489 0.0002933745 0.0003398356 0.0003704207 0.0003822988 0.0003734725 0.0003429611 0.0002909406 0.0002188273 0.0001292966 2.622857e-05 -8.542218e-05 -0.0001998312 -0.0003105775 -0.0004109749 -0.0004944463 -0.0005549211 -0.0005872346 -0.0005875043 -0.0005534583 -0.000484693 -0.0003828365 -0.0002516029 -9.672314e-05 7.425156e-05 0.0002522716 0.0004272265 0.0005884798 0.0007254751 0.0008283816 0.0008887429 0.0009000873 0.0008584615 0.0007628463 0.0006154226 0.0004216592 0.0001902033 -6.74309e-05 -0.0003373727 -0.000604086 -0.0008512096 -0.001062506 -0.001222866 -0.001319314 -0.00134194 -0.001284715 -0.001146112 -0.0009294907 -0.0006432052 -0.0003004092 8.144994e-05 0.0004814348 0.0008761901 0.001241233 0.001552395 0.001787333 0.001927028 0.001957161 0.001869294 0.001661747 0.001340119 0.0009173861 0.0004135418 -0.0001452115 -0.0007277114 -0.001299467 -0.001824592 -0.002267948 -0.002597361 -0.002785792 -0.002813315 -0.002668778 -0.002351008 -0.00186948 -0.001244358 -0.0005058778 0.0003069235 0.001148105 0.001967256 0.002712341 0.003332827 0.003782886 0.004024507 0.004030299 0.003785815 0.00329121 0.002562102 0.001629537 0.0005390014 -0.0006514972 -0.001874238 -0.003055347 -0.004118945 -0.004991665 -0.005607285 -0.00591121 -0.005864518 -0.005447308 -0.004661108 -0.003530149 -0.00210135 -0.0004429702 0.001358104 0.003200333 0.004972611 0.006560231 0.007851433 0.008744207 0.009152958 0.009014668 0.008294169 0.006988193 0.005127911 0.002779736 4.42597e-05 -0.002946704 -0.006034919 -0.009042181 -0.01177819 -0.01404943 -0.01566876 -0.01646505 -0.01629256 -0.01503952 -0.01263528 -0.009055894 -0.004327586 0.001472054 0.008215294 0.0157279 0.02379508 0.03216953 0.04058117 0.04874818 0.05638885 0.06323362 0.06903676 0.07358717 0.07671769 0.07831255</coefficients></responseFIR><responseFIR publicID="ResponseFIR#20160224160026.623679.149" name="GFZ:IA1980:TRID_FIR_7"><gain>1</gain><decimationFactor>10</decimationFactor><delay>0</delay><correction>199.5</correction><numberOfCoefficients>200</numberOfCoefficients><symmetry>C</symmetry><coefficients>-1.288281e-09 9.145034e-09 2.874769e-08 7.112418e-08 1.513101e-07 2.916242e-07 5.231895e-07 8.878432e-07 1.440052e-06 2.24866e-06 3.398265e-06 4.989996e-06 7.141442e-06 9.985479e-06 1.366774e-05 1.83425e-05 2.416687e-05 3.129306e-05 3.985899e-05 4.997713e-05 6.172202e-05 7.511701e-05 9.012059e-05 0.0001066134 0.0001243865 0.0001431324 0.0001624396 0.0001817911 0.0002005695 0.0002180679 0.0002335074 0.000246063 0.0002548946 0.0002591862 0.0002581891 0.0002512688 0.0002379538 0.0002179823 0.0001913454 0.0001583231 0.0001195095 7.5825e-05 2.85123e-05 -2.088511e-05 -7.056389e-05 -0.0001185209 -0.0001626319 -0.0002007456 -0.0002307918 -0.0002508961 -0.0002594986 -0.0002554669 -0.0002381994 -0.0002077093 -0.0001646833 -0.0001105091 -4.726636e-05 2.232303e-05 9.498488e-05 0.0001670235 0.000234489 0.0002933745 0.0003398356 0.0003704207 0.0003822988 0.0003734725 0.0003429611 0.0002909406 0.0002188273 0.0001292966 2.622857e-05 -8.542218e-05 -0.0001998312 -0.0003105775 -0.0004109749 -0.0004944463 -0.0005549211 -0.0005872346 -0.0005875043 -0.0005534583 -0.000484693 -0.0003828365 -0.0002516029 -9.672314e-05 7.425156e-05 0.0002522716 0.0004272265 0.0005884798 0.0007254751 0.0008283816 0.0008887429 0.0009000873 0.0008584615 0.0007628463 0.0006154226 0.0004216592 0.0001902033 -6.74309e-05 -0.0003373727 -0.000604086 -0.0008512096 -0.001062506 -0.001222866 -0.001319314 -0.00134194 -0.001284715 -0.001146112 -0.0009294907 -0.0006432052 -0.0003004092 8.144994e-05 0.0004814348 0.0008761901 0.001241233 0.001552395 0.001787333 0.001927028 0.001957161 0.001869294 0.001661747 0.001340119 0.0009173861 0.0004135418 -0.0001452115 -0.0007277114 -0.001299467 -0.001824592 -0.002267948 -0.002597361 -0.002785792 -0.002813315 -0.002668778 -0.002351008 -0.00186948 -0.001244358 -0.0005058778 0.0003069235 0.001148105 0.001967256 0.002712341 0.003332827 0.003782886 0.004024507 0.004030299 0.003785815 0.00329121 0.002562102 0.001629537 0.0005390014 -0.0006514972 -0.001874238 -0.003055347 -0.004118945 -0.004991665 -0.005607285 -0.00591121 -0.005864518 -0.005447308 -0.004661108 -0.003530149 -0.00210135 -0.0004429702 0.001358104 0.003200333 0.004972611 0.006560231 0.007851433 0.008744207 0.009152958 0.009014668 0.008294169 0.006988193 0.005127911 0.002779736 4.42597e-05 -0.002946704 -0.006034919 -0.009042181 -0.01177819 -0.01404943 -0.01566876 -0.01646505 -0.01629256 -0.01503952 -0.01263528 -0.009055894 -0.004327586 0.001472054 0.008215294 0.0157279 0.02379508 0.03216953 0.04058117 0.04874818 0.05638885 0.06323362 0.06903676 0.07358717 0.07671769 0.07831255</coefficients></responseFIR><responseFIR publicID="ResponseFIR#20160224160026.62213.145" name="GFZ:IA1980:TRID_FIR_8"><gain>1</gain><decimationFactor>2</decimationFactor><delay>0</delay><correction>0</correction><numberOfCoefficients>112</numberOfCoefficients><symmetry>B</symmetry><coefficients>-2.4877e-10 4.73744e-09 1.24032e-08 2.18423e-09 -2.9735e-08 -2.7741e-08 4.8235e-08 9.04852e-08 -4.3772e-08 -2.02925e-07 -2.93251e-08 3.57677e-07 2.38076e-07 -5.05054e-07 -6.56661e-07 5.29514e-07 1.33303e-06 -2.35391e-07 -2.23456e-06 -6.43189e-07 3.17885e-06 2.39189e-06 -3.76643e-06 -5.21313e-06 3.34388e-06 9.06984e-06 -1.0342e-06 -1.34948e-05 -4.1282e-06 1.74081e-05 1.29325e-05 -1.90112e-05 -2.55982e-05 1.58385e-05 4.12985e-05 -5.05136e-06 -5.76943e-05 -1.59734e-05 7.06232e-05 4.87621e-05 -7.41183e-05 -9.2656e-05 6.09281e-05 0.000143704 -2.36571e-05 -0.000193818 -4.34607e-05 0.000230529 0.0001423 -0.000237697 -0.00026842 0.00019742 0.000408986 -9.32264e-05 -0.000541667 -8.56506e-05 0.000635146 0.000339424 -0.000651794 -0.000653162 0.000552734 0.000993533 -0.000305133 -0.00130802 -0.000108987 0.00152764 0.000683646 -0.00157381 -0.00138119 0.00136932 0.00212784 -0.000852739 -0.00281433 -5.43598e-06 0.00330293 0.00118724 -0.00344149 -0.00261502 0.00308386 0.00414554 -0.00211493 -0.00557267 0.000477543 0.00664017 0.00180254 -0.00706464 -0.00459738 0.00656694 0.0076669 -0.00490895 -0.0106603 0.00193106 0.0131289 0.00241487 -0.0145476 -0.00804248 0.0143373 0.0147221 -0.0118736 -0.022089 0.00645106 0.0296694 0.00287172 -0.0369222 -0.0177763 0.0432915 0.0424836 -0.0482648 -0.0928087 0.0514286 0.313777 0.447486</coefficients></responseFIR><responseFIR publicID="ResponseFIR#20160224160026.622452.146" name="GFZ:IA1980:TRID_FIR_9"><gain>1</gain><decimationFactor>2</decimationFactor><delay>0</delay><correction>0</correction><numberOfCoefficients>48</numberOfCoefficients><symmetry>C</symmetry><coefficients>-4.624365e-06 -8.258298e-05 -0.0002260141 -0.0002539009 7.665667e-07 0.0003050186 0.0001712792 -0.0003494469 -0.0004491013 0.0002631577 0.0007897725 3.857301e-05 -0.001091783 -0.0005999956 0.001206435 0.001397154 -0.0009624677 -0.002313273 0.0002078273 0.003130074 0.001137016 -0.003543348 -0.003024242 0.003207636 0.005238007 -0.001803839 -0.007375909 -0.0008729728 0.00887091 0.004831847 -0.009042305 -0.009813905 0.007179136 0.015253 -0.002628732 -0.02026759 -0.005142914 0.02366362 0.01657857 -0.02387548 -0.03227953 0.01860678 0.05394208 -0.003140518 -0.08849621 -0.04014856 0.1847636 0.4066011</coefficients></responseFIR><network publicID="Network#20150806153749.459864.2" code="IA"><start>1980-01-01T00:00:00.0000Z</start><description>BMG-Net, Indonesia (IA-Net)</description><institutions>BMG</institutions><region>Indonesia</region><type>BB</type><netClass>p</netClass><archive>GFZ</archive><restricted>true</restricted><shared>false</shared><station publicID="Station#20150806153749.613117.139" code="KSI" archiveNetworkCode="IA"><start>2005-01-01T00:00:00.0000Z</start><description>Station Kepahiang, Indonesia</description><latitude>-3.6517</latitude><longitude>102.5929</longitude><elevation>539</elevation><place>Kepahiang</place><country>Indonesia</country><archive>GFZ</archive><restricted>true</restricted><shared>false</shared><sensorLocation publicID="SensorLocation#20150806153749.613147.140" code=""><start>2005-01-01T00:00:00.0000Z</start><end>2018-08-06T00:00:00.0000Z</end><latitude>-3.6517</latitude><longitude>102.5929</longitude><elevation>539</elevation><stream publicID="Stream/20191013080002.135256.4208" code="BHE" datalogger="Datalogger#20150806153749.485547.35" sensor="Sensor#20150806153749.484979.33"><start>2005-01-01T00:00:00.0000Z</start><end>2013-06-05T00:00:00.0000Z</end><dataloggerSerialNumber>xxxx</dataloggerSerialNumber><dataloggerChannel>2</dataloggerChannel><sensorSerialNumber>yyyy</sensorSerialNumber><sensorChannel>2</sensorChannel><sampleRateNumerator>20</sampleRateNumerator><sampleRateDenominator>1</sampleRateDenominator><depth>0</depth><azimuth>90</azimuth><dip>0</dip><gain>613747500</gain><gainFrequency>0.04</gainFrequency><gainUnit>M/S</gainUnit><format>Steim2</format><flags>GC</flags><restricted>true</restricted><shared>true</shared></stream><stream publicID="Stream/20191013080002.135274.4209" code="BHE" datalogger="Datalogger#20160224160026.621415.143" sensor="Sensor/20180920143723.56921.15"><start>2013-06-05T00:00:00.0000Z</start><end>2018-08-06T00:00:00.0000Z</end><dataloggerSerialNumber>xxxx</dataloggerSerialNumber><dataloggerChannel>2</dataloggerChannel><sensorSerialNumber>yyyy</sensorSerialNumber><sensorChannel>2</sensorChannel><sampleRateNumerator>25</sampleRateNumerator><sampleRateDenominator>1</sampleRateDenominator><depth>0</depth><azimuth>90</azimuth><dip>0</dip><gain>503735910.4</gain><gainFrequency>1</gainFrequency><gainUnit>M/S</gainUnit><format>Steim2</format><flags>GC</flags><restricted>true</restricted><shared>true</shared></stream><stream publicID="Stream/20191013080002.135286.4210" code="BHN" datalogger="Datalogger#20150806153749.485547.35" sensor="Sensor#20150806153749.484979.33"><start>2005-01-01T00:00:00.0000Z</start><end>2013-06-05T00:00:00.0000Z</end><dataloggerSerialNumber>xxxx</dataloggerSerialNumber><dataloggerChannel>1</dataloggerChannel><sensorSerialNumber>yyyy</sensorSerialNumber><sensorChannel>1</sensorChannel><sampleRateNumerator>20</sampleRateNumerator><sampleRateDenominator>1</sampleRateDenominator><depth>0</depth><azimuth>0</azimuth><dip>0</dip><gain>613747500</gain><gainFrequency>0.04</gainFrequency><gainUnit>M/S</gainUnit><format>Steim2</format><flags>GC</flags><restricted>true</restricted><shared>true</shared></stream><stream publicID="Stream/20191013080002.135297.4211" code="BHN" datalogger="Datalogger#20160224160026.621415.143" sensor="Sensor/20180920143723.56921.15"><start>2013-06-05T00:00:00.0000Z</start><end>2018-08-06T00:00:00.0000Z</end><dataloggerSerialNumber>xxxx</dataloggerSerialNumber><dataloggerChannel>1</dataloggerChannel><sensorSerialNumber>yyyy</sensorSerialNumber><sensorChannel>1</sensorChannel><sampleRateNumerator>25</sampleRateNumerator><sampleRateDenominator>1</sampleRateDenominator><depth>0</depth><azimuth>0</azimuth><dip>0</dip><gain>503735910.4</gain><gainFrequency>1</gainFrequency><gainUnit>M/S</gainUnit><format>Steim2</format><flags>GC</flags><restricted>true</restricted><shared>true</shared></stream><stream publicID="Stream/20191013080002.135307.4212" code="BHZ" datalogger="Datalogger#20150806153749.485547.35" sensor="Sensor#20150806153749.484979.33"><start>2005-01-01T00:00:00.0000Z</start><end>2013-06-05T00:00:00.0000Z</end><dataloggerSerialNumber>xxxx</dataloggerSerialNumber><dataloggerChannel>0</dataloggerChannel><sensorSerialNumber>yyyy</sensorSerialNumber><sensorChannel>0</sensorChannel><sampleRateNumerator>20</sampleRateNumerator><sampleRateDenominator>1</sampleRateDenominator><depth>0</depth><azimuth>0</azimuth><dip>-90</dip><gain>613747500</gain><gainFrequency>0.04</gainFrequency><gainUnit>M/S</gainUnit><format>Steim2</format><flags>GC</flags><restricted>true</restricted><shared>true</shared></stream><stream publicID="Stream/20191013080002.135318.4213" code="BHZ" datalogger="Datalogger#20160224160026.621415.143" sensor="Sensor/20180920143723.56921.15"><start>2013-06-05T00:00:00.0000Z</start><end>2018-08-06T00:00:00.0000Z</end><dataloggerSerialNumber>xxxx</dataloggerSerialNumber><dataloggerChannel>0</dataloggerChannel><sensorSerialNumber>yyyy</sensorSerialNumber><sensorChannel>0</sensorChannel><sampleRateNumerator>25</sampleRateNumerator><sampleRateDenominator>1</sampleRateDenominator><depth>0</depth><azimuth>0</azimuth><dip>-90</dip><gain>503735910.4</gain><gainFrequency>1</gainFrequency><gainUnit>M/S</gainUnit><format>Steim2</format><flags>GC</flags><restricted>true</restricted><shared>true</shared></stream><stream publicID="Stream/20191013080002.13533.4214" code="HHE" datalogger="Datalogger#20150806153749.485547.35" sensor="Sensor#20150806153749.484979.33"><start>2005-01-01T00:00:00.0000Z</start><end>2013-06-05T00:00:00.0000Z</end><dataloggerSerialNumber>xxxx</dataloggerSerialNumber><dataloggerChannel>2</dataloggerChannel><sensorSerialNumber>yyyy</sensorSerialNumber><sensorChannel>2</sensorChannel><sampleRateNumerator>100</sampleRateNumerator><sampleRateDenominator>1</sampleRateDenominator><depth>0</depth><azimuth>90</azimuth><dip>0</dip><gain>613747500</gain><gainFrequency>0.04</gainFrequency><gainUnit>M/S</gainUnit><format>Steim2</format><flags>GC</flags><restricted>true</restricted><shared>true</shared></stream><stream publicID="Stream/20191013080002.13534.4215" code="HHN" datalogger="Datalogger#20150806153749.485547.35" sensor="Sensor#20150806153749.484979.33"><start>2005-01-01T00:00:00.0000Z</start><end>2013-06-05T00:00:00.0000Z</end><dataloggerSerialNumber>xxxx</dataloggerSerialNumber><dataloggerChannel>1</dataloggerChannel><sensorSerialNumber>yyyy</sensorSerialNumber><sensorChannel>1</sensorChannel><sampleRateNumerator>100</sampleRateNumerator><sampleRateDenominator>1</sampleRateDenominator><depth>0</depth><azimuth>0</azimuth><dip>0</dip><gain>613747500</gain><gainFrequency>0.04</gainFrequency><gainUnit>M/S</gainUnit><format>Steim2</format><flags>GC</flags><restricted>true</restricted><shared>true</shared></stream><stream publicID="Stream/20191013080002.13535.4216" code="HHZ" datalogger="Datalogger#20150806153749.485547.35" sensor="Sensor#20150806153749.484979.33"><start>2005-01-01T00:00:00.0000Z</start><end>2013-06-05T00:00:00.0000Z</end><dataloggerSerialNumber>xxxx</dataloggerSerialNumber><dataloggerChannel>0</dataloggerChannel><sensorSerialNumber>yyyy</sensorSerialNumber><sensorChannel>0</sensorChannel><sampleRateNumerator>100</sampleRateNumerator><sampleRateDenominator>1</sampleRateDenominator><depth>0</depth><azimuth>0</azimuth><dip>-90</dip><gain>613747500</gain><gainFrequency>0.04</gainFrequency><gainUnit>M/S</gainUnit><format>Steim2</format><flags>GC</flags><restricted>true</restricted><shared>true</shared></stream><stream publicID="Stream/20191013080002.135361.4217" code="SHE" datalogger="Datalogger#20160224160026.621415.143" sensor="Sensor/20180920143723.56921.15"><start>2013-06-05T00:00:00.0000Z</start><end>2018-08-06T00:00:00.0000Z</end><dataloggerSerialNumber>xxxx</dataloggerSerialNumber><dataloggerChannel>2</dataloggerChannel><sensorSerialNumber>yyyy</sensorSerialNumber><sensorChannel>2</sensorChannel><sampleRateNumerator>50</sampleRateNumerator><sampleRateDenominator>1</sampleRateDenominator><depth>0</depth><azimuth>90</azimuth><dip>0</dip><gain>503735910.4</gain><gainFrequency>1</gainFrequency><gainUnit>M/S</gainUnit><format>Steim2</format><flags>GC</flags><restricted>true</restricted><shared>true</shared></stream><stream publicID="Stream/20191013080002.135371.4218" code="SHZ" datalogger="Datalogger#20160224160026.621415.143" sensor="Sensor/20180920143723.56921.15"><start>2013-06-05T00:00:00.0000Z</start><end>2018-08-06T00:00:00.0000Z</end><dataloggerSerialNumber>xxxx</dataloggerSerialNumber><dataloggerChannel>0</dataloggerChannel><sensorSerialNumber>yyyy</sensorSerialNumber><sensorChannel>0</sensorChannel><sampleRateNumerator>50</sampleRateNumerator><sampleRateDenominator>1</sampleRateDenominator><depth>0</depth><azimuth>0</azimuth><dip>-90</dip><gain>503735910.4</gain><gainFrequency>1</gainFrequency><gainUnit>M/S</gainUnit><format>Steim2</format><flags>GC</flags><restricted>true</restricted><shared>true</shared></stream><stream publicID="Stream/20191013080002.135381.4219" code="SHN" datalogger="Datalogger#20160224160026.621415.143" sensor="Sensor/20180920143723.56921.15"><start>2013-06-05T00:00:00.0000Z</start><end>2018-08-06T00:00:00.0000Z</end><dataloggerSerialNumber>xxxx</dataloggerSerialNumber><dataloggerChannel>1</dataloggerChannel><sensorSerialNumber>yyyy</sensorSerialNumber><sensorChannel>1</sensorChannel><sampleRateNumerator>50</sampleRateNumerator><sampleRateDenominator>1</sampleRateDenominator><depth>0</depth><azimuth>0</azimuth><dip>0</dip><gain>503735910.4</gain><gainFrequency>1</gainFrequency><gainUnit>M/S</gainUnit><format>Steim2</format><flags>GC</flags><restricted>true</restricted><shared>true</shared></stream></sensorLocation><sensorLocation publicID="SensorLocation/20180920143723.577356.76" code="00"><start>2018-08-06T00:00:00.0000Z</start><latitude>-3.6517</latitude><longitude>102.5929</longitude><elevation>539</elevation><stream publicID="Stream/20191013080002.135396.4221" code="HHZ" datalogger="Datalogger/20180920143723.57318.37" sensor="NRL/Nanometrics/Trillium120PH_g3.120.1202"><start>2018-08-06T00:00:00.0000Z</start><dataloggerSerialNumber>xxxx</dataloggerSerialNumber><dataloggerChannel>0</dataloggerChannel><sensorSerialNumber>yyyy</sensorSerialNumber><sensorChannel>0</sensorChannel><sampleRateNumerator>100</sampleRateNumerator><sampleRateDenominator>1</sampleRateDenominator><depth>0</depth><azimuth>0</azimuth><dip>-90</dip><gain>504365056</gain><gainFrequency>1</gainFrequency><gainUnit>M/S</gainUnit><format>Steim2</format><flags>GC</flags><restricted>true</restricted><shared>true</shared></stream><stream publicID="Stream/20191013080002.135407.4222" code="HHN" datalogger="Datalogger/20180920143723.57318.37" sensor="NRL/Nanometrics/Trillium120PH_g3.120.1202"><start>2018-08-06T00:00:00.0000Z</start><dataloggerSerialNumber>xxxx</dataloggerSerialNumber><dataloggerChannel>1</dataloggerChannel><sensorSerialNumber>yyyy</sensorSerialNumber><sensorChannel>1</sensorChannel><sampleRateNumerator>100</sampleRateNumerator><sampleRateDenominator>1</sampleRateDenominator><depth>0</depth><azimuth>0</azimuth><dip>0</dip><gain>504365056</gain><gainFrequency>1</gainFrequency><gainUnit>M/S</gainUnit><format>Steim2</format><flags>GC</flags><restricted>true</restricted><shared>true</shared></stream><stream publicID="Stream/20191013080002.135417.4223" code="HHE" datalogger="Datalogger/20180920143723.57318.37" sensor="NRL/Nanometrics/Trillium120PH_g3.120.1202"><start>2018-08-06T00:00:00.0000Z</start><dataloggerSerialNumber>xxxx</dataloggerSerialNumber><dataloggerChannel>2</dataloggerChannel><sensorSerialNumber>yyyy</sensorSerialNumber><sensorChannel>2</sensorChannel><sampleRateNumerator>100</sampleRateNumerator><sampleRateDenominator>1</sampleRateDenominator><depth>0</depth><azimuth>90</azimuth><dip>0</dip><gain>504365056</gain><gainFrequency>1</gainFrequency><gainUnit>M/S</gainUnit><format>Steim2</format><flags>GC</flags><restricted>true</restricted><shared>true</shared></stream><stream publicID="Stream#20190227032034.420517.33972" code="HNZ" datalogger="Datalogger/20181102134034.587542.43" sensor="Sensor/20181102134034.587314.41"><start>2018-08-06T00:00:00.0000Z</start><sampleRateNumerator>100</sampleRateNumerator><sampleRateDenominator>1</sampleRateDenominator><depth>0</depth><azimuth>0</azimuth><dip>-90</dip><gain>279620.2663</gain><gainFrequency>1</gainFrequency><gainUnit>M/S**2</gainUnit><format>Steim2</format><flags>GC</flags><restricted>true</restricted><shared>true</shared></stream><stream publicID="Stream#20190227032034.431294.16439" code="HNN" datalogger="Datalogger/20181102134034.587542.43" sensor="Sensor/20181102134034.587314.41"><start>2018-08-06T00:00:00.0000Z</start><sampleRateNumerator>100</sampleRateNumerator><sampleRateDenominator>1</sampleRateDenominator><depth>0</depth><azimuth>0</azimuth><dip>0</dip><gain>279620.2663</gain><gainFrequency>1</gainFrequency><gainUnit>M/S**2</gainUnit><format>Steim2</format><flags>GC</flags><restricted>true</restricted><shared>true</shared></stream><stream publicID="Stream#20190227032034.420886.15950" code="HNE" datalogger="Datalogger/20181102134034.587542.43" sensor="Sensor/20181102134034.587314.41"><start>2018-08-06T00:00:00.0000Z</start><sampleRateNumerator>100</sampleRateNumerator><sampleRateDenominator>1</sampleRateDenominator><depth>0</depth><azimuth>90</azimuth><dip>0</dip><gain>279620.2663</gain><gainFrequency>1</gainFrequency><gainUnit>M/S**2</gainUnit><format>Steim2</format><flags>GC</flags><restricted>true</restricted><shared>true</shared></stream></sensorLocation><sensorLocation publicID="SensorLocation/20180920143723.577719.80" code="01"><start>2018-08-06T00:00:00.0000Z</start><latitude>-3.6517</latitude><longitude>102.5929</longitude><elevation>539</elevation><stream publicID="Stream/20191013080002.135431.4225" code="HHZ" datalogger="Datalogger/20180920143723.57318.37" sensor="Sensor/20180920143723.573746.42"><start>2018-08-06T00:00:00.0000Z</start><dataloggerSerialNumber>xxxx</dataloggerSerialNumber><dataloggerChannel>0</dataloggerChannel><sensorSerialNumber>yyyy</sensorSerialNumber><sensorChannel>0</sensorChannel><sampleRateNumerator>100</sampleRateNumerator><sampleRateDenominator>1</sampleRateDenominator><depth>0</depth><azimuth>0</azimuth><dip>-90</dip><gain>2516582.4</gain><gainFrequency>1</gainFrequency><gainUnit>M/S</gainUnit><format>Steim2</format><flags>GC</flags><restricted>true</restricted><shared>true</shared></stream><stream publicID="Stream/20191013080002.135442.4226" code="HHN" datalogger="Datalogger/20180920143723.57318.37" sensor="Sensor/20180920143723.573746.42"><start>2018-08-06T00:00:00.0000Z</start><dataloggerSerialNumber>xxxx</dataloggerSerialNumber><dataloggerChannel>1</dataloggerChannel><sensorSerialNumber>yyyy</sensorSerialNumber><sensorChannel>1</sensorChannel><sampleRateNumerator>100</sampleRateNumerator><sampleRateDenominator>1</sampleRateDenominator><depth>0</depth><azimuth>0</azimuth><dip>0</dip><gain>2516582.4</gain><gainFrequency>1</gainFrequency><gainUnit>M/S</gainUnit><format>Steim2</format><flags>GC</flags><restricted>true</restricted><shared>true</shared></stream><stream publicID="Stream/20191013080002.135451.4227" code="HHE" datalogger="Datalogger/20180920143723.57318.37" sensor="Sensor/20180920143723.573746.42"><start>2018-08-06T00:00:00.0000Z</start><dataloggerSerialNumber>xxxx</dataloggerSerialNumber><dataloggerChannel>2</dataloggerChannel><sensorSerialNumber>yyyy</sensorSerialNumber><sensorChannel>2</sensorChannel><sampleRateNumerator>100</sampleRateNumerator><sampleRateDenominator>1</sampleRateDenominator><depth>0</depth><azimuth>90</azimuth><dip>0</dip><gain>2516582.4</gain><gainFrequency>1</gainFrequency><gainUnit>M/S</gainUnit><format>Steim2</format><flags>GC</flags><restricted>true</restricted><shared>true</shared></stream></sensorLocation></station></network></Inventory></seiscomp>
