<?xml version="1.0" encoding="UTF-8"?>
<seiscomp xmlns="http://geofon.gfz-potsdam.de/ns/seiscomp3-schema/0.13" version="0.13"><Inventory><sensor publicID="NRL/Nanometrics/Trillium120PH_EG3_SG1203_LP120_STgroundVel" name="Nanometrics/Trillium120PH_EG3_SG1203_LP120_STgroundVel" response="NRL/Nanometrics/Trillium120PH_EG3_SG1203_LP120_STgroundVel/1"><model>Trillium120PH</model><manufacturer>Nanometrics</manufacturer><unit>m/s</unit></sensor><sensor publicID="NRL/Nanometrics/Titan_CG4g_FV20Vp_OWDifferential_HF430_SG0.510_STgroundAccel" name="Nanometrics/Titan_CG4g_FV20Vp_OWDifferential_HF430_SG0.510_STgroundAccel" response="NRL/Nanometrics/Titan_CG4g_FV20Vp_OWDifferential_HF430_SG0.510_STgroundAccel/1"><model>Titan</model><manufacturer>Nanometrics</manufacturer><unit>m/s</unit></sensor><datalogger publicID="NRL/Quanterra/Q8_PG1_HRbelowOrEqual200_FR50_LRbelow20" name="Quanterra/Q8_PG1_HRbelowOrEqual200_FR50_LRbelow20"><digitizerModel>Q8</digitizerModel><digitizerManufacturer>Quanterra</digitizerManufacturer><recorderModel>Q8</recorderModel><recorderManufacturer>Quanterra</recorderManufacturer><gain>419430</gain><decimation sampleRateNumerator="50" sampleRateDenominator="1"><digitalFilterChain>NRL/Quanterra/Q8_PG1_HRbelowOrEqual200_FR50_LRbelow20/3</digitalFilterChain></decimation></datalogger><datalogger publicID="NRL/Quanterra/Q8_PG1_HRbelowOrEqual200_FR100_LRbelow20" name="Quanterra/Q8_PG1_HRbelowOrEqual200_FR100_LRbelow20"><digitizerModel>Q8</digitizerModel><digitizerManufacturer>Quanterra</digitizerManufacturer><recorderModel>Q8</recorderModel><recorderManufacturer>Quanterra</recorderManufacturer><gain>419430</gain><decimation sampleRateNumerator="100" sampleRateDenominator="1"><digitalFilterChain>NRL/Quanterra/Q8_PG1_HRbelowOrEqual200_FR100_LRbelow20/3</digitalFilterChain></decimation></datalogger><responsePAZ publicID="NRL/Nanometrics/Trillium120PH_EG3_SG1203_LP120_STgroundVel/1" name="NRL/Nanometrics/Trillium120PH_EG3_SG1203_LP120_STgroundVel/1"><type>A</type><gain>1202.5</gain><gainFrequency>1</gainFrequency><normalizationFactor>8.31871e+17</normalizationFactor><normalizationFrequency>1</normalizationFrequency><numberOfZeros>6</numberOfZeros><numberOfPoles>11</numberOfPoles><zeros>(0,0) (0,0) (-31.63,0) (-160,0) (-350,0) (-3177,0)</zeros><poles>(-0.036614,-0.037059) (-0.036614,0.037059) (-32.55,0) (-142,0) (-364,-404) (-364,404) (-1260,0) (-4900,-5200) (-4900,5200) (-7100,-1700) (-7100,1700)</poles></responsePAZ><responsePAZ publicID="NRL/Nanometrics/Titan_CG4g_FV20Vp_OWDifferential_HF430_SG0.510_STgroundAccel/1" name="NRL/Nanometrics/Titan_CG4g_FV20Vp_OWDifferential_HF430_SG0.510_STgroundAccel/1"><type>A</type><gain>0.51</gain><gainFrequency>1</gainFrequency><normalizationFactor>1.00772e+18</normalizationFactor><normalizationFrequency>1</normalizationFrequency><numberOfZeros>1</numberOfZeros><numberOfPoles>6</numberOfPoles><zeros>(-515,0)</zeros><poles>(-977,-328) (-977,328) (-1486,-2512) (-1486,2512) (-5736,-4946) (-5736,4946)</poles></responsePAZ><responseFIR publicID="NRL/Quanterra/Q8_PG1_HRbelowOrEqual200_FR50_LRbelow20/3" name="NRL/Quanterra/Q8_PG1_HRbelowOrEqual200_FR50_LRbelow20/3"><gain>1</gain><gainFrequency>0</gainFrequency><decimationFactor>1</decimationFactor><delay>5.023</delay><correction>5.023</correction><numberOfCoefficients>88</numberOfCoefficients><symmetry>A</symmetry><coefficients>1.1988e-15 4.30325e-07 0.000249817 0.0112566 0.122978 0.466103 0.591928 -0.0658275 -0.29916 0.248885 -0.0409535 -0.123428 0.179273 -0.144022 0.0639204 0.0175718 -0.0756814 0.0973982 -0.0886751 0.0599281 -0.0231936 -0.0106199 0.0342216 -0.0447455 0.0431859 -0.0330711 0.0189223 -0.00494381 -0.00616328 0.0119257 -0.0145364 0.0129281 -0.00916669 0.005067 -0.00167963 -0.000591478 0.00176758 -0.00209267 0.00187984 -0.00141318 0.000903984 -0.000472821 0.000170228 4.89742e-06 -8.11773e-05 9.48512e-05 -7.76423e-05 5.15469e-05 -2.853e-05 1.28741e-05 -4.29536e-06 6.69091e-07 3.53411e-07 -2.13193e-07 2.89019e-07 -2.69241e-07 1.73366e-08 5.62861e-08 2.45667e-08 2.43914e-08 -3.8461e-08 -8.79489e-09 -4.54073e-09 7.95165e-09 4.24843e-09 1.53027e-10 -8.82852e-10 -6.73876e-10 -6.10733e-11 5.41808e-11 5.50384e-11 7.64338e-13 -4.96502e-12 -2.45234e-13 -1.77969e-13 3.28646e-13 -1.61752e-13 5.3885e-14 -5.1097e-15 -8.98103e-15 5.8617e-15 -9.37024e-16 -4.32422e-16 1.64888e-16 8.94396e-17 3.5109e-17 8.65956e-17 -1.03198e-17</coefficients></responseFIR><responseFIR publicID="NRL/Quanterra/Q8_PG1_HRbelowOrEqual200_FR100_LRbelow20/3" name="NRL/Quanterra/Q8_PG1_HRbelowOrEqual200_FR100_LRbelow20/3"><gain>1</gain><gainFrequency>0</gainFrequency><decimationFactor>1</decimationFactor><delay>5.023</delay><correction>5.023</correction><numberOfCoefficients>78</numberOfCoefficients><symmetry>A</symmetry><coefficients>1.34933e-12 2.05783e-06 0.000464541 0.0140599 0.127748 0.450333 0.581154 -0.0169972 -0.325992 0.205517 0.0412306 -0.183491 0.179357 -0.0860063 -0.0224482 0.0956326 -0.115944 0.0913013 -0.0422813 -0.00847285 0.0450641 -0.0602208 0.0550458 -0.0364575 0.012995 0.00710116 -0.0204165 0.023444 -0.0209141 0.0138261 -0.00521227 -0.00136666 0.0048536 -0.0056717 0.00479755 -0.00320782 0.00161688 -0.00041203 -0.000296231 0.00057475 -0.000568558 0.00042492 -0.000253703 0.000115671 -2.9928e-05 -9.66667e-06 1.96829e-05 -1.56207e-05 8.74182e-06 -3.25288e-06 6.42249e-07 -8.12303e-08 3.79439e-08 -1.76232e-08 2.07004e-10 -1.53769e-08 3.38262e-08 -1.19659e-08 -2.44785e-09 -7.61406e-09 9.80145e-10 4.09634e-09 2.15112e-09 9.48532e-11 -1.10983e-09 -7.94109e-10 -1.5125e-10 1.40016e-10 1.43918e-10 5.56955e-11 2.79174e-12 -9.78788e-12 -5.61427e-12 -1.29725e-12 -4.79577e-14 7.58263e-14 4.84007e-16 2.53218e-16</coefficients></responseFIR><network publicID="Network#20150806153749.459864.2" code="IA"><start>1980-01-01T00:00:00.0000Z</start><description>BMG-Net, Indonesia (IA-Net)</description><institutions>BMG</institutions><region>Indonesia</region><type>BB</type><netClass>p</netClass><archive>GFZ</archive><restricted>true</restricted><shared>false</shared><station publicID="Station#20230612070042.905906.30388" code="MAKBI"><start>2022-09-22T07:45:29.525Z</start><description>Manggis, Karangasem, Bali</description><latitude>-8.487</latitude><longitude>115.505</longitude><elevation>86</elevation><place>Karangasem</place><country>Indonesia</country><restricted>true</restricted><shared>false</shared><sensorLocation publicID="SensorLocation#20230612070043.192156.54204" code=""><start>2022-09-22T07:45:29.525Z</start><latitude>-8.487</latitude><longitude>115.505</longitude><elevation>86</elevation><stream publicID="Stream#20230612070043.202081.35004" code="SHZ" datalogger="NRL/Quanterra/Q8_PG1_HRbelowOrEqual200_FR50_LRbelow20" sensor="NRL/Nanometrics/Trillium120PH_EG3_SG1203_LP120_STgroundVel"><start>2022-09-22T07:45:29.525Z</start><dataloggerSerialNumber>xxxx</dataloggerSerialNumber><dataloggerChannel>0</dataloggerChannel><sensorSerialNumber>yyyy</sensorSerialNumber><sensorChannel>0</sensorChannel><sampleRateNumerator>50</sampleRateNumerator><sampleRateDenominator>1</sampleRateDenominator><depth>0</depth><azimuth>0</azimuth><dip>-90</dip><gain>504364575</gain><gainFrequency>1</gainFrequency><gainUnit>m/s</gainUnit><restricted>true</restricted><shared>true</shared></stream><stream publicID="Stream#20230612070043.202096.27726" code="SHN" datalogger="NRL/Quanterra/Q8_PG1_HRbelowOrEqual200_FR50_LRbelow20" sensor="NRL/Nanometrics/Trillium120PH_EG3_SG1203_LP120_STgroundVel"><start>2022-09-22T07:45:29.525Z</start><dataloggerSerialNumber>xxxx</dataloggerSerialNumber><dataloggerChannel>1</dataloggerChannel><sensorSerialNumber>yyyy</sensorSerialNumber><sensorChannel>1</sensorChannel><sampleRateNumerator>50</sampleRateNumerator><sampleRateDenominator>1</sampleRateDenominator><depth>0</depth><azimuth>0</azimuth><dip>0</dip><gain>504364575</gain><gainFrequency>1</gainFrequency><gainUnit>m/s</gainUnit><restricted>true</restricted><shared>true</shared></stream><stream publicID="Stream#20230612070043.202104.27338" code="SHE" datalogger="NRL/Quanterra/Q8_PG1_HRbelowOrEqual200_FR50_LRbelow20" sensor="NRL/Nanometrics/Trillium120PH_EG3_SG1203_LP120_STgroundVel"><start>2022-09-22T07:45:29.525Z</start><dataloggerSerialNumber>xxxx</dataloggerSerialNumber><dataloggerChannel>2</dataloggerChannel><sensorSerialNumber>yyyy</sensorSerialNumber><sensorChannel>2</sensorChannel><sampleRateNumerator>50</sampleRateNumerator><sampleRateDenominator>1</sampleRateDenominator><depth>0</depth><azimuth>90</azimuth><dip>0</dip><gain>504364575</gain><gainFrequency>1</gainFrequency><gainUnit>m/s</gainUnit><restricted>true</restricted><shared>true</shared></stream><stream publicID="Stream#20230612070043.202112.45183" code="HNE" datalogger="NRL/Quanterra/Q8_PG1_HRbelowOrEqual200_FR100_LRbelow20" sensor="NRL/Nanometrics/Titan_CG4g_FV20Vp_OWDifferential_HF430_SG0.510_STgroundAccel"><start>2022-09-22T07:45:29.525Z</start><dataloggerSerialNumber>xxxx</dataloggerSerialNumber><dataloggerChannel>2</dataloggerChannel><sensorSerialNumber>yyyy</sensorSerialNumber><sensorChannel>2</sensorChannel><sampleRateNumerator>100</sampleRateNumerator><sampleRateDenominator>1</sampleRateDenominator><depth>0</depth><azimuth>90</azimuth><dip>0</dip><gain>213909.3</gain><gainFrequency>1</gainFrequency><gainUnit>m/s</gainUnit><restricted>true</restricted><shared>true</shared></stream><stream publicID="Stream#20230612070043.202119.13984" code="HNN" datalogger="NRL/Quanterra/Q8_PG1_HRbelowOrEqual200_FR100_LRbelow20" sensor="NRL/Nanometrics/Titan_CG4g_FV20Vp_OWDifferential_HF430_SG0.510_STgroundAccel"><start>2022-09-22T07:45:29.525Z</start><dataloggerSerialNumber>xxxx</dataloggerSerialNumber><dataloggerChannel>1</dataloggerChannel><sensorSerialNumber>yyyy</sensorSerialNumber><sensorChannel>1</sensorChannel><sampleRateNumerator>100</sampleRateNumerator><sampleRateDenominator>1</sampleRateDenominator><depth>0</depth><azimuth>0</azimuth><dip>0</dip><gain>213909.3</gain><gainFrequency>1</gainFrequency><gainUnit>m/s</gainUnit><restricted>true</restricted><shared>true</shared></stream><stream publicID="Stream#20230612070043.202126.16554" code="HNZ" datalogger="NRL/Quanterra/Q8_PG1_HRbelowOrEqual200_FR100_LRbelow20" sensor="NRL/Nanometrics/Titan_CG4g_FV20Vp_OWDifferential_HF430_SG0.510_STgroundAccel"><start>2022-09-22T07:45:29.525Z</start><dataloggerSerialNumber>xxxx</dataloggerSerialNumber><dataloggerChannel>0</dataloggerChannel><sensorSerialNumber>yyyy</sensorSerialNumber><sensorChannel>0</sensorChannel><sampleRateNumerator>100</sampleRateNumerator><sampleRateDenominator>1</sampleRateDenominator><depth>0</depth><azimuth>0</azimuth><dip>-90</dip><gain>213909.3</gain><gainFrequency>1</gainFrequency><gainUnit>m/s</gainUnit><restricted>true</restricted><shared>true</shared></stream></sensorLocation></station></network></Inventory></seiscomp>
