<?xml version="1.0" encoding="UTF-8"?><seiscomp xmlns="http://geofon.gfz-potsdam.de/ns/seiscomp3-schema/0.7" version="0.7"><Inventory><network publicID="Network/MY" code="MY"><start>1980-01-01T00:00:00.0000Z</start><description>Malaysian National Seismic Network</description><type>BB</type><netClass>p</netClass><archive>BMG</archive><restricted>false</restricted><shared>true</shared><station publicID="Station/MY/IPM/2006-03-24T00:00:00.0000Z" code="IPM"><start>2006-03-24T00:00:00.0000Z</start><description>Ipoh</description><latitude>4.4795</latitude><longitude>101.0255</longitude><elevation>247</elevation><archive>BMG</archive><restricted>false</restricted><shared>true</shared><sensorLocation publicID="SensorLocation#20110617025233.793048.3207" code=""><start>2006-03-24T00:00:00.0000Z</start><latitude>4.4795</latitude><longitude>101.0255</longitude><elevation>247</elevation><stream code="BHE" datalogger="MY.IPM.2003.305" sensor="MY.IPM.2003.305.H"><start>2006-03-24T00:00:00.0000Z</start><dataloggerSerialNumber>xxxx</dataloggerSerialNumber><dataloggerChannel>2</dataloggerChannel><sensorSerialNumber>yyyy</sensorSerialNumber><sensorChannel>2</sensorChannel><sampleRateNumerator>20</sampleRateNumerator><sampleRateDenominator>1</sampleRateDenominator><depth>0</depth><azimuth>90</azimuth><dip>0</dip><gain>626646000</gain><gainFrequency>0.02</gainFrequency><gainUnit>M/S</gainUnit><format>Steim2</format><flags>GC</flags><restricted>false</restricted><shared>true</shared></stream><stream code="BHN" datalogger="MY.IPM.2003.305" sensor="MY.IPM.2003.305.H"><start>2006-03-24T00:00:00.0000Z</start><dataloggerSerialNumber>xxxx</dataloggerSerialNumber><dataloggerChannel>1</dataloggerChannel><sensorSerialNumber>yyyy</sensorSerialNumber><sensorChannel>1</sensorChannel><sampleRateNumerator>20</sampleRateNumerator><sampleRateDenominator>1</sampleRateDenominator><depth>0</depth><azimuth>0</azimuth><dip>0</dip><gain>626646000</gain><gainFrequency>0.02</gainFrequency><gainUnit>M/S</gainUnit><format>Steim2</format><flags>GC</flags><restricted>false</restricted><shared>true</shared></stream><stream code="BHZ" datalogger="MY.IPM.2003.305" sensor="MY.IPM.2003.305.H"><start>2006-03-24T00:00:00.0000Z</start><dataloggerSerialNumber>xxxx</dataloggerSerialNumber><dataloggerChannel>0</dataloggerChannel><sensorSerialNumber>yyyy</sensorSerialNumber><sensorChannel>0</sensorChannel><sampleRateNumerator>20</sampleRateNumerator><sampleRateDenominator>1</sampleRateDenominator><depth>0</depth><azimuth>0</azimuth><dip>-90</dip><gain>626646000</gain><gainFrequency>0.02</gainFrequency><gainUnit>M/S</gainUnit><format>Steim2</format><flags>GC</flags><restricted>false</restricted><shared>true</shared></stream><stream code="HHE" datalogger="MY.IPM.2003.305" sensor="MY.IPM.2003.305.H"><start>2006-03-24T00:00:00.0000Z</start><dataloggerSerialNumber>xxxx</dataloggerSerialNumber><dataloggerChannel>2</dataloggerChannel><sensorSerialNumber>yyyy</sensorSerialNumber><sensorChannel>2</sensorChannel><sampleRateNumerator>100</sampleRateNumerator><sampleRateDenominator>1</sampleRateDenominator><depth>0</depth><azimuth>90</azimuth><dip>0</dip><gain>624217000</gain><gainFrequency>0.02</gainFrequency><gainUnit>M/S</gainUnit><format>Steim2</format><flags>GC</flags><restricted>false</restricted><shared>true</shared></stream><stream code="HHN" datalogger="MY.IPM.2003.305" sensor="MY.IPM.2003.305.H"><start>2006-03-24T00:00:00.0000Z</start><dataloggerSerialNumber>xxxx</dataloggerSerialNumber><dataloggerChannel>1</dataloggerChannel><sensorSerialNumber>yyyy</sensorSerialNumber><sensorChannel>1</sensorChannel><sampleRateNumerator>100</sampleRateNumerator><sampleRateDenominator>1</sampleRateDenominator><depth>0</depth><azimuth>0</azimuth><dip>0</dip><gain>624217000</gain><gainFrequency>0.02</gainFrequency><gainUnit>M/S</gainUnit><format>Steim2</format><flags>GC</flags><restricted>false</restricted><shared>true</shared></stream><stream code="HHZ" datalogger="MY.IPM.2003.305" sensor="MY.IPM.2003.305.H"><start>2006-03-24T00:00:00.0000Z</start><dataloggerSerialNumber>xxxx</dataloggerSerialNumber><dataloggerChannel>0</dataloggerChannel><sensorSerialNumber>yyyy</sensorSerialNumber><sensorChannel>0</sensorChannel><sampleRateNumerator>100</sampleRateNumerator><sampleRateDenominator>1</sampleRateDenominator><depth>0</depth><azimuth>0</azimuth><dip>-90</dip><gain>624217000</gain><gainFrequency>0.02</gainFrequency><gainUnit>M/S</gainUnit><format>Steim2</format><flags>GC</flags><restricted>false</restricted><shared>true</shared></stream><stream code="HNE" datalogger="MY.IPM.2003.305" sensor="MY.IPM.2003.305.N"><start>2006-03-24T00:00:00.0000Z</start><dataloggerSerialNumber>xxxx</dataloggerSerialNumber><dataloggerChannel>2</dataloggerChannel><sensorSerialNumber>yyyy</sensorSerialNumber><sensorChannel>2</sensorChannel><sampleRateNumerator>100</sampleRateNumerator><sampleRateDenominator>1</sampleRateDenominator><depth>0</depth><azimuth>90</azimuth><dip>0</dip><gain>427573</gain><gainFrequency>1</gainFrequency><gainUnit>M/S**2</gainUnit><format>Steim2</format><flags>GC</flags><restricted>false</restricted><shared>true</shared></stream><stream code="HNN" datalogger="MY.IPM.2003.305" sensor="MY.IPM.2003.305.N"><start>2006-03-24T00:00:00.0000Z</start><dataloggerSerialNumber>xxxx</dataloggerSerialNumber><dataloggerChannel>1</dataloggerChannel><sensorSerialNumber>yyyy</sensorSerialNumber><sensorChannel>1</sensorChannel><sampleRateNumerator>100</sampleRateNumerator><sampleRateDenominator>1</sampleRateDenominator><depth>0</depth><azimuth>0</azimuth><dip>0</dip><gain>427573</gain><gainFrequency>1</gainFrequency><gainUnit>M/S**2</gainUnit><format>Steim2</format><flags>GC</flags><restricted>false</restricted><shared>true</shared></stream><stream code="HNZ" datalogger="MY.IPM.2003.305" sensor="MY.IPM.2003.305.N"><start>2006-03-24T00:00:00.0000Z</start><dataloggerSerialNumber>xxxx</dataloggerSerialNumber><dataloggerChannel>0</dataloggerChannel><sensorSerialNumber>yyyy</sensorSerialNumber><sensorChannel>0</sensorChannel><sampleRateNumerator>100</sampleRateNumerator><sampleRateDenominator>1</sampleRateDenominator><depth>0</depth><azimuth>0</azimuth><dip>-90</dip><gain>427573</gain><gainFrequency>1</gainFrequency><gainUnit>M/S**2</gainUnit><format>Steim2</format><flags>GC</flags><restricted>false</restricted><shared>true</shared></stream><stream code="LHE" datalogger="MY.IPM.2003.305" sensor="MY.IPM.2003.305.H"><start>2006-03-24T00:00:00.0000Z</start><dataloggerSerialNumber>xxxx</dataloggerSerialNumber><dataloggerChannel>2</dataloggerChannel><sensorSerialNumber>yyyy</sensorSerialNumber><sensorChannel>2</sensorChannel><sampleRateNumerator>1</sampleRateNumerator><sampleRateDenominator>1</sampleRateDenominator><depth>0</depth><azimuth>90</azimuth><dip>0</dip><gain>629255000</gain><gainFrequency>0.02</gainFrequency><gainUnit>M/S</gainUnit><format>Steim2</format><flags>GC</flags><restricted>false</restricted><shared>true</shared></stream><stream code="LHN" datalogger="MY.IPM.2003.305" sensor="MY.IPM.2003.305.H"><start>2006-03-24T00:00:00.0000Z</start><dataloggerSerialNumber>xxxx</dataloggerSerialNumber><dataloggerChannel>1</dataloggerChannel><sensorSerialNumber>yyyy</sensorSerialNumber><sensorChannel>1</sensorChannel><sampleRateNumerator>1</sampleRateNumerator><sampleRateDenominator>1</sampleRateDenominator><depth>0</depth><azimuth>0</azimuth><dip>0</dip><gain>629255000</gain><gainFrequency>0.02</gainFrequency><gainUnit>M/S</gainUnit><format>Steim2</format><flags>GC</flags><restricted>false</restricted><shared>true</shared></stream><stream code="LHZ" datalogger="MY.IPM.2003.305" sensor="MY.IPM.2003.305.H"><start>2006-03-24T00:00:00.0000Z</start><dataloggerSerialNumber>xxxx</dataloggerSerialNumber><dataloggerChannel>0</dataloggerChannel><sensorSerialNumber>yyyy</sensorSerialNumber><sensorChannel>0</sensorChannel><sampleRateNumerator>1</sampleRateNumerator><sampleRateDenominator>1</sampleRateDenominator><depth>0</depth><azimuth>0</azimuth><dip>-90</dip><gain>629255000</gain><gainFrequency>0.02</gainFrequency><gainUnit>M/S</gainUnit><format>Steim2</format><flags>GC</flags><restricted>false</restricted><shared>true</shared></stream></sensorLocation></station><station publicID="Station/MY/KKM/2006-03-24T00:00:00.0000Z" code="KKM"><start>2006-03-24T00:00:00.0000Z</start><description>Kota Kinabalu</description><latitude>6.0443</latitude><longitude>116.2147</longitude><elevation>830</elevation><archive>BMG</archive><restricted>false</restricted><shared>true</shared><sensorLocation publicID="SensorLocation#20110617025230.341408.2695" code=""><start>2006-03-24T00:00:00.0000Z</start><latitude>6.0443</latitude><longitude>116.2147</longitude><elevation>830</elevation><stream code="BHE" datalogger="MY.KKM.2003.305" sensor="MY.KKM.2003.305.H"><start>2006-03-24T00:00:00.0000Z</start><dataloggerSerialNumber>xxxx</dataloggerSerialNumber><dataloggerChannel>2</dataloggerChannel><sensorSerialNumber>yyyy</sensorSerialNumber><sensorChannel>2</sensorChannel><sampleRateNumerator>20</sampleRateNumerator><sampleRateDenominator>1</sampleRateDenominator><depth>0</depth><azimuth>90</azimuth><dip>0</dip><gain>626646000</gain><gainFrequency>0.02</gainFrequency><gainUnit>M/S</gainUnit><format>Steim2</format><flags>GC</flags><restricted>false</restricted><shared>true</shared></stream><stream code="BHN" datalogger="MY.KKM.2003.305" sensor="MY.KKM.2003.305.H"><start>2006-03-24T00:00:00.0000Z</start><dataloggerSerialNumber>xxxx</dataloggerSerialNumber><dataloggerChannel>1</dataloggerChannel><sensorSerialNumber>yyyy</sensorSerialNumber><sensorChannel>1</sensorChannel><sampleRateNumerator>20</sampleRateNumerator><sampleRateDenominator>1</sampleRateDenominator><depth>0</depth><azimuth>0</azimuth><dip>0</dip><gain>626646000</gain><gainFrequency>0.02</gainFrequency><gainUnit>M/S</gainUnit><format>Steim2</format><flags>GC</flags><restricted>false</restricted><shared>true</shared></stream><stream code="BHZ" datalogger="MY.KKM.2003.305" sensor="MY.KKM.2003.305.H"><start>2006-03-24T00:00:00.0000Z</start><dataloggerSerialNumber>xxxx</dataloggerSerialNumber><dataloggerChannel>0</dataloggerChannel><sensorSerialNumber>yyyy</sensorSerialNumber><sensorChannel>0</sensorChannel><sampleRateNumerator>20</sampleRateNumerator><sampleRateDenominator>1</sampleRateDenominator><depth>0</depth><azimuth>0</azimuth><dip>-90</dip><gain>626646000</gain><gainFrequency>0.02</gainFrequency><gainUnit>M/S</gainUnit><format>Steim2</format><flags>GC</flags><restricted>false</restricted><shared>true</shared></stream><stream code="HHE" datalogger="MY.KKM.2003.305" sensor="MY.KKM.2003.305.H"><start>2006-03-24T00:00:00.0000Z</start><dataloggerSerialNumber>xxxx</dataloggerSerialNumber><dataloggerChannel>2</dataloggerChannel><sensorSerialNumber>yyyy</sensorSerialNumber><sensorChannel>2</sensorChannel><sampleRateNumerator>100</sampleRateNumerator><sampleRateDenominator>1</sampleRateDenominator><depth>0</depth><azimuth>90</azimuth><dip>0</dip><gain>624217000</gain><gainFrequency>0.02</gainFrequency><gainUnit>M/S</gainUnit><format>Steim2</format><flags>GC</flags><restricted>false</restricted><shared>true</shared></stream><stream code="HHN" datalogger="MY.KKM.2003.305" sensor="MY.KKM.2003.305.H"><start>2006-03-24T00:00:00.0000Z</start><dataloggerSerialNumber>xxxx</dataloggerSerialNumber><dataloggerChannel>1</dataloggerChannel><sensorSerialNumber>yyyy</sensorSerialNumber><sensorChannel>1</sensorChannel><sampleRateNumerator>100</sampleRateNumerator><sampleRateDenominator>1</sampleRateDenominator><depth>0</depth><azimuth>0</azimuth><dip>0</dip><gain>624217000</gain><gainFrequency>0.02</gainFrequency><gainUnit>M/S</gainUnit><format>Steim2</format><flags>GC</flags><restricted>false</restricted><shared>true</shared></stream><stream code="HHZ" datalogger="MY.KKM.2003.305" sensor="MY.KKM.2003.305.H"><start>2006-03-24T00:00:00.0000Z</start><dataloggerSerialNumber>xxxx</dataloggerSerialNumber><dataloggerChannel>0</dataloggerChannel><sensorSerialNumber>yyyy</sensorSerialNumber><sensorChannel>0</sensorChannel><sampleRateNumerator>100</sampleRateNumerator><sampleRateDenominator>1</sampleRateDenominator><depth>0</depth><azimuth>0</azimuth><dip>-90</dip><gain>624217000</gain><gainFrequency>0.02</gainFrequency><gainUnit>M/S</gainUnit><format>Steim2</format><flags>GC</flags><restricted>false</restricted><shared>true</shared></stream><stream code="HNE" datalogger="MY.KKM.2003.305" sensor="MY.KKM.2003.305.N"><start>2006-03-24T00:00:00.0000Z</start><dataloggerSerialNumber>xxxx</dataloggerSerialNumber><dataloggerChannel>2</dataloggerChannel><sensorSerialNumber>yyyy</sensorSerialNumber><sensorChannel>2</sensorChannel><sampleRateNumerator>100</sampleRateNumerator><sampleRateDenominator>1</sampleRateDenominator><depth>0</depth><azimuth>90</azimuth><dip>0</dip><gain>427573</gain><gainFrequency>1</gainFrequency><gainUnit>M/S**2</gainUnit><format>Steim2</format><flags>GC</flags><restricted>false</restricted><shared>true</shared></stream><stream code="HNN" datalogger="MY.KKM.2003.305" sensor="MY.KKM.2003.305.N"><start>2006-03-24T00:00:00.0000Z</start><dataloggerSerialNumber>xxxx</dataloggerSerialNumber><dataloggerChannel>1</dataloggerChannel><sensorSerialNumber>yyyy</sensorSerialNumber><sensorChannel>1</sensorChannel><sampleRateNumerator>100</sampleRateNumerator><sampleRateDenominator>1</sampleRateDenominator><depth>0</depth><azimuth>0</azimuth><dip>0</dip><gain>427573</gain><gainFrequency>1</gainFrequency><gainUnit>M/S**2</gainUnit><format>Steim2</format><flags>GC</flags><restricted>false</restricted><shared>true</shared></stream><stream code="HNZ" datalogger="MY.KKM.2003.305" sensor="MY.KKM.2003.305.N"><start>2006-03-24T00:00:00.0000Z</start><dataloggerSerialNumber>xxxx</dataloggerSerialNumber><dataloggerChannel>0</dataloggerChannel><sensorSerialNumber>yyyy</sensorSerialNumber><sensorChannel>0</sensorChannel><sampleRateNumerator>100</sampleRateNumerator><sampleRateDenominator>1</sampleRateDenominator><depth>0</depth><azimuth>0</azimuth><dip>-90</dip><gain>427573</gain><gainFrequency>1</gainFrequency><gainUnit>M/S**2</gainUnit><format>Steim2</format><flags>GC</flags><restricted>false</restricted><shared>true</shared></stream><stream code="LHE" datalogger="MY.KKM.2003.305" sensor="MY.KKM.2003.305.H"><start>2006-03-24T00:00:00.0000Z</start><dataloggerSerialNumber>xxxx</dataloggerSerialNumber><dataloggerChannel>2</dataloggerChannel><sensorSerialNumber>yyyy</sensorSerialNumber><sensorChannel>2</sensorChannel><sampleRateNumerator>1</sampleRateNumerator><sampleRateDenominator>1</sampleRateDenominator><depth>0</depth><azimuth>90</azimuth><dip>0</dip><gain>629255000</gain><gainFrequency>0.02</gainFrequency><gainUnit>M/S</gainUnit><format>Steim2</format><flags>GC</flags><restricted>false</restricted><shared>true</shared></stream><stream code="LHN" datalogger="MY.KKM.2003.305" sensor="MY.KKM.2003.305.H"><start>2006-03-24T00:00:00.0000Z</start><dataloggerSerialNumber>xxxx</dataloggerSerialNumber><dataloggerChannel>1</dataloggerChannel><sensorSerialNumber>yyyy</sensorSerialNumber><sensorChannel>1</sensorChannel><sampleRateNumerator>1</sampleRateNumerator><sampleRateDenominator>1</sampleRateDenominator><depth>0</depth><azimuth>0</azimuth><dip>0</dip><gain>629255000</gain><gainFrequency>0.02</gainFrequency><gainUnit>M/S</gainUnit><format>Steim2</format><flags>GC</flags><restricted>false</restricted><shared>true</shared></stream><stream code="LHZ" datalogger="MY.KKM.2003.305" sensor="MY.KKM.2003.305.H"><start>2006-03-24T00:00:00.0000Z</start><dataloggerSerialNumber>xxxx</dataloggerSerialNumber><dataloggerChannel>0</dataloggerChannel><sensorSerialNumber>yyyy</sensorSerialNumber><sensorChannel>0</sensorChannel><sampleRateNumerator>1</sampleRateNumerator><sampleRateDenominator>1</sampleRateDenominator><depth>0</depth><azimuth>0</azimuth><dip>-90</dip><gain>629255000</gain><gainFrequency>0.02</gainFrequency><gainUnit>M/S</gainUnit><format>Steim2</format><flags>GC</flags><restricted>false</restricted><shared>true</shared></stream></sensorLocation></station><station publicID="Station/MY/KOM/2006-03-24T00:00:00.0000Z" code="KOM"><start>2006-03-24T00:00:00.0000Z</start><description>Kota Tinggi</description><latitude>1.7922</latitude><longitude>103.8467</longitude><elevation>49</elevation><archive>BMG</archive><restricted>false</restricted><shared>true</shared><sensorLocation publicID="SensorLocation#20110617025232.771183.3049" code=""><start>2006-03-24T00:00:00.0000Z</start><latitude>1.7922</latitude><longitude>103.8467</longitude><elevation>49</elevation><stream code="BHE" datalogger="MY.KOM.2006.083" sensor="MY.KOM.2006.083.H"><start>2006-03-24T00:00:00.0000Z</start><dataloggerSerialNumber>xxxx</dataloggerSerialNumber><dataloggerChannel>2</dataloggerChannel><sensorSerialNumber>yyyy</sensorSerialNumber><sensorChannel>2</sensorChannel><sampleRateNumerator>20</sampleRateNumerator><sampleRateDenominator>1</sampleRateDenominator><depth>0</depth><azimuth>90</azimuth><dip>0</dip><gain>626646000</gain><gainFrequency>0.02</gainFrequency><gainUnit>M/S</gainUnit><format>Steim2</format><flags>GC</flags><restricted>false</restricted><shared>true</shared></stream><stream code="BHN" datalogger="MY.KOM.2006.083" sensor="MY.KOM.2006.083.H"><start>2006-03-24T00:00:00.0000Z</start><dataloggerSerialNumber>xxxx</dataloggerSerialNumber><dataloggerChannel>1</dataloggerChannel><sensorSerialNumber>yyyy</sensorSerialNumber><sensorChannel>1</sensorChannel><sampleRateNumerator>20</sampleRateNumerator><sampleRateDenominator>1</sampleRateDenominator><depth>0</depth><azimuth>0</azimuth><dip>0</dip><gain>626646000</gain><gainFrequency>0.02</gainFrequency><gainUnit>M/S</gainUnit><format>Steim2</format><flags>GC</flags><restricted>false</restricted><shared>true</shared></stream><stream code="BHZ" datalogger="MY.KOM.2006.083" sensor="MY.KOM.2006.083.H"><start>2006-03-24T00:00:00.0000Z</start><dataloggerSerialNumber>xxxx</dataloggerSerialNumber><dataloggerChannel>0</dataloggerChannel><sensorSerialNumber>yyyy</sensorSerialNumber><sensorChannel>0</sensorChannel><sampleRateNumerator>20</sampleRateNumerator><sampleRateDenominator>1</sampleRateDenominator><depth>0</depth><azimuth>0</azimuth><dip>-90</dip><gain>626646000</gain><gainFrequency>0.02</gainFrequency><gainUnit>M/S</gainUnit><format>Steim2</format><flags>GC</flags><restricted>false</restricted><shared>true</shared></stream><stream code="HHE" datalogger="MY.KOM.2006.083" sensor="MY.KOM.2006.083.H"><start>2006-03-24T00:00:00.0000Z</start><dataloggerSerialNumber>xxxx</dataloggerSerialNumber><dataloggerChannel>2</dataloggerChannel><sensorSerialNumber>yyyy</sensorSerialNumber><sensorChannel>2</sensorChannel><sampleRateNumerator>100</sampleRateNumerator><sampleRateDenominator>1</sampleRateDenominator><depth>0</depth><azimuth>90</azimuth><dip>0</dip><gain>624217000</gain><gainFrequency>0.02</gainFrequency><gainUnit>M/S</gainUnit><format>Steim2</format><flags>GC</flags><restricted>false</restricted><shared>true</shared></stream><stream code="HHN" datalogger="MY.KOM.2006.083" sensor="MY.KOM.2006.083.H"><start>2006-03-24T00:00:00.0000Z</start><dataloggerSerialNumber>xxxx</dataloggerSerialNumber><dataloggerChannel>1</dataloggerChannel><sensorSerialNumber>yyyy</sensorSerialNumber><sensorChannel>1</sensorChannel><sampleRateNumerator>100</sampleRateNumerator><sampleRateDenominator>1</sampleRateDenominator><depth>0</depth><azimuth>0</azimuth><dip>0</dip><gain>624217000</gain><gainFrequency>0.02</gainFrequency><gainUnit>M/S</gainUnit><format>Steim2</format><flags>GC</flags><restricted>false</restricted><shared>true</shared></stream><stream code="HHZ" datalogger="MY.KOM.2006.083" sensor="MY.KOM.2006.083.H"><start>2006-03-24T00:00:00.0000Z</start><dataloggerSerialNumber>xxxx</dataloggerSerialNumber><dataloggerChannel>0</dataloggerChannel><sensorSerialNumber>yyyy</sensorSerialNumber><sensorChannel>0</sensorChannel><sampleRateNumerator>100</sampleRateNumerator><sampleRateDenominator>1</sampleRateDenominator><depth>0</depth><azimuth>0</azimuth><dip>-90</dip><gain>624217000</gain><gainFrequency>0.02</gainFrequency><gainUnit>M/S</gainUnit><format>Steim2</format><flags>GC</flags><restricted>false</restricted><shared>true</shared></stream><stream code="HNE" datalogger="MY.KOM.2006.083" sensor="MY.KOM.2006.083.N"><start>2006-03-24T00:00:00.0000Z</start><dataloggerSerialNumber>xxxx</dataloggerSerialNumber><dataloggerChannel>2</dataloggerChannel><sensorSerialNumber>yyyy</sensorSerialNumber><sensorChannel>2</sensorChannel><sampleRateNumerator>100</sampleRateNumerator><sampleRateDenominator>1</sampleRateDenominator><depth>0</depth><azimuth>90</azimuth><dip>0</dip><gain>427573</gain><gainFrequency>1</gainFrequency><gainUnit>M/S**2</gainUnit><format>Steim2</format><flags>GC</flags><restricted>false</restricted><shared>true</shared></stream><stream code="HNN" datalogger="MY.KOM.2006.083" sensor="MY.KOM.2006.083.N"><start>2006-03-24T00:00:00.0000Z</start><dataloggerSerialNumber>xxxx</dataloggerSerialNumber><dataloggerChannel>1</dataloggerChannel><sensorSerialNumber>yyyy</sensorSerialNumber><sensorChannel>1</sensorChannel><sampleRateNumerator>100</sampleRateNumerator><sampleRateDenominator>1</sampleRateDenominator><depth>0</depth><azimuth>0</azimuth><dip>0</dip><gain>427573</gain><gainFrequency>1</gainFrequency><gainUnit>M/S**2</gainUnit><format>Steim2</format><flags>GC</flags><restricted>false</restricted><shared>true</shared></stream><stream code="HNZ" datalogger="MY.KOM.2006.083" sensor="MY.KOM.2006.083.N"><start>2006-03-24T00:00:00.0000Z</start><dataloggerSerialNumber>xxxx</dataloggerSerialNumber><dataloggerChannel>0</dataloggerChannel><sensorSerialNumber>yyyy</sensorSerialNumber><sensorChannel>0</sensorChannel><sampleRateNumerator>100</sampleRateNumerator><sampleRateDenominator>1</sampleRateDenominator><depth>0</depth><azimuth>0</azimuth><dip>-90</dip><gain>427573</gain><gainFrequency>1</gainFrequency><gainUnit>M/S**2</gainUnit><format>Steim2</format><flags>GC</flags><restricted>false</restricted><shared>true</shared></stream><stream code="LHE" datalogger="MY.KOM.2006.083" sensor="MY.KOM.2006.083.H"><start>2006-03-24T00:00:00.0000Z</start><dataloggerSerialNumber>xxxx</dataloggerSerialNumber><dataloggerChannel>2</dataloggerChannel><sensorSerialNumber>yyyy</sensorSerialNumber><sensorChannel>2</sensorChannel><sampleRateNumerator>1</sampleRateNumerator><sampleRateDenominator>1</sampleRateDenominator><depth>0</depth><azimuth>90</azimuth><dip>0</dip><gain>629255000</gain><gainFrequency>0.02</gainFrequency><gainUnit>M/S</gainUnit><format>Steim2</format><flags>GC</flags><restricted>false</restricted><shared>true</shared></stream><stream code="LHN" datalogger="MY.KOM.2006.083" sensor="MY.KOM.2006.083.H"><start>2006-03-24T00:00:00.0000Z</start><dataloggerSerialNumber>xxxx</dataloggerSerialNumber><dataloggerChannel>1</dataloggerChannel><sensorSerialNumber>yyyy</sensorSerialNumber><sensorChannel>1</sensorChannel><sampleRateNumerator>1</sampleRateNumerator><sampleRateDenominator>1</sampleRateDenominator><depth>0</depth><azimuth>0</azimuth><dip>0</dip><gain>629255000</gain><gainFrequency>0.02</gainFrequency><gainUnit>M/S</gainUnit><format>Steim2</format><flags>GC</flags><restricted>false</restricted><shared>true</shared></stream><stream code="LHZ" datalogger="MY.KOM.2006.083" sensor="MY.KOM.2006.083.H"><start>2006-03-24T00:00:00.0000Z</start><dataloggerSerialNumber>xxxx</dataloggerSerialNumber><dataloggerChannel>0</dataloggerChannel><sensorSerialNumber>yyyy</sensorSerialNumber><sensorChannel>0</sensorChannel><sampleRateNumerator>1</sampleRateNumerator><sampleRateDenominator>1</sampleRateDenominator><depth>0</depth><azimuth>0</azimuth><dip>-90</dip><gain>629255000</gain><gainFrequency>0.02</gainFrequency><gainUnit>M/S</gainUnit><format>Steim2</format><flags>GC</flags><restricted>false</restricted><shared>true</shared></stream></sensorLocation></station><station publicID="Station/MY/KSM/2006-03-24T00:00:00.0000Z" code="KSM"><start>2006-03-24T00:00:00.0000Z</start><description>Kuching</description><latitude>1.4733</latitude><longitude>110.3083</longitude><elevation>66</elevation><archive>BMG</archive><restricted>false</restricted><shared>true</shared><sensorLocation publicID="SensorLocation#20110617025227.663621.2246" code=""><start>2006-03-24T00:00:00.0000Z</start><latitude>1.4733</latitude><longitude>110.3083</longitude><elevation>66</elevation><stream code="BHE" datalogger="MY.KSM.2003.305" sensor="MY.KSM.2003.305.H"><start>2006-03-24T00:00:00.0000Z</start><dataloggerSerialNumber>xxxx</dataloggerSerialNumber><dataloggerChannel>2</dataloggerChannel><sensorSerialNumber>yyyy</sensorSerialNumber><sensorChannel>2</sensorChannel><sampleRateNumerator>20</sampleRateNumerator><sampleRateDenominator>1</sampleRateDenominator><depth>0</depth><azimuth>90</azimuth><dip>0</dip><gain>626646000</gain><gainFrequency>0.02</gainFrequency><gainUnit>M/S</gainUnit><format>Steim2</format><flags>GC</flags><restricted>false</restricted><shared>true</shared></stream><stream code="BHN" datalogger="MY.KSM.2003.305" sensor="MY.KSM.2003.305.H"><start>2006-03-24T00:00:00.0000Z</start><dataloggerSerialNumber>xxxx</dataloggerSerialNumber><dataloggerChannel>1</dataloggerChannel><sensorSerialNumber>yyyy</sensorSerialNumber><sensorChannel>1</sensorChannel><sampleRateNumerator>20</sampleRateNumerator><sampleRateDenominator>1</sampleRateDenominator><depth>0</depth><azimuth>0</azimuth><dip>0</dip><gain>626646000</gain><gainFrequency>0.02</gainFrequency><gainUnit>M/S</gainUnit><format>Steim2</format><flags>GC</flags><restricted>false</restricted><shared>true</shared></stream><stream code="BHZ" datalogger="MY.KSM.2003.305" sensor="MY.KSM.2003.305.H"><start>2006-03-24T00:00:00.0000Z</start><dataloggerSerialNumber>xxxx</dataloggerSerialNumber><dataloggerChannel>0</dataloggerChannel><sensorSerialNumber>yyyy</sensorSerialNumber><sensorChannel>0</sensorChannel><sampleRateNumerator>20</sampleRateNumerator><sampleRateDenominator>1</sampleRateDenominator><depth>0</depth><azimuth>0</azimuth><dip>-90</dip><gain>626646000</gain><gainFrequency>0.02</gainFrequency><gainUnit>M/S</gainUnit><format>Steim2</format><flags>GC</flags><restricted>false</restricted><shared>true</shared></stream><stream code="HHE" datalogger="MY.KSM.2003.305" sensor="MY.KSM.2003.305.H"><start>2006-03-24T00:00:00.0000Z</start><dataloggerSerialNumber>xxxx</dataloggerSerialNumber><dataloggerChannel>2</dataloggerChannel><sensorSerialNumber>yyyy</sensorSerialNumber><sensorChannel>2</sensorChannel><sampleRateNumerator>100</sampleRateNumerator><sampleRateDenominator>1</sampleRateDenominator><depth>0</depth><azimuth>90</azimuth><dip>0</dip><gain>624217000</gain><gainFrequency>0.02</gainFrequency><gainUnit>M/S</gainUnit><format>Steim2</format><flags>GC</flags><restricted>false</restricted><shared>true</shared></stream><stream code="HHN" datalogger="MY.KSM.2003.305" sensor="MY.KSM.2003.305.H"><start>2006-03-24T00:00:00.0000Z</start><dataloggerSerialNumber>xxxx</dataloggerSerialNumber><dataloggerChannel>1</dataloggerChannel><sensorSerialNumber>yyyy</sensorSerialNumber><sensorChannel>1</sensorChannel><sampleRateNumerator>100</sampleRateNumerator><sampleRateDenominator>1</sampleRateDenominator><depth>0</depth><azimuth>0</azimuth><dip>0</dip><gain>624217000</gain><gainFrequency>0.02</gainFrequency><gainUnit>M/S</gainUnit><format>Steim2</format><flags>GC</flags><restricted>false</restricted><shared>true</shared></stream><stream code="HHZ" datalogger="MY.KSM.2003.305" sensor="MY.KSM.2003.305.H"><start>2006-03-24T00:00:00.0000Z</start><dataloggerSerialNumber>xxxx</dataloggerSerialNumber><dataloggerChannel>0</dataloggerChannel><sensorSerialNumber>yyyy</sensorSerialNumber><sensorChannel>0</sensorChannel><sampleRateNumerator>100</sampleRateNumerator><sampleRateDenominator>1</sampleRateDenominator><depth>0</depth><azimuth>0</azimuth><dip>-90</dip><gain>624217000</gain><gainFrequency>0.02</gainFrequency><gainUnit>M/S</gainUnit><format>Steim2</format><flags>GC</flags><restricted>false</restricted><shared>true</shared></stream><stream code="HNE" datalogger="MY.KSM.2003.305" sensor="MY.KSM.2003.305.N"><start>2006-03-24T00:00:00.0000Z</start><dataloggerSerialNumber>xxxx</dataloggerSerialNumber><dataloggerChannel>2</dataloggerChannel><sensorSerialNumber>yyyy</sensorSerialNumber><sensorChannel>2</sensorChannel><sampleRateNumerator>100</sampleRateNumerator><sampleRateDenominator>1</sampleRateDenominator><depth>0</depth><azimuth>90</azimuth><dip>0</dip><gain>427573</gain><gainFrequency>1</gainFrequency><gainUnit>M/S**2</gainUnit><format>Steim2</format><flags>GC</flags><restricted>false</restricted><shared>true</shared></stream><stream code="HNN" datalogger="MY.KSM.2003.305" sensor="MY.KSM.2003.305.N"><start>2006-03-24T00:00:00.0000Z</start><dataloggerSerialNumber>xxxx</dataloggerSerialNumber><dataloggerChannel>1</dataloggerChannel><sensorSerialNumber>yyyy</sensorSerialNumber><sensorChannel>1</sensorChannel><sampleRateNumerator>100</sampleRateNumerator><sampleRateDenominator>1</sampleRateDenominator><depth>0</depth><azimuth>0</azimuth><dip>0</dip><gain>427573</gain><gainFrequency>1</gainFrequency><gainUnit>M/S**2</gainUnit><format>Steim2</format><flags>GC</flags><restricted>false</restricted><shared>true</shared></stream><stream code="HNZ" datalogger="MY.KSM.2003.305" sensor="MY.KSM.2003.305.N"><start>2006-03-24T00:00:00.0000Z</start><dataloggerSerialNumber>xxxx</dataloggerSerialNumber><dataloggerChannel>0</dataloggerChannel><sensorSerialNumber>yyyy</sensorSerialNumber><sensorChannel>0</sensorChannel><sampleRateNumerator>100</sampleRateNumerator><sampleRateDenominator>1</sampleRateDenominator><depth>0</depth><azimuth>0</azimuth><dip>-90</dip><gain>427573</gain><gainFrequency>1</gainFrequency><gainUnit>M/S**2</gainUnit><format>Steim2</format><flags>GC</flags><restricted>false</restricted><shared>true</shared></stream><stream code="LHE" datalogger="MY.KSM.2003.305" sensor="MY.KSM.2003.305.H"><start>2006-03-24T00:00:00.0000Z</start><dataloggerSerialNumber>xxxx</dataloggerSerialNumber><dataloggerChannel>2</dataloggerChannel><sensorSerialNumber>yyyy</sensorSerialNumber><sensorChannel>2</sensorChannel><sampleRateNumerator>1</sampleRateNumerator><sampleRateDenominator>1</sampleRateDenominator><depth>0</depth><azimuth>90</azimuth><dip>0</dip><gain>629255000</gain><gainFrequency>0.02</gainFrequency><gainUnit>M/S</gainUnit><format>Steim2</format><flags>GC</flags><restricted>false</restricted><shared>true</shared></stream><stream code="LHN" datalogger="MY.KSM.2003.305" sensor="MY.KSM.2003.305.H"><start>2006-03-24T00:00:00.0000Z</start><dataloggerSerialNumber>xxxx</dataloggerSerialNumber><dataloggerChannel>1</dataloggerChannel><sensorSerialNumber>yyyy</sensorSerialNumber><sensorChannel>1</sensorChannel><sampleRateNumerator>1</sampleRateNumerator><sampleRateDenominator>1</sampleRateDenominator><depth>0</depth><azimuth>0</azimuth><dip>0</dip><gain>629255000</gain><gainFrequency>0.02</gainFrequency><gainUnit>M/S</gainUnit><format>Steim2</format><flags>GC</flags><restricted>false</restricted><shared>true</shared></stream><stream code="LHZ" datalogger="MY.KSM.2003.305" sensor="MY.KSM.2003.305.H"><start>2006-03-24T00:00:00.0000Z</start><dataloggerSerialNumber>xxxx</dataloggerSerialNumber><dataloggerChannel>0</dataloggerChannel><sensorSerialNumber>yyyy</sensorSerialNumber><sensorChannel>0</sensorChannel><sampleRateNumerator>1</sampleRateNumerator><sampleRateDenominator>1</sampleRateDenominator><depth>0</depth><azimuth>0</azimuth><dip>-90</dip><gain>629255000</gain><gainFrequency>0.02</gainFrequency><gainUnit>M/S</gainUnit><format>Steim2</format><flags>GC</flags><restricted>false</restricted><shared>true</shared></stream></sensorLocation></station><station publicID="Station/MY/KUM/2006-03-24T00:00:00.0000Z" code="KUM"><start>2006-03-24T00:00:00.0000Z</start><description>Kulim</description><latitude>5.2902</latitude><longitude>100.6492</longitude><elevation>74</elevation><archive>BMG</archive><restricted>false</restricted><shared>true</shared><sensorLocation publicID="SensorLocation#20110617025230.897454.2775" code=""><start>2006-03-24T00:00:00.0000Z</start><latitude>5.2902</latitude><longitude>100.6492</longitude><elevation>74</elevation><stream code="BHE" datalogger="MY.KUM.2003.305" sensor="MY.KUM.2003.305.H"><start>2006-03-24T00:00:00.0000Z</start><dataloggerSerialNumber>xxxx</dataloggerSerialNumber><dataloggerChannel>2</dataloggerChannel><sensorSerialNumber>yyyy</sensorSerialNumber><sensorChannel>2</sensorChannel><sampleRateNumerator>20</sampleRateNumerator><sampleRateDenominator>1</sampleRateDenominator><depth>0</depth><azimuth>90</azimuth><dip>0</dip><gain>626646000</gain><gainFrequency>0.02</gainFrequency><gainUnit>M/S</gainUnit><format>Steim2</format><flags>GC</flags><restricted>false</restricted><shared>true</shared></stream><stream code="BHN" datalogger="MY.KUM.2003.305" sensor="MY.KUM.2003.305.H"><start>2006-03-24T00:00:00.0000Z</start><dataloggerSerialNumber>xxxx</dataloggerSerialNumber><dataloggerChannel>1</dataloggerChannel><sensorSerialNumber>yyyy</sensorSerialNumber><sensorChannel>1</sensorChannel><sampleRateNumerator>20</sampleRateNumerator><sampleRateDenominator>1</sampleRateDenominator><depth>0</depth><azimuth>0</azimuth><dip>0</dip><gain>626646000</gain><gainFrequency>0.02</gainFrequency><gainUnit>M/S</gainUnit><format>Steim2</format><flags>GC</flags><restricted>false</restricted><shared>true</shared></stream><stream code="BHZ" datalogger="MY.KUM.2003.305" sensor="MY.KUM.2003.305.H"><start>2006-03-24T00:00:00.0000Z</start><dataloggerSerialNumber>xxxx</dataloggerSerialNumber><dataloggerChannel>0</dataloggerChannel><sensorSerialNumber>yyyy</sensorSerialNumber><sensorChannel>0</sensorChannel><sampleRateNumerator>20</sampleRateNumerator><sampleRateDenominator>1</sampleRateDenominator><depth>0</depth><azimuth>0</azimuth><dip>-90</dip><gain>626646000</gain><gainFrequency>0.02</gainFrequency><gainUnit>M/S</gainUnit><format>Steim2</format><flags>GC</flags><restricted>false</restricted><shared>true</shared></stream><stream code="HHE" datalogger="MY.KUM.2003.305" sensor="MY.KUM.2003.305.H"><start>2006-03-24T00:00:00.0000Z</start><dataloggerSerialNumber>xxxx</dataloggerSerialNumber><dataloggerChannel>2</dataloggerChannel><sensorSerialNumber>yyyy</sensorSerialNumber><sensorChannel>2</sensorChannel><sampleRateNumerator>100</sampleRateNumerator><sampleRateDenominator>1</sampleRateDenominator><depth>0</depth><azimuth>90</azimuth><dip>0</dip><gain>624217000</gain><gainFrequency>0.02</gainFrequency><gainUnit>M/S</gainUnit><format>Steim2</format><flags>GC</flags><restricted>false</restricted><shared>true</shared></stream><stream code="HHN" datalogger="MY.KUM.2003.305" sensor="MY.KUM.2003.305.H"><start>2006-03-24T00:00:00.0000Z</start><dataloggerSerialNumber>xxxx</dataloggerSerialNumber><dataloggerChannel>1</dataloggerChannel><sensorSerialNumber>yyyy</sensorSerialNumber><sensorChannel>1</sensorChannel><sampleRateNumerator>100</sampleRateNumerator><sampleRateDenominator>1</sampleRateDenominator><depth>0</depth><azimuth>0</azimuth><dip>0</dip><gain>624217000</gain><gainFrequency>0.02</gainFrequency><gainUnit>M/S</gainUnit><format>Steim2</format><flags>GC</flags><restricted>false</restricted><shared>true</shared></stream><stream code="HHZ" datalogger="MY.KUM.2003.305" sensor="MY.KUM.2003.305.H"><start>2006-03-24T00:00:00.0000Z</start><dataloggerSerialNumber>xxxx</dataloggerSerialNumber><dataloggerChannel>0</dataloggerChannel><sensorSerialNumber>yyyy</sensorSerialNumber><sensorChannel>0</sensorChannel><sampleRateNumerator>100</sampleRateNumerator><sampleRateDenominator>1</sampleRateDenominator><depth>0</depth><azimuth>0</azimuth><dip>-90</dip><gain>624217000</gain><gainFrequency>0.02</gainFrequency><gainUnit>M/S</gainUnit><format>Steim2</format><flags>GC</flags><restricted>false</restricted><shared>true</shared></stream><stream code="HNE" datalogger="MY.KUM.2003.305" sensor="MY.KUM.2003.305.N"><start>2006-03-24T00:00:00.0000Z</start><dataloggerSerialNumber>xxxx</dataloggerSerialNumber><dataloggerChannel>2</dataloggerChannel><sensorSerialNumber>yyyy</sensorSerialNumber><sensorChannel>2</sensorChannel><sampleRateNumerator>100</sampleRateNumerator><sampleRateDenominator>1</sampleRateDenominator><depth>0</depth><azimuth>90</azimuth><dip>0</dip><gain>427573</gain><gainFrequency>1</gainFrequency><gainUnit>M/S**2</gainUnit><format>Steim2</format><flags>GC</flags><restricted>false</restricted><shared>true</shared></stream><stream code="HNN" datalogger="MY.KUM.2003.305" sensor="MY.KUM.2003.305.N"><start>2006-03-24T00:00:00.0000Z</start><dataloggerSerialNumber>xxxx</dataloggerSerialNumber><dataloggerChannel>1</dataloggerChannel><sensorSerialNumber>yyyy</sensorSerialNumber><sensorChannel>1</sensorChannel><sampleRateNumerator>100</sampleRateNumerator><sampleRateDenominator>1</sampleRateDenominator><depth>0</depth><azimuth>0</azimuth><dip>0</dip><gain>427573</gain><gainFrequency>1</gainFrequency><gainUnit>M/S**2</gainUnit><format>Steim2</format><flags>GC</flags><restricted>false</restricted><shared>true</shared></stream><stream code="HNZ" datalogger="MY.KUM.2003.305" sensor="MY.KUM.2003.305.N"><start>2006-03-24T00:00:00.0000Z</start><dataloggerSerialNumber>xxxx</dataloggerSerialNumber><dataloggerChannel>0</dataloggerChannel><sensorSerialNumber>yyyy</sensorSerialNumber><sensorChannel>0</sensorChannel><sampleRateNumerator>100</sampleRateNumerator><sampleRateDenominator>1</sampleRateDenominator><depth>0</depth><azimuth>0</azimuth><dip>-90</dip><gain>427573</gain><gainFrequency>1</gainFrequency><gainUnit>M/S**2</gainUnit><format>Steim2</format><flags>GC</flags><restricted>false</restricted><shared>true</shared></stream><stream code="LHE" datalogger="MY.KUM.2003.305" sensor="MY.KUM.2003.305.H"><start>2006-03-24T00:00:00.0000Z</start><dataloggerSerialNumber>xxxx</dataloggerSerialNumber><dataloggerChannel>2</dataloggerChannel><sensorSerialNumber>yyyy</sensorSerialNumber><sensorChannel>2</sensorChannel><sampleRateNumerator>1</sampleRateNumerator><sampleRateDenominator>1</sampleRateDenominator><depth>0</depth><azimuth>90</azimuth><dip>0</dip><gain>629255000</gain><gainFrequency>0.02</gainFrequency><gainUnit>M/S</gainUnit><format>Steim2</format><flags>GC</flags><restricted>false</restricted><shared>true</shared></stream><stream code="LHN" datalogger="MY.KUM.2003.305" sensor="MY.KUM.2003.305.H"><start>2006-03-24T00:00:00.0000Z</start><dataloggerSerialNumber>xxxx</dataloggerSerialNumber><dataloggerChannel>1</dataloggerChannel><sensorSerialNumber>yyyy</sensorSerialNumber><sensorChannel>1</sensorChannel><sampleRateNumerator>1</sampleRateNumerator><sampleRateDenominator>1</sampleRateDenominator><depth>0</depth><azimuth>0</azimuth><dip>0</dip><gain>629255000</gain><gainFrequency>0.02</gainFrequency><gainUnit>M/S</gainUnit><format>Steim2</format><flags>GC</flags><restricted>false</restricted><shared>true</shared></stream><stream code="LHZ" datalogger="MY.KUM.2003.305" sensor="MY.KUM.2003.305.H"><start>2006-03-24T00:00:00.0000Z</start><dataloggerSerialNumber>xxxx</dataloggerSerialNumber><dataloggerChannel>0</dataloggerChannel><sensorSerialNumber>yyyy</sensorSerialNumber><sensorChannel>0</sensorChannel><sampleRateNumerator>1</sampleRateNumerator><sampleRateDenominator>1</sampleRateDenominator><depth>0</depth><azimuth>0</azimuth><dip>-90</dip><gain>629255000</gain><gainFrequency>0.02</gainFrequency><gainUnit>M/S</gainUnit><format>Steim2</format><flags>GC</flags><restricted>false</restricted><shared>true</shared></stream></sensorLocation></station><station publicID="Station/MY/LDM/2006-03-24T00:00:00.0000Z" code="LDM"><start>2006-03-24T00:00:00.0000Z</start><description>Lahad Datu</description><latitude>5.1777</latitude><longitude>118.498</longitude><elevation>177</elevation><archive>BMG</archive><restricted>false</restricted><shared>true</shared><sensorLocation publicID="SensorLocation#20110617025229.156029.2499" code=""><start>2006-03-24T00:00:00.0000Z</start><latitude>5.1777</latitude><longitude>118.498</longitude><elevation>177</elevation><stream code="BHE" datalogger="MY.LDM.2006.083" sensor="MY.LDM.2006.083.H"><start>2006-03-24T00:00:00.0000Z</start><dataloggerSerialNumber>xxxx</dataloggerSerialNumber><dataloggerChannel>2</dataloggerChannel><sensorSerialNumber>yyyy</sensorSerialNumber><sensorChannel>2</sensorChannel><sampleRateNumerator>20</sampleRateNumerator><sampleRateDenominator>1</sampleRateDenominator><depth>0</depth><azimuth>90</azimuth><dip>0</dip><gain>626646000</gain><gainFrequency>0.02</gainFrequency><gainUnit>M/S</gainUnit><format>Steim2</format><flags>GC</flags><restricted>false</restricted><shared>true</shared></stream><stream code="BHN" datalogger="MY.LDM.2006.083" sensor="MY.LDM.2006.083.H"><start>2006-03-24T00:00:00.0000Z</start><dataloggerSerialNumber>xxxx</dataloggerSerialNumber><dataloggerChannel>1</dataloggerChannel><sensorSerialNumber>yyyy</sensorSerialNumber><sensorChannel>1</sensorChannel><sampleRateNumerator>20</sampleRateNumerator><sampleRateDenominator>1</sampleRateDenominator><depth>0</depth><azimuth>0</azimuth><dip>0</dip><gain>626646000</gain><gainFrequency>0.02</gainFrequency><gainUnit>M/S</gainUnit><format>Steim2</format><flags>GC</flags><restricted>false</restricted><shared>true</shared></stream><stream code="BHZ" datalogger="MY.LDM.2006.083" sensor="MY.LDM.2006.083.H"><start>2006-03-24T00:00:00.0000Z</start><dataloggerSerialNumber>xxxx</dataloggerSerialNumber><dataloggerChannel>0</dataloggerChannel><sensorSerialNumber>yyyy</sensorSerialNumber><sensorChannel>0</sensorChannel><sampleRateNumerator>20</sampleRateNumerator><sampleRateDenominator>1</sampleRateDenominator><depth>0</depth><azimuth>0</azimuth><dip>-90</dip><gain>626646000</gain><gainFrequency>0.02</gainFrequency><gainUnit>M/S</gainUnit><format>Steim2</format><flags>GC</flags><restricted>false</restricted><shared>true</shared></stream><stream code="HHE" datalogger="MY.LDM.2006.083" sensor="MY.LDM.2006.083.H"><start>2006-03-24T00:00:00.0000Z</start><dataloggerSerialNumber>xxxx</dataloggerSerialNumber><dataloggerChannel>2</dataloggerChannel><sensorSerialNumber>yyyy</sensorSerialNumber><sensorChannel>2</sensorChannel><sampleRateNumerator>100</sampleRateNumerator><sampleRateDenominator>1</sampleRateDenominator><depth>0</depth><azimuth>90</azimuth><dip>0</dip><gain>624217000</gain><gainFrequency>0.02</gainFrequency><gainUnit>M/S</gainUnit><format>Steim2</format><flags>GC</flags><restricted>false</restricted><shared>true</shared></stream><stream code="HHN" datalogger="MY.LDM.2006.083" sensor="MY.LDM.2006.083.H"><start>2006-03-24T00:00:00.0000Z</start><dataloggerSerialNumber>xxxx</dataloggerSerialNumber><dataloggerChannel>1</dataloggerChannel><sensorSerialNumber>yyyy</sensorSerialNumber><sensorChannel>1</sensorChannel><sampleRateNumerator>100</sampleRateNumerator><sampleRateDenominator>1</sampleRateDenominator><depth>0</depth><azimuth>0</azimuth><dip>0</dip><gain>624217000</gain><gainFrequency>0.02</gainFrequency><gainUnit>M/S</gainUnit><format>Steim2</format><flags>GC</flags><restricted>false</restricted><shared>true</shared></stream><stream code="HHZ" datalogger="MY.LDM.2006.083" sensor="MY.LDM.2006.083.H"><start>2006-03-24T00:00:00.0000Z</start><dataloggerSerialNumber>xxxx</dataloggerSerialNumber><dataloggerChannel>0</dataloggerChannel><sensorSerialNumber>yyyy</sensorSerialNumber><sensorChannel>0</sensorChannel><sampleRateNumerator>100</sampleRateNumerator><sampleRateDenominator>1</sampleRateDenominator><depth>0</depth><azimuth>0</azimuth><dip>-90</dip><gain>624217000</gain><gainFrequency>0.02</gainFrequency><gainUnit>M/S</gainUnit><format>Steim2</format><flags>GC</flags><restricted>false</restricted><shared>true</shared></stream><stream code="HNE" datalogger="MY.LDM.2006.083" sensor="MY.LDM.2006.083.N"><start>2006-03-24T00:00:00.0000Z</start><dataloggerSerialNumber>xxxx</dataloggerSerialNumber><dataloggerChannel>2</dataloggerChannel><sensorSerialNumber>yyyy</sensorSerialNumber><sensorChannel>2</sensorChannel><sampleRateNumerator>100</sampleRateNumerator><sampleRateDenominator>1</sampleRateDenominator><depth>0</depth><azimuth>90</azimuth><dip>0</dip><gain>427573</gain><gainFrequency>1</gainFrequency><gainUnit>M/S**2</gainUnit><format>Steim2</format><flags>GC</flags><restricted>false</restricted><shared>true</shared></stream><stream code="HNN" datalogger="MY.LDM.2006.083" sensor="MY.LDM.2006.083.N"><start>2006-03-24T00:00:00.0000Z</start><dataloggerSerialNumber>xxxx</dataloggerSerialNumber><dataloggerChannel>1</dataloggerChannel><sensorSerialNumber>yyyy</sensorSerialNumber><sensorChannel>1</sensorChannel><sampleRateNumerator>100</sampleRateNumerator><sampleRateDenominator>1</sampleRateDenominator><depth>0</depth><azimuth>0</azimuth><dip>0</dip><gain>427573</gain><gainFrequency>1</gainFrequency><gainUnit>M/S**2</gainUnit><format>Steim2</format><flags>GC</flags><restricted>false</restricted><shared>true</shared></stream><stream code="HNZ" datalogger="MY.LDM.2006.083" sensor="MY.LDM.2006.083.N"><start>2006-03-24T00:00:00.0000Z</start><dataloggerSerialNumber>xxxx</dataloggerSerialNumber><dataloggerChannel>0</dataloggerChannel><sensorSerialNumber>yyyy</sensorSerialNumber><sensorChannel>0</sensorChannel><sampleRateNumerator>100</sampleRateNumerator><sampleRateDenominator>1</sampleRateDenominator><depth>0</depth><azimuth>0</azimuth><dip>-90</dip><gain>427573</gain><gainFrequency>1</gainFrequency><gainUnit>M/S**2</gainUnit><format>Steim2</format><flags>GC</flags><restricted>false</restricted><shared>true</shared></stream><stream code="LHE" datalogger="MY.LDM.2006.083" sensor="MY.LDM.2006.083.H"><start>2006-03-24T00:00:00.0000Z</start><dataloggerSerialNumber>xxxx</dataloggerSerialNumber><dataloggerChannel>2</dataloggerChannel><sensorSerialNumber>yyyy</sensorSerialNumber><sensorChannel>2</sensorChannel><sampleRateNumerator>1</sampleRateNumerator><sampleRateDenominator>1</sampleRateDenominator><depth>0</depth><azimuth>90</azimuth><dip>0</dip><gain>629255000</gain><gainFrequency>0.02</gainFrequency><gainUnit>M/S</gainUnit><format>Steim2</format><flags>GC</flags><restricted>false</restricted><shared>true</shared></stream><stream code="LHN" datalogger="MY.LDM.2006.083" sensor="MY.LDM.2006.083.H"><start>2006-03-24T00:00:00.0000Z</start><dataloggerSerialNumber>xxxx</dataloggerSerialNumber><dataloggerChannel>1</dataloggerChannel><sensorSerialNumber>yyyy</sensorSerialNumber><sensorChannel>1</sensorChannel><sampleRateNumerator>1</sampleRateNumerator><sampleRateDenominator>1</sampleRateDenominator><depth>0</depth><azimuth>0</azimuth><dip>0</dip><gain>629255000</gain><gainFrequency>0.02</gainFrequency><gainUnit>M/S</gainUnit><format>Steim2</format><flags>GC</flags><restricted>false</restricted><shared>true</shared></stream><stream code="LHZ" datalogger="MY.LDM.2006.083" sensor="MY.LDM.2006.083.H"><start>2006-03-24T00:00:00.0000Z</start><dataloggerSerialNumber>xxxx</dataloggerSerialNumber><dataloggerChannel>0</dataloggerChannel><sensorSerialNumber>yyyy</sensorSerialNumber><sensorChannel>0</sensorChannel><sampleRateNumerator>1</sampleRateNumerator><sampleRateDenominator>1</sampleRateDenominator><depth>0</depth><azimuth>0</azimuth><dip>-90</dip><gain>629255000</gain><gainFrequency>0.02</gainFrequency><gainUnit>M/S</gainUnit><format>Steim2</format><flags>GC</flags><restricted>false</restricted><shared>true</shared></stream></sensorLocation></station><station publicID="Station/MY/SBM/2006-03-24T00:00:00.0000Z" code="SBM"><start>2006-03-24T00:00:00.0000Z</start><description>Sibu</description><latitude>2.4529</latitude><longitude>112.214</longitude><elevation>237</elevation><archive>BMG</archive><restricted>false</restricted><shared>true</shared><sensorLocation publicID="SensorLocation#20110617025233.165416.3111" code=""><start>2006-03-24T00:00:00.0000Z</start><latitude>2.4529</latitude><longitude>112.214</longitude><elevation>237</elevation><stream code="BHE" datalogger="MY.SBM.2003.305" sensor="MY.SBM.2003.305.H"><start>2006-03-24T00:00:00.0000Z</start><dataloggerSerialNumber>xxxx</dataloggerSerialNumber><dataloggerChannel>2</dataloggerChannel><sensorSerialNumber>yyyy</sensorSerialNumber><sensorChannel>2</sensorChannel><sampleRateNumerator>20</sampleRateNumerator><sampleRateDenominator>1</sampleRateDenominator><depth>0</depth><azimuth>90</azimuth><dip>0</dip><gain>626646000</gain><gainFrequency>0.02</gainFrequency><gainUnit>M/S</gainUnit><format>Steim2</format><flags>GC</flags><restricted>false</restricted><shared>true</shared></stream><stream code="BHN" datalogger="MY.SBM.2003.305" sensor="MY.SBM.2003.305.H"><start>2006-03-24T00:00:00.0000Z</start><dataloggerSerialNumber>xxxx</dataloggerSerialNumber><dataloggerChannel>1</dataloggerChannel><sensorSerialNumber>yyyy</sensorSerialNumber><sensorChannel>1</sensorChannel><sampleRateNumerator>20</sampleRateNumerator><sampleRateDenominator>1</sampleRateDenominator><depth>0</depth><azimuth>0</azimuth><dip>0</dip><gain>626646000</gain><gainFrequency>0.02</gainFrequency><gainUnit>M/S</gainUnit><format>Steim2</format><flags>GC</flags><restricted>false</restricted><shared>true</shared></stream><stream code="BHZ" datalogger="MY.SBM.2003.305" sensor="MY.SBM.2003.305.H"><start>2006-03-24T00:00:00.0000Z</start><dataloggerSerialNumber>xxxx</dataloggerSerialNumber><dataloggerChannel>0</dataloggerChannel><sensorSerialNumber>yyyy</sensorSerialNumber><sensorChannel>0</sensorChannel><sampleRateNumerator>20</sampleRateNumerator><sampleRateDenominator>1</sampleRateDenominator><depth>0</depth><azimuth>0</azimuth><dip>-90</dip><gain>626646000</gain><gainFrequency>0.02</gainFrequency><gainUnit>M/S</gainUnit><format>Steim2</format><flags>GC</flags><restricted>false</restricted><shared>true</shared></stream><stream code="HHE" datalogger="MY.SBM.2003.305" sensor="MY.SBM.2003.305.H"><start>2006-03-24T00:00:00.0000Z</start><dataloggerSerialNumber>xxxx</dataloggerSerialNumber><dataloggerChannel>2</dataloggerChannel><sensorSerialNumber>yyyy</sensorSerialNumber><sensorChannel>2</sensorChannel><sampleRateNumerator>100</sampleRateNumerator><sampleRateDenominator>1</sampleRateDenominator><depth>0</depth><azimuth>90</azimuth><dip>0</dip><gain>624217000</gain><gainFrequency>0.02</gainFrequency><gainUnit>M/S</gainUnit><format>Steim2</format><flags>GC</flags><restricted>false</restricted><shared>true</shared></stream><stream code="HHN" datalogger="MY.SBM.2003.305" sensor="MY.SBM.2003.305.H"><start>2006-03-24T00:00:00.0000Z</start><dataloggerSerialNumber>xxxx</dataloggerSerialNumber><dataloggerChannel>1</dataloggerChannel><sensorSerialNumber>yyyy</sensorSerialNumber><sensorChannel>1</sensorChannel><sampleRateNumerator>100</sampleRateNumerator><sampleRateDenominator>1</sampleRateDenominator><depth>0</depth><azimuth>0</azimuth><dip>0</dip><gain>624217000</gain><gainFrequency>0.02</gainFrequency><gainUnit>M/S</gainUnit><format>Steim2</format><flags>GC</flags><restricted>false</restricted><shared>true</shared></stream><stream code="HHZ" datalogger="MY.SBM.2003.305" sensor="MY.SBM.2003.305.H"><start>2006-03-24T00:00:00.0000Z</start><dataloggerSerialNumber>xxxx</dataloggerSerialNumber><dataloggerChannel>0</dataloggerChannel><sensorSerialNumber>yyyy</sensorSerialNumber><sensorChannel>0</sensorChannel><sampleRateNumerator>100</sampleRateNumerator><sampleRateDenominator>1</sampleRateDenominator><depth>0</depth><azimuth>0</azimuth><dip>-90</dip><gain>624217000</gain><gainFrequency>0.02</gainFrequency><gainUnit>M/S</gainUnit><format>Steim2</format><flags>GC</flags><restricted>false</restricted><shared>true</shared></stream><stream code="HNE" datalogger="MY.SBM.2003.305" sensor="MY.SBM.2003.305.N"><start>2006-03-24T00:00:00.0000Z</start><dataloggerSerialNumber>xxxx</dataloggerSerialNumber><dataloggerChannel>2</dataloggerChannel><sensorSerialNumber>yyyy</sensorSerialNumber><sensorChannel>2</sensorChannel><sampleRateNumerator>100</sampleRateNumerator><sampleRateDenominator>1</sampleRateDenominator><depth>0</depth><azimuth>90</azimuth><dip>0</dip><gain>427573</gain><gainFrequency>1</gainFrequency><gainUnit>M/S**2</gainUnit><format>Steim2</format><flags>GC</flags><restricted>false</restricted><shared>true</shared></stream><stream code="HNN" datalogger="MY.SBM.2003.305" sensor="MY.SBM.2003.305.N"><start>2006-03-24T00:00:00.0000Z</start><dataloggerSerialNumber>xxxx</dataloggerSerialNumber><dataloggerChannel>1</dataloggerChannel><sensorSerialNumber>yyyy</sensorSerialNumber><sensorChannel>1</sensorChannel><sampleRateNumerator>100</sampleRateNumerator><sampleRateDenominator>1</sampleRateDenominator><depth>0</depth><azimuth>0</azimuth><dip>0</dip><gain>427573</gain><gainFrequency>1</gainFrequency><gainUnit>M/S**2</gainUnit><format>Steim2</format><flags>GC</flags><restricted>false</restricted><shared>true</shared></stream><stream code="HNZ" datalogger="MY.SBM.2003.305" sensor="MY.SBM.2003.305.N"><start>2006-03-24T00:00:00.0000Z</start><dataloggerSerialNumber>xxxx</dataloggerSerialNumber><dataloggerChannel>0</dataloggerChannel><sensorSerialNumber>yyyy</sensorSerialNumber><sensorChannel>0</sensorChannel><sampleRateNumerator>100</sampleRateNumerator><sampleRateDenominator>1</sampleRateDenominator><depth>0</depth><azimuth>0</azimuth><dip>-90</dip><gain>427573</gain><gainFrequency>1</gainFrequency><gainUnit>M/S**2</gainUnit><format>Steim2</format><flags>GC</flags><restricted>false</restricted><shared>true</shared></stream><stream code="LHE" datalogger="MY.SBM.2003.305" sensor="MY.SBM.2003.305.H"><start>2006-03-24T00:00:00.0000Z</start><dataloggerSerialNumber>xxxx</dataloggerSerialNumber><dataloggerChannel>2</dataloggerChannel><sensorSerialNumber>yyyy</sensorSerialNumber><sensorChannel>2</sensorChannel><sampleRateNumerator>1</sampleRateNumerator><sampleRateDenominator>1</sampleRateDenominator><depth>0</depth><azimuth>90</azimuth><dip>0</dip><gain>629255000</gain><gainFrequency>0.02</gainFrequency><gainUnit>M/S</gainUnit><format>Steim2</format><flags>GC</flags><restricted>false</restricted><shared>true</shared></stream><stream code="LHN" datalogger="MY.SBM.2003.305" sensor="MY.SBM.2003.305.H"><start>2006-03-24T00:00:00.0000Z</start><dataloggerSerialNumber>xxxx</dataloggerSerialNumber><dataloggerChannel>1</dataloggerChannel><sensorSerialNumber>yyyy</sensorSerialNumber><sensorChannel>1</sensorChannel><sampleRateNumerator>1</sampleRateNumerator><sampleRateDenominator>1</sampleRateDenominator><depth>0</depth><azimuth>0</azimuth><dip>0</dip><gain>629255000</gain><gainFrequency>0.02</gainFrequency><gainUnit>M/S</gainUnit><format>Steim2</format><flags>GC</flags><restricted>false</restricted><shared>true</shared></stream><stream code="LHZ" datalogger="MY.SBM.2003.305" sensor="MY.SBM.2003.305.H"><start>2006-03-24T00:00:00.0000Z</start><dataloggerSerialNumber>xxxx</dataloggerSerialNumber><dataloggerChannel>0</dataloggerChannel><sensorSerialNumber>yyyy</sensorSerialNumber><sensorChannel>0</sensorChannel><sampleRateNumerator>1</sampleRateNumerator><sampleRateDenominator>1</sampleRateDenominator><depth>0</depth><azimuth>0</azimuth><dip>-90</dip><gain>629255000</gain><gainFrequency>0.02</gainFrequency><gainUnit>M/S</gainUnit><format>Steim2</format><flags>GC</flags><restricted>false</restricted><shared>true</shared></stream></sensorLocation></station></network></Inventory></seiscomp>