<?xml version="1.0" encoding="UTF-8"?>
<seiscomp xmlns="http://geofon.gfz-potsdam.de/ns/seiscomp3-schema/0.13" version="0.13"><Inventory><sensor publicID="NRL/Nanometrics/Trillium120PH_EG3_SG1203_LP120_STgroundVel" name="Nanometrics/Trillium120PH_EG3_SG1203_LP120_STgroundVel" response="NRL/Nanometrics/Trillium120PH_EG3_SG1203_LP120_STgroundVel/1"><model>Trillium120PH</model><manufacturer>Nanometrics</manufacturer><unit>m/s</unit></sensor><sensor publicID="NRL/Nanometrics/Titan_CG4g_FV20Vp_OWDifferential_HF430_SG0.510_STgroundAccel" name="Nanometrics/Titan_CG4g_FV20Vp_OWDifferential_HF430_SG0.510_STgroundAccel" response="NRL/Nanometrics/Titan_CG4g_FV20Vp_OWDifferential_HF430_SG0.510_STgroundAccel/1"><model>Titan</model><manufacturer>Nanometrics</manufacturer><unit>m/s</unit></sensor><datalogger publicID="NRL/Nanometrics/Centaur_FV40Vpp_FR40_DFOff_FPLinear" name="Nanometrics/Centaur_FV40Vpp_FR40_DFOff_FPLinear"><digitizerModel>Centaur</digitizerModel><digitizerManufacturer>Nanometrics</digitizerManufacturer><recorderModel>Centaur</recorderModel><recorderManufacturer>Nanometrics</recorderManufacturer><gain>400000</gain><decimation sampleRateNumerator="40" sampleRateDenominator="1"><digitalFilterChain>NRL/Nanometrics/Centaur_FV40Vpp_FR40_DFOff_FPLinear/3 NRL/Nanometrics/Centaur_FV40Vpp_FR40_DFOff_FPLinear/4 NRL/Nanometrics/Centaur_FV40Vpp_FR40_DFOff_FPLinear/5 NRL/Nanometrics/Centaur_FV40Vpp_FR40_DFOff_FPLinear/6</digitalFilterChain></decimation></datalogger><datalogger publicID="NRL/Nanometrics/Centaur_FV40Vpp_FR100_DFOff_FPLinear" name="Nanometrics/Centaur_FV40Vpp_FR100_DFOff_FPLinear"><digitizerModel>Centaur</digitizerModel><digitizerManufacturer>Nanometrics</digitizerManufacturer><recorderModel>Centaur</recorderModel><recorderManufacturer>Nanometrics</recorderManufacturer><gain>400000</gain><decimation sampleRateNumerator="100" sampleRateDenominator="1"><digitalFilterChain>NRL/Nanometrics/Centaur_FV40Vpp_FR100_DFOff_FPLinear/3 NRL/Nanometrics/Centaur_FV40Vpp_FR100_DFOff_FPLinear/4 NRL/Nanometrics/Centaur_FV40Vpp_FR100_DFOff_FPLinear/5</digitalFilterChain></decimation></datalogger><responsePAZ publicID="NRL/Nanometrics/Trillium120PH_EG3_SG1203_LP120_STgroundVel/1" name="NRL/Nanometrics/Trillium120PH_EG3_SG1203_LP120_STgroundVel/1"><type>A</type><gain>1202.5</gain><gainFrequency>1</gainFrequency><normalizationFactor>8.31871e+17</normalizationFactor><normalizationFrequency>1</normalizationFrequency><numberOfZeros>6</numberOfZeros><numberOfPoles>11</numberOfPoles><zeros>(0,0) (0,0) (-31.63,0) (-160,0) (-350,0) (-3177,0)</zeros><poles>(-0.036614,-0.037059) (-0.036614,0.037059) (-32.55,0) (-142,0) (-364,-404) (-364,404) (-1260,0) (-4900,-5200) (-4900,5200) (-7100,-1700) (-7100,1700)</poles></responsePAZ><responsePAZ publicID="NRL/Nanometrics/Titan_CG4g_FV20Vp_OWDifferential_HF430_SG0.510_STgroundAccel/1" name="NRL/Nanometrics/Titan_CG4g_FV20Vp_OWDifferential_HF430_SG0.510_STgroundAccel/1"><type>A</type><gain>0.51</gain><gainFrequency>1</gainFrequency><normalizationFactor>1.00772e+18</normalizationFactor><normalizationFrequency>1</normalizationFrequency><numberOfZeros>1</numberOfZeros><numberOfPoles>6</numberOfPoles><zeros>(-515,0)</zeros><poles>(-977,-328) (-977,328) (-1486,-2512) (-1486,2512) (-5736,-4946) (-5736,4946)</poles></responsePAZ><responseFIR publicID="NRL/Nanometrics/Centaur_FV40Vpp_FR40_DFOff_FPLinear/3" name="NRL/Nanometrics/Centaur_FV40Vpp_FR40_DFOff_FPLinear/3"><gain>1</gain><gainFrequency>0</gainFrequency><decimationFactor>15</decimationFactor><delay>87.999</delay><correction>87.999</correction><numberOfCoefficients>177</numberOfCoefficients><symmetry>A</symmetry><coefficients>-1.50596e-10 -1.49886e-10 -1.00311e-10 1.25946e-10 7.96045e-10 2.42983e-09 5.98255e-09 1.31276e-08 2.6678e-08 5.11949e-08 9.38368e-08 1.65513e-07 2.82403e-07 4.67904e-07 7.55046e-07 1.18942e-06 1.83258e-06 2.7659e-06 4.09467e-06 5.95238e-06 8.50469e-06 1.19527e-05 1.65353e-05 2.25292e-05 3.02465e-05 4.00291e-05 5.22379e-05 6.72375e-05 8.53738e-05 0.000106946 0.000132169 0.000161134 0.000193755 0.000229712 0.000268398 0.000308854 0.000349711 0.00038914 0.000424811 0.00045387 0.000472936 0.000478133 0.000465151 0.000429345 0.000365887 0.000269951 0.000136952 -3.71723e-05 -0.000255641 -0.000520481 -0.00083216 -0.00118921 -0.00158785 -0.0020217 -0.00248145 -0.00295468 -0.00342576 -0.00387587 -0.0042831 -0.00462279 -0.00486796 -0.00498988 -0.00495889 -0.00474523 -0.0043201 -0.00365672 -0.00273148 -0.00152512 -2.38364e-05 0.00177968 0.00388537 0.00628506 0.00896202 0.0118907 0.0150369 0.018358 0.0218039 0.0253179 0.0288377 0.0322978 0.0356302 0.038767 0.0416424 0.0441942 0.0463659 0.0481089 0.0493834 0.0501602 0.0504211 0.0501602 0.0493834 0.0481089 0.0463659 0.0441942 0.0416424 0.038767 0.0356302 0.0322978 0.0288377 0.0253179 0.0218039 0.018358 0.0150369 0.0118907 0.00896202 0.00628506 0.00388537 0.00177968 -2.38364e-05 -0.00152512 -0.00273148 -0.00365672 -0.0043201 -0.00474523 -0.00495889 -0.00498988 -0.00486796 -0.00462279 -0.0042831 -0.00387587 -0.00342576 -0.00295468 -0.00248145 -0.0020217 -0.00158785 -0.00118921 -0.00083216 -0.000520481 -0.000255641 -3.71723e-05 0.000136952 0.000269951 0.000365887 0.000429345 0.000465151 0.000478133 0.000472936 0.00045387 0.000424811 0.00038914 0.000349711 0.000308854 0.000268398 0.000229712 0.000193755 0.000161134 0.000132169 0.000106946 8.53738e-05 6.72375e-05 5.22379e-05 4.00291e-05 3.02465e-05 2.25292e-05 1.65353e-05 1.19527e-05 8.50469e-06 5.95238e-06 4.09467e-06 2.7659e-06 1.83258e-06 1.18942e-06 7.55046e-07 4.67904e-07 2.82403e-07 1.65513e-07 9.38368e-08 5.11949e-08 2.6678e-08 1.31276e-08 5.98255e-09 2.42983e-09 7.96045e-10 1.25946e-10 -1.00311e-10 -1.49886e-10 -1.50596e-10</coefficients></responseFIR><responseFIR publicID="NRL/Nanometrics/Centaur_FV40Vpp_FR40_DFOff_FPLinear/4" name="NRL/Nanometrics/Centaur_FV40Vpp_FR40_DFOff_FPLinear/4"><gain>1</gain><gainFrequency>0</gainFrequency><decimationFactor>5</decimationFactor><delay>35</delay><correction>35</correction><numberOfCoefficients>71</numberOfCoefficients><symmetry>A</symmetry><coefficients>-1.40023e-08 -1.25506e-07 -6.07492e-07 -2.04687e-06 -5.23635e-06 -1.04277e-05 -1.56651e-05 -1.46714e-05 3.8669e-06 5.25492e-05 0.000134545 0.000227329 0.000269409 0.000165389 -0.000175421 -0.000764991 -0.00145211 -0.00188164 -0.00156238 -7.9306e-05 0.00258844 0.00577767 0.0080777 0.00766531 0.00306602 -0.00585956 -0.0171185 -0.0264597 -0.0282353 -0.0171838 0.0093947 0.0499107 0.0980348 0.14394 0.176996 0.189035 0.176996 0.14394 0.0980348 0.0499107 0.0093947 -0.0171838 -0.0282353 -0.0264597 -0.0171185 -0.00585956 0.00306602 0.00766531 0.0080777 0.00577767 0.00258844 -7.9306e-05 -0.00156238 -0.00188164 -0.00145211 -0.000764991 -0.000175421 0.000165389 0.000269409 0.000227329 0.000134545 5.25492e-05 3.8669e-06 -1.46714e-05 -1.56651e-05 -1.04277e-05 -5.23635e-06 -2.04687e-06 -6.07492e-07 -1.25506e-07 -1.40023e-08</coefficients></responseFIR><responseFIR publicID="NRL/Nanometrics/Centaur_FV40Vpp_FR40_DFOff_FPLinear/5" name="NRL/Nanometrics/Centaur_FV40Vpp_FR40_DFOff_FPLinear/5"><gain>1</gain><gainFrequency>0</gainFrequency><decimationFactor>5</decimationFactor><delay>56</delay><correction>56</correction><numberOfCoefficients>113</numberOfCoefficients><symmetry>A</symmetry><coefficients>3.62415e-09 1.47022e-08 2.92465e-08 1.67582e-08 -9.45969e-08 -4.00529e-07 -9.37365e-07 -1.53043e-06 -1.64599e-06 -4.0787e-07 3.03009e-06 8.68599e-06 1.4766e-05 1.71368e-05 1.01281e-05 -1.07286e-05 -4.43965e-05 -8.0298e-05 -9.76176e-05 -7.09487e-05 1.69209e-05 0.000158508 0.000309494 0.00039128 0.000315589 2.91906e-05 -0.000436272 -0.000935417 -0.00122839 -0.00106147 -0.000293982 0.000975648 0.00235245 0.00321558 0.00293343 0.00117105 -0.00182955 -0.00514565 -0.00736121 -0.00705636 -0.00346766 0.00293511 0.0102486 0.0155183 0.0157062 0.00898786 -0.00408117 -0.0200454 -0.033035 -0.0362846 -0.0243088 0.00495879 0.0488452 0.100015 0.148075 0.182311 0.194711 0.182311 0.148075 0.100015 0.0488452 0.00495879 -0.0243088 -0.0362846 -0.033035 -0.0200454 -0.00408117 0.00898786 0.0157062 0.0155183 0.0102486 0.00293511 -0.00346766 -0.00705636 -0.00736121 -0.00514565 -0.00182955 0.00117105 0.00293343 0.00321558 0.00235245 0.000975648 -0.000293982 -0.00106147 -0.00122839 -0.000935417 -0.000436272 2.91906e-05 0.000315589 0.00039128 0.000309494 0.000158508 1.69209e-05 -7.09487e-05 -9.76176e-05 -8.0298e-05 -4.43965e-05 -1.07286e-05 1.01281e-05 1.71368e-05 1.4766e-05 8.68599e-06 3.03009e-06 -4.0787e-07 -1.64599e-06 -1.53043e-06 -9.37365e-07 -4.00529e-07 -9.45969e-08 1.67582e-08 2.92465e-08 1.47022e-08 3.62415e-09</coefficients></responseFIR><responseFIR publicID="NRL/Nanometrics/Centaur_FV40Vpp_FR40_DFOff_FPLinear/6" name="NRL/Nanometrics/Centaur_FV40Vpp_FR40_DFOff_FPLinear/6"><gain>1</gain><gainFrequency>0</gainFrequency><decimationFactor>2</decimationFactor><delay>111</delay><correction>111</correction><numberOfCoefficients>223</numberOfCoefficients><symmetry>A</symmetry><coefficients>-2.4877e-10 4.73744e-09 1.24032e-08 2.18423e-09 -2.9735e-08 -2.7741e-08 4.8235e-08 9.04852e-08 -4.3772e-08 -2.02925e-07 -2.93251e-08 3.57677e-07 2.38076e-07 -5.05054e-07 -6.56661e-07 5.29514e-07 1.33303e-06 -2.35391e-07 -2.23456e-06 -6.43189e-07 3.17885e-06 2.39189e-06 -3.76643e-06 -5.21313e-06 3.34388e-06 9.06984e-06 -1.0342e-06 -1.34948e-05 -4.1282e-06 1.74081e-05 1.29325e-05 -1.90112e-05 -2.55982e-05 1.58385e-05 4.12985e-05 -5.05136e-06 -5.76943e-05 -1.59734e-05 7.06232e-05 4.87621e-05 -7.41183e-05 -9.2656e-05 6.09281e-05 0.000143704 -2.36571e-05 -0.000193818 -4.34607e-05 0.000230529 0.0001423 -0.000237697 -0.00026842 0.00019742 0.000408986 -9.32264e-05 -0.000541667 -8.56506e-05 0.000635146 0.000339424 -0.000651794 -0.000653162 0.000552734 0.000993533 -0.000305133 -0.00130802 -0.000108987 0.00152764 0.000683646 -0.00157381 -0.00138119 0.00136932 0.00212784 -0.000852739 -0.00281433 -5.43598e-06 0.00330293 0.00118724 -0.00344149 -0.00261502 0.00308386 0.00414554 -0.00211493 -0.00557267 0.000477543 0.00664017 0.00180254 -0.00706464 -0.00459738 0.00656694 0.0076669 -0.00490895 -0.0106603 0.00193106 0.0131289 0.00241487 -0.0145476 -0.00804248 0.0143373 0.0147221 -0.0118736 -0.0220889 0.00645106 0.0296694 0.00287172 -0.0369222 -0.0177763 0.0432915 0.0424836 -0.0482648 -0.0928087 0.0514286 0.313777 0.447486 0.313777 0.0514286 -0.0928087 -0.0482648 0.0424836 0.0432915 -0.0177763 -0.0369222 0.00287172 0.0296694 0.00645106 -0.0220889 -0.0118736 0.0147221 0.0143373 -0.00804248 -0.0145476 0.00241487 0.0131289 0.00193106 -0.0106603 -0.00490895 0.0076669 0.00656694 -0.00459738 -0.00706464 0.00180254 0.00664017 0.000477543 -0.00557267 -0.00211493 0.00414554 0.00308386 -0.00261502 -0.00344149 0.00118724 0.00330293 -5.43598e-06 -0.00281433 -0.000852739 0.00212784 0.00136932 -0.00138119 -0.00157381 0.000683646 0.00152764 -0.000108987 -0.00130802 -0.000305133 0.000993533 0.000552734 -0.000653162 -0.000651794 0.000339424 0.000635146 -8.56506e-05 -0.000541667 -9.32264e-05 0.000408986 0.00019742 -0.00026842 -0.000237697 0.0001423 0.000230529 -4.34607e-05 -0.000193818 -2.36571e-05 0.000143704 6.09281e-05 -9.2656e-05 -7.41183e-05 4.87621e-05 7.06232e-05 -1.59734e-05 -5.76943e-05 -5.05136e-06 4.12985e-05 1.58385e-05 -2.55982e-05 -1.90112e-05 1.29325e-05 1.74081e-05 -4.1282e-06 -1.34948e-05 -1.0342e-06 9.06984e-06 3.34388e-06 -5.21313e-06 -3.76643e-06 2.39189e-06 3.17885e-06 -6.43189e-07 -2.23456e-06 -2.35391e-07 1.33303e-06 5.29514e-07 -6.56661e-07 -5.05054e-07 2.38076e-07 3.57677e-07 -2.93251e-08 -2.02925e-07 -4.3772e-08 9.04852e-08 4.8235e-08 -2.7741e-08 -2.9735e-08 2.18423e-09 1.24032e-08 4.73744e-09 -2.4877e-10</coefficients></responseFIR><responseFIR publicID="NRL/Nanometrics/Centaur_FV40Vpp_FR100_DFOff_FPLinear/3" name="NRL/Nanometrics/Centaur_FV40Vpp_FR100_DFOff_FPLinear/3"><gain>1</gain><gainFrequency>0</gainFrequency><decimationFactor>15</decimationFactor><delay>81.999</delay><correction>81.999</correction><numberOfCoefficients>165</numberOfCoefficients><symmetry>A</symmetry><coefficients>-4.04791e-10 -1.39029e-10 6.728e-10 2.75797e-09 7.54651e-09 1.76668e-08 3.76936e-08 7.52313e-08 1.42425e-07 2.57999e-07 4.49904e-07 7.58655e-07 1.24139e-06 1.97658e-06 3.06939e-06 4.65728e-06 6.91569e-06 1.00631e-05 1.43649e-05 2.0135e-05 2.77346e-05 3.75661e-05 5.00617e-05 6.56652e-05 8.48049e-05 0.000107859 0.000135108 0.000166685 0.000202505 0.0002422 0.000285038 0.00032985 0.000374956 0.000418099 0.0004564 0.000486339 0.000503757 0.000503913 0.00048158 0.000431195 0.000347068 0.000223655 5.58818e-05 -0.000160475 -0.000428365 -0.000749008 -0.00112143 -0.00154201 -0.00200406 -0.00249746 -0.00300841 -0.00351925 -0.00400852 -0.00445107 -0.00481847 -0.00507953 -0.00520107 -0.00514889 -0.00488884 -0.00438813 -0.00361664 -0.0025484 -0.00116293 0.00055335 0.00260595 0.00499129 0.00769592 0.0106961 0.0139576 0.0174363 0.0210783 0.0248217 0.0285976 0.0323318 0.0359474 0.0393664 0.0425127 0.0453141 0.0477047 0.0496275 0.0510357 0.0518947 0.0521834 0.0518947 0.0510357 0.0496275 0.0477047 0.0453141 0.0425127 0.0393664 0.0359474 0.0323318 0.0285976 0.0248217 0.0210783 0.0174363 0.0139576 0.0106961 0.00769592 0.00499129 0.00260595 0.00055335 -0.00116293 -0.0025484 -0.00361664 -0.00438813 -0.00488884 -0.00514889 -0.00520107 -0.00507953 -0.00481847 -0.00445107 -0.00400852 -0.00351925 -0.00300841 -0.00249746 -0.00200406 -0.00154201 -0.00112143 -0.000749008 -0.000428365 -0.000160475 5.58818e-05 0.000223655 0.000347068 0.000431195 0.00048158 0.000503913 0.000503757 0.000486339 0.0004564 0.000418099 0.000374956 0.00032985 0.000285038 0.0002422 0.000202505 0.000166685 0.000135108 0.000107859 8.48049e-05 6.56652e-05 5.00617e-05 3.75661e-05 2.77346e-05 2.0135e-05 1.43649e-05 1.00631e-05 6.91569e-06 4.65728e-06 3.06939e-06 1.97658e-06 1.24139e-06 7.58655e-07 4.49904e-07 2.57999e-07 1.42425e-07 7.52313e-08 3.76936e-08 1.76668e-08 7.54651e-09 2.75797e-09 6.728e-10 -1.39029e-10 -4.04791e-10</coefficients></responseFIR><responseFIR publicID="NRL/Nanometrics/Centaur_FV40Vpp_FR100_DFOff_FPLinear/4" name="NRL/Nanometrics/Centaur_FV40Vpp_FR100_DFOff_FPLinear/4"><gain>1</gain><gainFrequency>0</gainFrequency><decimationFactor>10</decimationFactor><delay>93</delay><correction>93</correction><numberOfCoefficients>187</numberOfCoefficients><symmetry>A</symmetry><coefficients>8.46923e-10 2.27422e-09 4.53895e-09 6.87379e-09 7.10904e-09 7.62784e-10 -1.98301e-08 -6.60994e-08 -1.53114e-07 -2.98249e-07 -5.18152e-07 -8.23636e-07 -1.21248e-06 -1.66056e-06 -2.11247e-06 -2.47353e-06 -2.60562e-06 -2.33013e-06 -1.44098e-06 2.69804e-07 2.97271e-06 6.74886e-06 1.15296e-05 1.70354e-05 2.27248e-05 2.7767e-05 3.10537e-05 3.1263e-05 2.69861e-05 1.69189e-05 1.11177e-07 -2.37456e-05 -5.40267e-05 -8.89227e-05 -0.000125282 -0.000158604 -0.000183236 -0.000192798 -0.000180864 -0.00014185 -7.2067e-05 2.91938e-05 0.000158666 0.000308386 0.000465422 0.000612198 0.000727547 0.000788512 0.000772858 0.000662123 0.000444926 0.000120161 -0.000300369 -0.00079036 -0.00130887 -0.00180202 -0.00220662 -0.00245579 -0.00248619 -0.00224631 -0.00170503 -0.000859463 0.000259011 0.00158157 0.0030025 0.00438414 0.00556632 0.00638 0.0066644 0.00628604 0.00515814 0.0032582 0.000641682 -0.00255018 -0.00609007 -0.0096727 -0.0129317 -0.0154643 -0.0168626 -0.016749 -0.0148125 -0.0108425 -0.00475778 0.00337489 0.0133318 0.0247374 0.0370817 0.0497507 0.062067 0.0733368 0.0829015 0.0901866 0.0947463 0.0962985 0.0947463 0.0901866 0.0829015 0.0733368 0.062067 0.0497507 0.0370817 0.0247374 0.0133318 0.00337489 -0.00475778 -0.0108425 -0.0148125 -0.016749 -0.0168626 -0.0154643 -0.0129317 -0.0096727 -0.00609007 -0.00255018 0.000641682 0.0032582 0.00515814 0.00628604 0.0066644 0.00638 0.00556632 0.00438414 0.0030025 0.00158157 0.000259011 -0.000859463 -0.00170503 -0.00224631 -0.00248619 -0.00245579 -0.00220662 -0.00180202 -0.00130887 -0.00079036 -0.000300369 0.000120161 0.000444926 0.000662123 0.000772858 0.000788512 0.000727547 0.000612198 0.000465422 0.000308386 0.000158666 2.91938e-05 -7.2067e-05 -0.00014185 -0.000180864 -0.000192798 -0.000183236 -0.000158604 -0.000125282 -8.89227e-05 -5.40267e-05 -2.37456e-05 1.11177e-07 1.69189e-05 2.69861e-05 3.1263e-05 3.10537e-05 2.7767e-05 2.27248e-05 1.70354e-05 1.15296e-05 6.74886e-06 2.97271e-06 2.69804e-07 -1.44098e-06 -2.33013e-06 -2.60562e-06 -2.47353e-06 -2.11247e-06 -1.66056e-06 -1.21248e-06 -8.23636e-07 -5.18152e-07 -2.98249e-07 -1.53114e-07 -6.60994e-08 -1.98301e-08 7.62784e-10 7.10904e-09 6.87379e-09 4.53895e-09 2.27422e-09 8.46923e-10</coefficients></responseFIR><responseFIR publicID="NRL/Nanometrics/Centaur_FV40Vpp_FR100_DFOff_FPLinear/5" name="NRL/Nanometrics/Centaur_FV40Vpp_FR100_DFOff_FPLinear/5"><gain>1</gain><gainFrequency>0</gainFrequency><decimationFactor>2</decimationFactor><delay>111</delay><correction>111</correction><numberOfCoefficients>223</numberOfCoefficients><symmetry>A</symmetry><coefficients>-2.4877e-10 4.73744e-09 1.24032e-08 2.18423e-09 -2.9735e-08 -2.7741e-08 4.8235e-08 9.04852e-08 -4.3772e-08 -2.02925e-07 -2.93251e-08 3.57677e-07 2.38076e-07 -5.05054e-07 -6.56661e-07 5.29514e-07 1.33303e-06 -2.35391e-07 -2.23456e-06 -6.43189e-07 3.17885e-06 2.39189e-06 -3.76643e-06 -5.21313e-06 3.34388e-06 9.06984e-06 -1.0342e-06 -1.34948e-05 -4.1282e-06 1.74081e-05 1.29325e-05 -1.90112e-05 -2.55982e-05 1.58385e-05 4.12985e-05 -5.05136e-06 -5.76943e-05 -1.59734e-05 7.06232e-05 4.87621e-05 -7.41183e-05 -9.2656e-05 6.09281e-05 0.000143704 -2.36571e-05 -0.000193818 -4.34607e-05 0.000230529 0.0001423 -0.000237697 -0.00026842 0.00019742 0.000408986 -9.32264e-05 -0.000541667 -8.56506e-05 0.000635146 0.000339424 -0.000651794 -0.000653162 0.000552734 0.000993533 -0.000305133 -0.00130802 -0.000108987 0.00152764 0.000683646 -0.00157381 -0.00138119 0.00136932 0.00212784 -0.000852739 -0.00281433 -5.43598e-06 0.00330293 0.00118724 -0.00344149 -0.00261502 0.00308386 0.00414554 -0.00211493 -0.00557267 0.000477543 0.00664017 0.00180254 -0.00706464 -0.00459738 0.00656694 0.0076669 -0.00490895 -0.0106603 0.00193106 0.0131289 0.00241487 -0.0145476 -0.00804248 0.0143373 0.0147221 -0.0118736 -0.0220889 0.00645106 0.0296694 0.00287172 -0.0369222 -0.0177763 0.0432915 0.0424836 -0.0482648 -0.0928087 0.0514286 0.313777 0.447486 0.313777 0.0514286 -0.0928087 -0.0482648 0.0424836 0.0432915 -0.0177763 -0.0369222 0.00287172 0.0296694 0.00645106 -0.0220889 -0.0118736 0.0147221 0.0143373 -0.00804248 -0.0145476 0.00241487 0.0131289 0.00193106 -0.0106603 -0.00490895 0.0076669 0.00656694 -0.00459738 -0.00706464 0.00180254 0.00664017 0.000477543 -0.00557267 -0.00211493 0.00414554 0.00308386 -0.00261502 -0.00344149 0.00118724 0.00330293 -5.43598e-06 -0.00281433 -0.000852739 0.00212784 0.00136932 -0.00138119 -0.00157381 0.000683646 0.00152764 -0.000108987 -0.00130802 -0.000305133 0.000993533 0.000552734 -0.000653162 -0.000651794 0.000339424 0.000635146 -8.56506e-05 -0.000541667 -9.32264e-05 0.000408986 0.00019742 -0.00026842 -0.000237697 0.0001423 0.000230529 -4.34607e-05 -0.000193818 -2.36571e-05 0.000143704 6.09281e-05 -9.2656e-05 -7.41183e-05 4.87621e-05 7.06232e-05 -1.59734e-05 -5.76943e-05 -5.05136e-06 4.12985e-05 1.58385e-05 -2.55982e-05 -1.90112e-05 1.29325e-05 1.74081e-05 -4.1282e-06 -1.34948e-05 -1.0342e-06 9.06984e-06 3.34388e-06 -5.21313e-06 -3.76643e-06 2.39189e-06 3.17885e-06 -6.43189e-07 -2.23456e-06 -2.35391e-07 1.33303e-06 5.29514e-07 -6.56661e-07 -5.05054e-07 2.38076e-07 3.57677e-07 -2.93251e-08 -2.02925e-07 -4.3772e-08 9.04852e-08 4.8235e-08 -2.7741e-08 -2.9735e-08 2.18423e-09 1.24032e-08 4.73744e-09 -2.4877e-10</coefficients></responseFIR><network publicID="Network#20150806153749.459864.2" code="IA"><start>1980-01-01T00:00:00.0000Z</start><description>BMG-Net, Indonesia (IA-Net)</description><institutions>BMG</institutions><region>Indonesia</region><type>BB</type><netClass>p</netClass><archive>GFZ</archive><restricted>true</restricted><shared>false</shared><station publicID="Station#20221013102058.681936.14774" code="PBMSI"><start>2022-09-22T07:45:29.525Z</start><description>Station Type A, Poigar, Bolaang Mongondow, Sulawesi Utara</description><latitude>0.995298</latitude><longitude>124.282277</longitude><elevation>88</elevation><place>Bolaang Mongondow</place><country>Indonesia</country><restricted>true</restricted><shared>false</shared><sensorLocation publicID="SensorLocation#20221013102058.884211.59775" code=""><start>2022-09-22T07:45:29.525Z</start><latitude>0.995298</latitude><longitude>124.282277</longitude><elevation>88</elevation><stream publicID="Stream#20221013102058.885198.47613" code="SHZ" datalogger="NRL/Nanometrics/Centaur_FV40Vpp_FR40_DFOff_FPLinear" sensor="NRL/Nanometrics/Trillium120PH_EG3_SG1203_LP120_STgroundVel"><start>2022-09-22T07:45:29.525Z</start><dataloggerSerialNumber>xxxx</dataloggerSerialNumber><dataloggerChannel>0</dataloggerChannel><sensorSerialNumber>yyyy</sensorSerialNumber><sensorChannel>0</sensorChannel><sampleRateNumerator>40</sampleRateNumerator><sampleRateDenominator>1</sampleRateDenominator><depth>0</depth><azimuth>0</azimuth><dip>-90</dip><gain>481000000</gain><gainFrequency>1</gainFrequency><gainUnit>m/s</gainUnit><restricted>true</restricted><shared>true</shared></stream><stream publicID="Stream#20221013102058.885208.22952" code="SHN" datalogger="NRL/Nanometrics/Centaur_FV40Vpp_FR40_DFOff_FPLinear" sensor="NRL/Nanometrics/Trillium120PH_EG3_SG1203_LP120_STgroundVel"><start>2022-09-22T07:45:29.525Z</start><dataloggerSerialNumber>xxxx</dataloggerSerialNumber><dataloggerChannel>1</dataloggerChannel><sensorSerialNumber>yyyy</sensorSerialNumber><sensorChannel>1</sensorChannel><sampleRateNumerator>40</sampleRateNumerator><sampleRateDenominator>1</sampleRateDenominator><depth>0</depth><azimuth>0</azimuth><dip>0</dip><gain>481000000</gain><gainFrequency>1</gainFrequency><gainUnit>m/s</gainUnit><restricted>true</restricted><shared>true</shared></stream><stream publicID="Stream#20221013102058.885215.18936" code="SHE" datalogger="NRL/Nanometrics/Centaur_FV40Vpp_FR40_DFOff_FPLinear" sensor="NRL/Nanometrics/Trillium120PH_EG3_SG1203_LP120_STgroundVel"><start>2022-09-22T07:45:29.525Z</start><dataloggerSerialNumber>xxxx</dataloggerSerialNumber><dataloggerChannel>2</dataloggerChannel><sensorSerialNumber>yyyy</sensorSerialNumber><sensorChannel>2</sensorChannel><sampleRateNumerator>40</sampleRateNumerator><sampleRateDenominator>1</sampleRateDenominator><depth>0</depth><azimuth>90</azimuth><dip>0</dip><gain>481000000</gain><gainFrequency>1</gainFrequency><gainUnit>m/s</gainUnit><restricted>true</restricted><shared>true</shared></stream><stream publicID="Stream#20221013102058.885223.1048" code="HNE" datalogger="NRL/Nanometrics/Centaur_FV40Vpp_FR100_DFOff_FPLinear" sensor="NRL/Nanometrics/Titan_CG4g_FV20Vp_OWDifferential_HF430_SG0.510_STgroundAccel"><start>2022-09-22T07:45:29.525Z</start><dataloggerSerialNumber>xxxx</dataloggerSerialNumber><dataloggerChannel>2</dataloggerChannel><sensorSerialNumber>yyyy</sensorSerialNumber><sensorChannel>2</sensorChannel><sampleRateNumerator>100</sampleRateNumerator><sampleRateDenominator>1</sampleRateDenominator><depth>0</depth><azimuth>90</azimuth><dip>0</dip><gain>204000</gain><gainFrequency>1</gainFrequency><gainUnit>m/s</gainUnit><restricted>true</restricted><shared>true</shared></stream><stream publicID="Stream#20221013102058.88523.18476" code="HNN" datalogger="NRL/Nanometrics/Centaur_FV40Vpp_FR100_DFOff_FPLinear" sensor="NRL/Nanometrics/Titan_CG4g_FV20Vp_OWDifferential_HF430_SG0.510_STgroundAccel"><start>2022-09-22T07:45:29.525Z</start><dataloggerSerialNumber>xxxx</dataloggerSerialNumber><dataloggerChannel>1</dataloggerChannel><sensorSerialNumber>yyyy</sensorSerialNumber><sensorChannel>1</sensorChannel><sampleRateNumerator>100</sampleRateNumerator><sampleRateDenominator>1</sampleRateDenominator><depth>0</depth><azimuth>0</azimuth><dip>0</dip><gain>204000</gain><gainFrequency>1</gainFrequency><gainUnit>m/s</gainUnit><restricted>true</restricted><shared>true</shared></stream><stream publicID="Stream#20221013102058.885236.35619" code="HNZ" datalogger="NRL/Nanometrics/Centaur_FV40Vpp_FR100_DFOff_FPLinear" sensor="NRL/Nanometrics/Titan_CG4g_FV20Vp_OWDifferential_HF430_SG0.510_STgroundAccel"><start>2022-09-22T07:45:29.525Z</start><dataloggerSerialNumber>xxxx</dataloggerSerialNumber><dataloggerChannel>0</dataloggerChannel><sensorSerialNumber>yyyy</sensorSerialNumber><sensorChannel>0</sensorChannel><sampleRateNumerator>100</sampleRateNumerator><sampleRateDenominator>1</sampleRateDenominator><depth>0</depth><azimuth>0</azimuth><dip>-90</dip><gain>204000</gain><gainFrequency>1</gainFrequency><gainUnit>m/s</gainUnit><restricted>true</restricted><shared>true</shared></stream></sensorLocation></station></network></Inventory></seiscomp>
