<?xml version="1.0" encoding="UTF-8"?>
<seiscomp xmlns="http://geofon.gfz-potsdam.de/ns/seiscomp3-schema/0.13" version="0.13"><Inventory><sensor publicID="NRL/Kinemetrics/Episensor.DC_200.20VDF.2G" name="Kinemetrics/Episensor.DC_200.20VDF.2G" response="NRL/Kinemetrics/Episensor.DC_200.20VDF.2G/1"><model>Episensor (ES-T, ES-U, ES-U2, DS-DH, SBEPI)</model><manufacturer>Kinemetrics</manufacturer><unit>M/S**2</unit></sensor><sensor publicID="NRL/Streckeisen/STS2_gen3.120.1500" name="Streckeisen/STS2_gen3.120.1500" response="NRL/Streckeisen/STS2_gen3.120.1500/1"><model>STS-2</model><manufacturer>Streckeisen</manufacturer><unit>M/S</unit></sensor><datalogger publicID="NRL/Quanterra/Q330Splus.1.1.below100" name="Quanterra/Q330Splus.1.1.below100"><digitizerManufacturer>Quanterra</digitizerManufacturer><recorderManufacturer>Quanterra</recorderManufacturer><gain>1</gain><maxClockDrift>0.1</maxClockDrift><decimation sampleRateNumerator="1" sampleRateDenominator="1"><digitalFilterChain>NRL/Quanterra/Q330Splus.1.1.below100/3 NRL/Quanterra/Q330Splus.1.1.below100/4</digitalFilterChain></decimation></datalogger><datalogger publicID="NRL/Quanterra/Q330Splus.1.0_1.below100" name="Quanterra/Q330Splus.1.0_1.below100"><digitizerManufacturer>Quanterra</digitizerManufacturer><recorderManufacturer>Quanterra</recorderManufacturer><gain>1</gain><maxClockDrift>0.1</maxClockDrift><decimation sampleRateNumerator="1" sampleRateDenominator="10"><digitalFilterChain>NRL/Quanterra/Q330Splus.1.0_1.below100/3 NRL/Quanterra/Q330Splus.1.0_1.below100/4 NRL/Quanterra/Q330Splus.1.0_1.below100/5</digitalFilterChain></decimation></datalogger><datalogger publicID="NRL/Quanterra/Q330Splus.1.20.below100" name="Quanterra/Q330Splus.1.20.below100"><digitizerManufacturer>Quanterra</digitizerManufacturer><recorderManufacturer>Quanterra</recorderManufacturer><gain>1</gain><maxClockDrift>0.1</maxClockDrift><decimation sampleRateNumerator="20" sampleRateDenominator="1"><digitalFilterChain>NRL/Quanterra/Q330Splus.1.20.below100/3 NRL/Quanterra/Q330Splus.1.20.below100/4</digitalFilterChain></decimation></datalogger><datalogger publicID="NRL/Quanterra/Q330.SR.1.50.below100" name="Quanterra/Q330.SR.1.50.below100"><digitizerManufacturer>Quanterra</digitizerManufacturer><recorderManufacturer>Quanterra</recorderManufacturer><gain>1</gain><maxClockDrift>0.1</maxClockDrift><decimation sampleRateNumerator="50" sampleRateDenominator="1"><digitalFilterChain>NRL/Quanterra/Q330.SR.1.50.below100/3 NRL/Quanterra/Q330.SR.1.50.below100/4</digitalFilterChain></decimation></datalogger><datalogger publicID="NRL/Quanterra/Q330.SR.1.20.below100" name="Quanterra/Q330.SR.1.20.below100"><description>Quanterra/Q330.SR.1.20.below100</description><digitizerModel>Q330SR</digitizerModel><digitizerManufacturer>Quanterra</digitizerManufacturer><recorderModel>Q330SR</recorderModel><recorderManufacturer>Quanterra</recorderManufacturer><gain>1</gain><remark>Quanterra/Q330.SR.1.20.below100</remark><decimation sampleRateNumerator="20" sampleRateDenominator="1"><digitalFilterChain>NRL/Quanterra/Q330.SR.1.20.below100/3 NRL/Quanterra/Q330.SR.1.20.below100/4</digitalFilterChain></decimation></datalogger><datalogger publicID="NRL/Quanterra/Q330.SR.1.0_1.below100.dec10" name="Quanterra/Q330.SR.1.0_1.below100.dec10"><digitizerManufacturer>Quanterra</digitizerManufacturer><recorderManufacturer>Quanterra</recorderManufacturer><gain>1</gain><maxClockDrift>0.1</maxClockDrift><decimation sampleRateNumerator="1" sampleRateDenominator="10"><digitalFilterChain>NRL/Quanterra/Q330.SR.1.0_1.below100.dec10/3 NRL/Quanterra/Q330.SR.1.0_1.below100.dec10/4 NRL/Quanterra/Q330.SR.1.0_1.below100.dec10/5</digitalFilterChain></decimation></datalogger><datalogger publicID="NRL/Quanterra/Q330.SR.1.1.below100" name="Quanterra/Q330.SR.1.1.below100"><digitizerManufacturer>Quanterra</digitizerManufacturer><recorderManufacturer>Quanterra</recorderManufacturer><gain>1</gain><decimation sampleRateNumerator="1" sampleRateDenominator="1"><digitalFilterChain>NRL/Quanterra/Q330.SR.1.1.below100/3 NRL/Quanterra/Q330.SR.1.1.below100/4</digitalFilterChain></decimation></datalogger><datalogger publicID="NRL/Quanterra/Q330Splus.1.50.below100" name="Quanterra/Q330Splus.1.50.below100"><digitizerManufacturer>Quanterra</digitizerManufacturer><recorderManufacturer>Quanterra</recorderManufacturer><gain>1</gain><maxClockDrift>0.1</maxClockDrift><decimation sampleRateNumerator="50" sampleRateDenominator="1"><digitalFilterChain>NRL/Quanterra/Q330Splus.1.50.below100/3 NRL/Quanterra/Q330Splus.1.50.below100/4</digitalFilterChain></decimation></datalogger><responsePAZ publicID="NRL/Kinemetrics/Episensor.DC_200.20VDF.2G/1" name="NRL/Kinemetrics/Episensor.DC_200.20VDF.2G/1"><type>A</type><gain>1.0197</gain><gainFrequency>1</gainFrequency><normalizationFactor>24595700000000</normalizationFactor><normalizationFrequency>1</normalizationFrequency><numberOfZeros>0</numberOfZeros><numberOfPoles>4</numberOfPoles><poles>(-981,1009) (-981,-1009) (-3290,1263) (-3290,-1263)</poles></responsePAZ><responsePAZ publicID="NRL/Streckeisen/STS2_gen3.120.1500/1" name="NRL/Streckeisen/STS2_gen3.120.1500/1"><type>A</type><gain>1500</gain><gainFrequency>1</gainFrequency><normalizationFactor>3.4684e+17</normalizationFactor><normalizationFrequency>1</normalizationFrequency><numberOfZeros>6</numberOfZeros><numberOfPoles>11</numberOfPoles><zeros>(0,0) (0,0) (-15.15,0) (-176.6,0) (-463.1,-430.5) (-463.1,430.5)</zeros><poles>(-0.037,-0.037) (-0.037,0.037) (-15.64,0) (-97.34,-400.7) (-97.34,400.7) (-374.8,0) (-520.3,0) (-10530,-10050) (-10530,10050) (-13300,0) (-255.097,0)</poles></responsePAZ><responseFIR publicID="NRL/Quanterra/Q330Splus.1.1.below100/3" name="NRL/Quanterra/Q330Splus.1.1.below100/3"><gain>419430</gain><decimationFactor>1</decimationFactor><delay>0</delay><correction>0</correction><numberOfCoefficients>1</numberOfCoefficients><symmetry>A</symmetry><coefficients>1</coefficients></responseFIR><responseFIR publicID="NRL/Quanterra/Q330Splus.1.1.below100/4" name="NRL/Quanterra/Q330Splus.1.1.below100/4"><gain>1</gain><decimationFactor>1</decimationFactor><delay>15.92814</delay><correction>15.92814</correction><numberOfCoefficients>32</numberOfCoefficients><symmetry>A</symmetry><coefficients>-9.72637e-17 -7.99021e-14 -5.86056e-10 -1.18207e-07 -4.1519e-08 0.000199725 0.00101659 -0.00217157 -0.00734242 0.00957533 0.00389306 -0.0323439 0.0419374 0.0099478 -0.133256 0.284433 0.695101 0.233131 -0.136077 0.0233996 0.0343515 -0.0325296 0.00692147 0.00782101 -0.00753023 -0.00161951 0.000985191 0.000158045 -8.01983e-07 -1.00294e-07 -6.06239e-11 2.47147e-13</coefficients></responseFIR><responseFIR publicID="NRL/Quanterra/Q330Splus.1.0_1.below100/3" name="NRL/Quanterra/Q330Splus.1.0_1.below100/3"><gain>419430</gain><decimationFactor>1</decimationFactor><delay>0</delay><correction>0</correction><numberOfCoefficients>1</numberOfCoefficients><symmetry>A</symmetry><coefficients>1</coefficients></responseFIR><responseFIR publicID="NRL/Quanterra/Q330Splus.1.0_1.below100/4" name="NRL/Quanterra/Q330Splus.1.0_1.below100/4"><gain>1</gain><decimationFactor>1</decimationFactor><delay>15.92814</delay><correction>15.92814</correction><numberOfCoefficients>32</numberOfCoefficients><symmetry>A</symmetry><coefficients>-9.72637e-17 -7.99021e-14 -5.86056e-10 -1.18207e-07 -4.1519e-08 0.000199725 0.00101659 -0.00217157 -0.00734242 0.00957533 0.00389306 -0.0323439 0.0419374 0.0099478 -0.133256 0.284433 0.695101 0.233131 -0.136077 0.0233996 0.0343515 -0.0325296 0.00692147 0.00782101 -0.00753023 -0.00161951 0.000985191 0.000158045 -8.01983e-07 -1.00294e-07 -6.06239e-11 2.47147e-13</coefficients></responseFIR><responseFIR publicID="NRL/Quanterra/Q330Splus.1.0_1.below100/5" name="NRL/Quanterra/Q330Splus.1.0_1.below100/5"><gain>1</gain><decimationFactor>10</decimationFactor><delay>194</delay><correction>194</correction><numberOfCoefficients>389</numberOfCoefficients><symmetry>A</symmetry><coefficients>1.55257e-08 3.8384e-08 8.36278e-08 1.61186e-07 2.85529e-07 4.74546e-07 7.49337e-07 1.13359e-06 1.6524e-06 2.33043e-06 3.18934e-06 4.24447e-06 5.50072e-06 6.94779e-06 8.55482e-06 1.02648e-05 1.19892e-05 1.36025e-05 1.49384e-05 1.57873e-05 1.58956e-05 1.49681e-05 1.26736e-05 8.65377e-06 2.53672e-06 -6.0463e-06 -1.74398e-05 -3.19397e-05 -4.97668e-05 -7.10383e-05 -9.57401e-05 -0.0001237 -0.000154566 -0.000187789 -0.000222614 -0.000258082 -0.00029304 -0.00032617 -0.000356026 -0.000381084 -0.000399809 -0.000410725 -0.000412506 -0.000404052 -0.000384583 -0.000353717 -0.000311538 -0.000258654 -0.000196228 -0.000125981 -5.01752e-05 2.84483e-05 0.000106754 0.000181334 0.000248654 0.000305231 0.000347812 0.000373577 0.000380324 0.000366643 0.000332071 0.000277192 0.000203705 0.00011442 1.32066e-05 -9.51408e-05 -0.000205087 -0.000310607 -0.000405487 -0.000483661 -0.000539564 -0.000568496 -0.000566954 -0.000532927 -0.00046613 -0.000368151 -0.000242502 -9.4552e-05 6.86393e-05 0.000238619 0.000405933 0.000560615 0.000692738 0.00079301 0.000853373 0.000867573 0.000831665 0.000744416 0.000607567 0.000425942 0.000207374 -3.75593e-05 -0.000295984 -0.000553346 -0.000794183 -0.00100299 -0.00116518 -0.00126799 -0.00130143 -0.00125903 -0.0011385 -0.000942156 -0.000677031 -0.000354804 8.62953e-06 0.000393852 0.000778887 0.00114038 0.00145492 0.00170052 0.001858 0.00191236 0.00185399 0.00167957 0.00139265 0.00100391 0.000530922 -2.52846e-06 -0.000567484 -0.00113129 -0.0016594 -0.00211733 -0.00247284 -0.00269802 -0.0027713 -0.00267912 -0.00241727 -0.00199172 -0.00141887 -0.000725132 5.4052e-05 0.000875864 0.0016923 0.0024528 0.00310721 0.0036089 0.00391778 0.00400324 0.00384652 0.00344262 0.00280142 0.00194798 0.000921916 -0.00022411 -0.00142684 -0.00261561 -0.0037162 -0.00465514 -0.00536424 -0.00578501 -0.00587286 -0.00560064 -0.00496143 -0.0039702 -0.00266436 -0.00110296 0.000635413 0.00245606 0.00425271 0.00591303 0.00732487 0.00838286 0.00899505 0.00908925 0.00861855 0.00756594 0.00594744 0.00381363 0.00124948 -0.0016278 -0.00467264 -0.00771679 -0.0105765 -0.0130606 -0.0149804 -0.0161581 -0.0164372 -0.0156908 -0.0138296 -0.0108081 -0.0066288 -0.00134486 0.00494032 0.0120754 0.0198661 0.0280817 0.0364645 0.0447398 0.0526271 0.0598525 0.0661596 0.0713217 0.0751507 0.0775061 0.078301 0.0775061 0.0751507 0.0713217 0.0661596 0.0598525 0.0526271 0.0447398 0.0364645 0.0280817 0.0198661 0.0120754 0.00494032 -0.00134486 -0.0066288 -0.0108081 -0.0138296 -0.0156908 -0.0164372 -0.0161581 -0.0149804 -0.0130606 -0.0105765 -0.00771679 -0.00467264 -0.0016278 0.00124948 0.00381363 0.00594744 0.00756594 0.00861855 0.00908925 0.00899505 0.00838286 0.00732487 0.00591303 0.00425271 0.00245606 0.000635413 -0.00110296 -0.00266436 -0.0039702 -0.00496143 -0.00560064 -0.00587286 -0.00578501 -0.00536424 -0.00465514 -0.0037162 -0.00261561 -0.00142684 -0.00022411 0.000921916 0.00194798 0.00280142 0.00344262 0.00384652 0.00400324 0.00391778 0.0036089 0.00310721 0.0024528 0.0016923 0.000875864 5.4052e-05 -0.000725132 -0.00141887 -0.00199172 -0.00241727 -0.00267912 -0.0027713 -0.00269802 -0.00247284 -0.00211733 -0.0016594 -0.00113129 -0.000567484 -2.52846e-06 0.000530922 0.00100391 0.00139265 0.00167957 0.00185399 0.00191236 0.001858 0.00170052 0.00145492 0.00114038 0.000778887 0.000393852 8.62953e-06 -0.000354804 -0.000677031 -0.000942156 -0.0011385 -0.00125903 -0.00130143 -0.00126799 -0.00116518 -0.00100299 -0.000794183 -0.000553346 -0.000295984 -3.75593e-05 0.000207374 0.000425942 0.000607567 0.000744416 0.000831665 0.000867573 0.000853373 0.00079301 0.000692738 0.000560615 0.000405933 0.000238619 6.86393e-05 -9.4552e-05 -0.000242502 -0.000368151 -0.00046613 -0.000532927 -0.000566954 -0.000568496 -0.000539564 -0.000483661 -0.000405487 -0.000310607 -0.000205087 -9.51408e-05 1.32066e-05 0.00011442 0.000203705 0.000277192 0.000332071 0.000366643 0.000380324 0.000373577 0.000347812 0.000305231 0.000248654 0.000181334 0.000106754 2.84483e-05 -5.01752e-05 -0.000125981 -0.000196228 -0.000258654 -0.000311538 -0.000353717 -0.000384583 -0.000404052 -0.000412506 -0.000410725 -0.000399809 -0.000381084 -0.000356026 -0.00032617 -0.00029304 -0.000258082 -0.000222614 -0.000187789 -0.000154566 -0.0001237 -9.57401e-05 -7.10383e-05 -4.97668e-05 -3.19397e-05 -1.74398e-05 -6.0463e-06 2.53672e-06 8.65377e-06 1.26736e-05 1.49681e-05 1.58956e-05 1.57873e-05 1.49384e-05 1.36025e-05 1.19892e-05 1.02648e-05 8.55482e-06 6.94779e-06 5.50072e-06 4.24447e-06 3.18934e-06 2.33043e-06 1.6524e-06 1.13359e-06 7.49337e-07 4.74546e-07 2.85529e-07 1.61186e-07 8.36278e-08 3.8384e-08 1.55257e-08</coefficients></responseFIR><responseFIR publicID="NRL/Quanterra/Q330Splus.1.20.below100/3" name="NRL/Quanterra/Q330Splus.1.20.below100/3"><gain>419430</gain><decimationFactor>1</decimationFactor><delay>0</delay><correction>0</correction><numberOfCoefficients>1</numberOfCoefficients><symmetry>A</symmetry><coefficients>1</coefficients></responseFIR><responseFIR publicID="NRL/Quanterra/Q330Splus.1.20.below100/4" name="NRL/Quanterra/Q330Splus.1.20.below100/4"><gain>1</gain><decimationFactor>1</decimationFactor><delay>32.5628</delay><correction>32.5628</correction><numberOfCoefficients>69</numberOfCoefficients><symmetry>A</symmetry><coefficients>3.14925e-17 2.62765e-09 7.12189e-08 -2.70547e-07 -5.37041e-07 1.83289e-06 -5.53836e-07 -1.67684e-07 2.82045e-06 1.39859e-06 0.000136157 -3.9427e-05 -0.000752644 0.000433531 -0.000243227 -0.000633509 0.0017862 -0.00293341 0.00333774 -0.00229509 -0.000667453 0.00539807 -0.010899 0.0153221 -0.016309 0.0120836 -0.000965627 -0.0210779 0.0443118 -0.0693123 0.0880162 -0.0908908 0.0516499 0.835606 0.255871 -0.157921 0.102931 -0.0579131 0.0216679 0.00330506 -0.0204797 0.0235884 -0.0205243 0.0140238 -0.0064683 0.000171418 0.00367665 -0.00495492 0.00429615 -0.00267056 0.000952775 0.000232045 -0.000817288 0.000683789 -0.000674793 -0.000226504 0.000167633 1.5261e-05 7.20141e-07 1.4248e-06 -1.50185e-06 1.98271e-06 -1.38279e-07 -4.58007e-07 6.63706e-08 8.75629e-09 3.83481e-10 1.93269e-11 1.47229e-13</coefficients></responseFIR><responseFIR publicID="NRL/Quanterra/Q330.SR.1.50.below100/3" name="NRL/Quanterra/Q330.SR.1.50.below100/3"><gain>419430</gain><decimationFactor>1</decimationFactor><delay>0</delay><correction>0</correction><numberOfCoefficients>1</numberOfCoefficients><symmetry>A</symmetry><coefficients>1</coefficients></responseFIR><responseFIR publicID="NRL/Quanterra/Q330.SR.1.50.below100/4" name="NRL/Quanterra/Q330.SR.1.50.below100/4"><gain>1</gain><decimationFactor>1</decimationFactor><delay>26.553</delay><correction>26.553</correction><numberOfCoefficients>81</numberOfCoefficients><symmetry>A</symmetry><coefficients>6.91505e-16 9.98147e-07 8.98629e-05 0.000353686 -0.000319675 0.000239831 4.3433e-05 -0.000614038 0.00145024 -0.00241418 0.00324379 -0.00356528 0.00295628 -0.00104873 -0.00235349 0.00714658 -0.0128356 0.0184956 -0.0228036 0.0241435 -0.0207542 0.0108537 0.00737684 -0.0362805 0.0807303 -0.156379 0.596632 0.661616 -0.198503 0.059628 -0.0120156 -0.0203127 0.0348973 -0.0378304 0.034148 -0.0268187 0.0180545 -0.00968411 0.00192455 0.00227022 -0.00492995 0.00578354 -0.00527811 0.00401236 -0.00251217 0.00116612 -0.000191529 -0.000354995 0.000535582 -0.000481017 0.000418632 7.8096e-05 -5.47007e-06 -2.12376e-06 -6.62053e-07 7.23897e-07 1.01323e-06 -1.9292e-06 7.80123e-07 -7.88756e-07 5.81863e-07 3.22105e-08 -1.07638e-07 1.99955e-08 -7.05214e-08 -1.35764e-08 -3.31118e-08 1.55212e-08 -5.39556e-09 7.79127e-09 2.07592e-10 -9.32678e-10 1.85069e-09 -1.97386e-09 1.33428e-09 -6.31547e-10 6.99472e-11 1.14869e-10 -5.59561e-11 5.76057e-12 -5.48986e-12</coefficients></responseFIR><responseFIR publicID="NRL/Quanterra/Q330.SR.1.20.below100/3" name="NRL/Quanterra/Q330.SR.1.20.below100/3"><gain>419430</gain><gainFrequency>0.05</gainFrequency><decimationFactor>1</decimationFactor><delay>0</delay><correction>0</correction><numberOfCoefficients>1</numberOfCoefficients><symmetry>A</symmetry><coefficients>1</coefficients></responseFIR><responseFIR publicID="NRL/Quanterra/Q330.SR.1.20.below100/4" name="NRL/Quanterra/Q330.SR.1.20.below100/4"><gain>1</gain><gainFrequency>0.05</gainFrequency><decimationFactor>1</decimationFactor><delay>32.61</delay><correction>32.61</correction><numberOfCoefficients>67</numberOfCoefficients><symmetry>A</symmetry><coefficients>-3.65342e-17 3.67488e-08 -4.2706e-07 1.14502e-06 -1.87594e-07 -3.37274e-07 2.78747e-06 -3.74403e-06 5.41172e-06 7.47336e-06 -0.000517759 0.000210677 4.63258e-05 -0.000608222 0.00144175 -0.00240627 0.00322534 -0.00350639 0.00281441 -0.000771971 -0.00280512 0.00777805 -0.0135815 0.0191765 -0.0229704 0.0240398 -0.0220986 0.00860734 0.0117525 -0.0447787 0.0964923 -0.191755 0.527652 0.724167 -0.156905 0.0442574 0.00314168 -0.0266714 0.0361532 -0.0385687 0.0310842 -0.0235259 0.0153211 -0.00740398 0.00109645 0.00309797 -0.0051932 0.00556131 -0.0047611 0.00338213 -0.00192052 0.000715218 7.67719e-05 -0.000451897 0.0005027 -0.000565037 -5.568e-05 1.57736e-05 -1.41985e-06 8.14909e-07 6.80795e-07 -1.25273e-06 1.52435e-06 -2.83336e-07 -1.06384e-08 1.25712e-09 -5.42954e-11</coefficients></responseFIR><responseFIR publicID="NRL/Quanterra/Q330.SR.1.0_1.below100.dec10/3" name="NRL/Quanterra/Q330.SR.1.0_1.below100.dec10/3"><gain>419430</gain><decimationFactor>1</decimationFactor><delay>0</delay><correction>0</correction><numberOfCoefficients>1</numberOfCoefficients><symmetry>A</symmetry><coefficients>1</coefficients></responseFIR><responseFIR publicID="NRL/Quanterra/Q330.SR.1.0_1.below100.dec10/4" name="NRL/Quanterra/Q330.SR.1.0_1.below100.dec10/4"><gain>1</gain><decimationFactor>1</decimationFactor><delay>15.93</delay><correction>15.93</correction><numberOfCoefficients>31</numberOfCoefficients><symmetry>A</symmetry><coefficients>1.21993e-16 3.16192e-10 -4.31465e-08 -5.63556e-07 -0.000126701 0.00365814 0.000167531 -0.00540451 0.0127861 -0.0180357 0.0147312 0.00322694 -0.0385969 0.0888353 -0.148243 0.217766 0.809914 0.124596 -0.123041 0.0889975 -0.0485016 0.0142591 0.00689639 -0.0144434 0.0124286 -0.00656873 0.00152204 0.00314209 3.65627e-05 -2.15299e-06 -2.59783e-07</coefficients></responseFIR><responseFIR publicID="NRL/Quanterra/Q330.SR.1.0_1.below100.dec10/5" name="NRL/Quanterra/Q330.SR.1.0_1.below100.dec10/5"><gain>1</gain><decimationFactor>10</decimationFactor><delay>199.5</delay><correction>199.5</correction><numberOfCoefficients>400</numberOfCoefficients><symmetry>A</symmetry><coefficients>-1.28828e-09 9.14503e-09 2.87477e-08 7.11242e-08 1.5131e-07 2.91624e-07 5.23189e-07 8.87843e-07 1.44005e-06 2.24866e-06 3.39826e-06 4.99e-06 7.14144e-06 9.98548e-06 1.36677e-05 1.83425e-05 2.41669e-05 3.12931e-05 3.9859e-05 4.99771e-05 6.1722e-05 7.5117e-05 9.01206e-05 0.000106613 0.000124386 0.000143132 0.00016244 0.000181791 0.00020057 0.000218068 0.000233507 0.000246063 0.000254895 0.000259186 0.000258189 0.000251269 0.000237954 0.000217982 0.000191345 0.000158323 0.00011951 7.5825e-05 2.85123e-05 -2.08851e-05 -7.05639e-05 -0.000118521 -0.000162632 -0.000200746 -0.000230792 -0.000250896 -0.000259499 -0.000255467 -0.000238199 -0.000207709 -0.000164683 -0.000110509 -4.72664e-05 2.2323e-05 9.49849e-05 0.000167024 0.000234489 0.000293374 0.000339836 0.000370421 0.000382299 0.000373472 0.000342961 0.000290941 0.000218827 0.000129297 2.62286e-05 -8.54222e-05 -0.000199831 -0.000310577 -0.000410975 -0.000494446 -0.000554921 -0.000587235 -0.000587504 -0.000553458 -0.000484693 -0.000382837 -0.000251603 -9.67231e-05 7.42516e-05 0.000252272 0.000427227 0.00058848 0.000725475 0.000828382 0.000888743 0.000900087 0.000858461 0.000762846 0.000615423 0.000421659 0.000190203 -6.74309e-05 -0.000337373 -0.000604086 -0.00085121 -0.00106251 -0.00122287 -0.00131931 -0.00134194 -0.00128471 -0.00114611 -0.000929491 -0.000643205 -0.000300409 8.14499e-05 0.000481435 0.00087619 0.00124123 0.00155239 0.00178733 0.00192703 0.00195716 0.00186929 0.00166175 0.00134012 0.000917386 0.000413542 -0.000145211 -0.000727711 -0.00129947 -0.00182459 -0.00226795 -0.00259736 -0.00278579 -0.00281332 -0.00266878 -0.00235101 -0.00186948 -0.00124436 -0.000505878 0.000306923 0.00114811 0.00196726 0.00271234 0.00333283 0.00378289 0.00402451 0.0040303 0.00378581 0.00329121 0.0025621 0.00162954 0.000539001 -0.000651497 -0.00187424 -0.00305535 -0.00411895 -0.00499167 -0.00560728 -0.00591121 -0.00586452 -0.00544731 -0.00466111 -0.00353015 -0.00210135 -0.00044297 0.0013581 0.00320033 0.00497261 0.00656023 0.00785143 0.00874421 0.00915296 0.00901467 0.00829417 0.00698819 0.00512791 0.00277974 4.42597e-05 -0.0029467 -0.00603492 -0.00904218 -0.0117782 -0.0140494 -0.0156688 -0.016465 -0.0162926 -0.0150395 -0.0126353 -0.00905589 -0.00432759 0.00147205 0.00821529 0.0157279 0.0237951 0.0321695 0.0405812 0.0487482 0.0563888 0.0632336 0.0690368 0.0735872 0.0767177 0.0783126 0.0783126 0.0767177 0.0735872 0.0690368 0.0632336 0.0563888 0.0487482 0.0405812 0.0321695 0.0237951 0.0157279 0.00821529 0.00147205 -0.00432759 -0.00905589 -0.0126353 -0.0150395 -0.0162926 -0.016465 -0.0156688 -0.0140494 -0.0117782 -0.00904218 -0.00603492 -0.0029467 4.42597e-05 0.00277974 0.00512791 0.00698819 0.00829417 0.00901467 0.00915296 0.00874421 0.00785143 0.00656023 0.00497261 0.00320033 0.0013581 -0.00044297 -0.00210135 -0.00353015 -0.00466111 -0.00544731 -0.00586452 -0.00591121 -0.00560728 -0.00499167 -0.00411895 -0.00305535 -0.00187424 -0.000651497 0.000539001 0.00162954 0.0025621 0.00329121 0.00378581 0.0040303 0.00402451 0.00378289 0.00333283 0.00271234 0.00196726 0.00114811 0.000306923 -0.000505878 -0.00124436 -0.00186948 -0.00235101 -0.00266878 -0.00281332 -0.00278579 -0.00259736 -0.00226795 -0.00182459 -0.00129947 -0.000727711 -0.000145211 0.000413542 0.000917386 0.00134012 0.00166175 0.00186929 0.00195716 0.00192703 0.00178733 0.00155239 0.00124123 0.00087619 0.000481435 8.14499e-05 -0.000300409 -0.000643205 -0.000929491 -0.00114611 -0.00128471 -0.00134194 -0.00131931 -0.00122287 -0.00106251 -0.00085121 -0.000604086 -0.000337373 -6.74309e-05 0.000190203 0.000421659 0.000615423 0.000762846 0.000858461 0.000900087 0.000888743 0.000828382 0.000725475 0.00058848 0.000427227 0.000252272 7.42516e-05 -9.67231e-05 -0.000251603 -0.000382837 -0.000484693 -0.000553458 -0.000587504 -0.000587235 -0.000554921 -0.000494446 -0.000410975 -0.000310577 -0.000199831 -8.54222e-05 2.62286e-05 0.000129297 0.000218827 0.000290941 0.000342961 0.000373472 0.000382299 0.000370421 0.000339836 0.000293374 0.000234489 0.000167024 9.49849e-05 2.2323e-05 -4.72664e-05 -0.000110509 -0.000164683 -0.000207709 -0.000238199 -0.000255467 -0.000259499 -0.000250896 -0.000230792 -0.000200746 -0.000162632 -0.000118521 -7.05639e-05 -2.08851e-05 2.85123e-05 7.5825e-05 0.00011951 0.000158323 0.000191345 0.000217982 0.000237954 0.000251269 0.000258189 0.000259186 0.000254895 0.000246063 0.000233507 0.000218068 0.00020057 0.000181791 0.00016244 0.000143132 0.000124386 0.000106613 9.01206e-05 7.5117e-05 6.1722e-05 4.99771e-05 3.9859e-05 3.12931e-05 2.41669e-05 1.83425e-05 1.36677e-05 9.98548e-06 7.14144e-06 4.99e-06 3.39826e-06 2.24866e-06 1.44005e-06 8.87843e-07 5.23189e-07 2.91624e-07 1.5131e-07 7.11242e-08 2.87477e-08 9.14503e-09 -1.28828e-09</coefficients></responseFIR><responseFIR publicID="NRL/Quanterra/Q330.SR.1.1.below100/3" name="NRL/Quanterra/Q330.SR.1.1.below100/3"><gain>419430</gain><gainFrequency>0.05</gainFrequency><decimationFactor>1</decimationFactor><delay>0</delay><correction>0</correction><numberOfCoefficients>1</numberOfCoefficients><symmetry>A</symmetry><coefficients>1</coefficients></responseFIR><responseFIR publicID="NRL/Quanterra/Q330.SR.1.1.below100/4" name="NRL/Quanterra/Q330.SR.1.1.below100/4"><gain>1</gain><gainFrequency>0.05</gainFrequency><decimationFactor>1</decimationFactor><delay>15.93</delay><correction>15.93</correction><numberOfCoefficients>31</numberOfCoefficients><symmetry>A</symmetry><coefficients>1.21993e-16 3.16192e-10 -4.31465e-08 -5.63556e-07 -0.000126701 0.00365814 0.000167531 -0.00540451 0.0127861 -0.0180357 0.0147312 0.00322694 -0.0385969 0.0888353 -0.148243 0.217766 0.809914 0.124596 -0.123041 0.0889975 -0.0485016 0.0142591 0.00689639 -0.0144434 0.0124286 -0.00656873 0.00152204 0.00314209 3.65627e-05 -2.15299e-06 -2.59783e-07</coefficients></responseFIR><responseFIR publicID="NRL/Quanterra/Q330Splus.1.50.below100/3" name="NRL/Quanterra/Q330Splus.1.50.below100/3"><gain>419430</gain><gainFrequency>0.05</gainFrequency><decimationFactor>1</decimationFactor><delay>0</delay><correction>0</correction><numberOfCoefficients>1</numberOfCoefficients><symmetry>A</symmetry><coefficients>1</coefficients></responseFIR><responseFIR publicID="NRL/Quanterra/Q330Splus.1.50.below100/4" name="NRL/Quanterra/Q330Splus.1.50.below100/4"><gain>1</gain><gainFrequency>0.05</gainFrequency><decimationFactor>1</decimationFactor><delay>26.8435</delay><correction>26.8435</correction><numberOfCoefficients>84</numberOfCoefficients><symmetry>A</symmetry><coefficients>-8.5205e-17 -1.14321e-12 -1.74196e-09 -1.80704e-06 -7.18603e-05 -0.000359807 6.71634e-06 0.000294906 -0.000679456 0.00102638 -0.00109818 0.000626495 0.000574825 -0.00248764 0.00479055 -0.00682773 0.00768561 -0.00638066 0.0021479 0.00524092 -0.0152012 0.0261828 -0.0356898 0.0404583 -0.0366756 0.0199244 0.015945 -0.074298 0.751959 0.451981 -0.219494 0.10031 -0.0342281 -0.00271558 0.0237604 -0.0318755 0.0309581 -0.0245968 0.0154676 -0.00794935 0.000184592 0.00443726 -0.0061971 0.00590847 -0.0044095 0.00251253 -0.000836611 -0.000283525 0.000787238 -0.000808856 0.000576728 -0.000333872 -0.000254201 8.89775e-06 -4.48147e-06 4.12212e-06 -3.86396e-06 2.46108e-06 -1.43788e-06 4.09989e-07 3.30818e-07 -4.31567e-07 5.79796e-07 -1.06849e-08 -3.30908e-08 1.40396e-08 8.37133e-09 3.7354e-10 -3.09215e-09 -9.5195e-10 -4.27432e-10 2.93104e-10 1.48771e-10 -1.25705e-10 3.71767e-11 2.22077e-12 -9.85538e-12 5.74075e-12 -1.06899e-12 -5.3753e-13 2.69747e-13 -1.15793e-14 -5.32791e-16 1.01614e-14</coefficients></responseFIR><network publicID="Network#20150806153749.459864.2" code="IA"><start>1980-01-01T00:00:00.0000Z</start><description>BMG-Net, Indonesia (IA-Net)</description><institutions>BMG</institutions><region>Indonesia</region><type>BB</type><netClass>p</netClass><archive>GFZ</archive><restricted>true</restricted><shared>false</shared><station publicID="Station/IA/PMBI/2005-12-06T00:00:00.0000Z" code="PMBI"><start>2005-12-06T00:00:00.0000Z</start><description>GEOFON Station Palembang, Sumatra, Indonesia</description><latitude>-2.9024</latitude><longitude>104.6993</longitude><elevation>25</elevation><place>Palembang</place><country>Indonesia</country><type>BB</type><archive>BMKG</archive><restricted>true</restricted><shared>false</shared><sensorLocation publicID="SensorLocation#20110617025230.453709.2716" code=""><start>2005-12-06T00:00:00.0000Z</start><latitude>-2.9024</latitude><longitude>104.6993</longitude><elevation>25</elevation><stream publicID="Stream/20191013080002.173293.5618" code="BHE" datalogger="NRL/Quanterra/Q330.SR.1.20.below100" sensor="NRL/Streckeisen/STS2_gen3.120.1500"><start>2005-12-06T00:00:00.0000Z</start><end>2020-09-21T00:00:00.0000Z</end><sampleRateNumerator>20</sampleRateNumerator><sampleRateDenominator>1</sampleRateDenominator><depth>0</depth><azimuth>90</azimuth><dip>0</dip><gain>629145000</gain><gainFrequency>1</gainFrequency><gainUnit>M/S</gainUnit><format>Steim2</format><flags>GC</flags><restricted>true</restricted><shared>false</shared></stream><stream publicID="Stream/20191013080002.173309.5619" code="BHN" datalogger="NRL/Quanterra/Q330.SR.1.20.below100" sensor="NRL/Streckeisen/STS2_gen3.120.1500"><start>2005-12-06T00:00:00.0000Z</start><end>2020-09-21T00:00:00.0000Z</end><sampleRateNumerator>20</sampleRateNumerator><sampleRateDenominator>1</sampleRateDenominator><depth>0</depth><azimuth>0</azimuth><dip>0</dip><gain>629145000</gain><gainFrequency>1</gainFrequency><gainUnit>M/S</gainUnit><format>Steim2</format><flags>GC</flags><restricted>true</restricted><shared>false</shared></stream><stream publicID="Stream/20191013080002.17332.5620" code="BHZ" datalogger="NRL/Quanterra/Q330.SR.1.20.below100" sensor="NRL/Streckeisen/STS2_gen3.120.1500"><start>2005-12-06T00:00:00.0000Z</start><end>2020-09-21T00:00:00.0000Z</end><sampleRateNumerator>20</sampleRateNumerator><sampleRateDenominator>1</sampleRateDenominator><depth>0</depth><azimuth>0</azimuth><dip>-90</dip><gain>629145000</gain><gainFrequency>1</gainFrequency><gainUnit>M/S</gainUnit><format>Steim2</format><flags>GC</flags><restricted>true</restricted><shared>false</shared></stream><stream publicID="Stream/20191013080002.173331.5621" code="LHE" datalogger="NRL/Quanterra/Q330.SR.1.1.below100" sensor="NRL/Streckeisen/STS2_gen3.120.1500"><start>2005-12-06T00:00:00.0000Z</start><end>2020-09-21T00:00:00.0000Z</end><dataloggerSerialNumber>xxxx</dataloggerSerialNumber><dataloggerChannel>0</dataloggerChannel><sensorSerialNumber>yyyy</sensorSerialNumber><sensorChannel>0</sensorChannel><sampleRateNumerator>1</sampleRateNumerator><sampleRateDenominator>1</sampleRateDenominator><depth>0</depth><azimuth>90</azimuth><dip>0</dip><gain>629145000</gain><gainFrequency>1</gainFrequency><gainUnit>M/S</gainUnit><format>Steim2</format><flags>GC</flags><restricted>true</restricted><shared>false</shared></stream><stream publicID="Stream/20191013080002.173341.5622" code="LHN" datalogger="NRL/Quanterra/Q330.SR.1.1.below100" sensor="NRL/Streckeisen/STS2_gen3.120.1500"><start>2005-12-06T00:00:00.0000Z</start><end>2020-09-21T00:00:00.0000Z</end><dataloggerSerialNumber>xxxx</dataloggerSerialNumber><dataloggerChannel>0</dataloggerChannel><sensorSerialNumber>yyyy</sensorSerialNumber><sensorChannel>0</sensorChannel><sampleRateNumerator>1</sampleRateNumerator><sampleRateDenominator>1</sampleRateDenominator><depth>0</depth><azimuth>0</azimuth><dip>0</dip><gain>629145000</gain><gainFrequency>1</gainFrequency><gainUnit>M/S</gainUnit><format>Steim2</format><flags>GC</flags><restricted>true</restricted><shared>false</shared></stream><stream publicID="Stream/20191013080002.17335.5623" code="LHZ" datalogger="NRL/Quanterra/Q330.SR.1.1.below100" sensor="NRL/Streckeisen/STS2_gen3.120.1500"><start>2005-12-06T00:00:00.0000Z</start><end>2020-09-21T00:00:00.0000Z</end><dataloggerSerialNumber>xxxx</dataloggerSerialNumber><dataloggerChannel>0</dataloggerChannel><sensorSerialNumber>yyyy</sensorSerialNumber><sensorChannel>0</sensorChannel><sampleRateNumerator>1</sampleRateNumerator><sampleRateDenominator>1</sampleRateDenominator><depth>0</depth><azimuth>0</azimuth><dip>-90</dip><gain>629145000</gain><gainFrequency>1</gainFrequency><gainUnit>M/S</gainUnit><format>Steim2</format><flags>GC</flags><restricted>true</restricted><shared>false</shared></stream><stream publicID="Stream/20191013080002.17336.5624" code="SHE" datalogger="NRL/Quanterra/Q330.SR.1.50.below100" sensor="NRL/Streckeisen/STS2_gen3.120.1500"><start>2005-12-06T00:00:00.0000Z</start><end>2020-09-21T00:00:00.0000Z</end><dataloggerSerialNumber>xxxx</dataloggerSerialNumber><dataloggerChannel>0</dataloggerChannel><sensorSerialNumber>yyyy</sensorSerialNumber><sensorChannel>0</sensorChannel><sampleRateNumerator>50</sampleRateNumerator><sampleRateDenominator>1</sampleRateDenominator><depth>0</depth><azimuth>90</azimuth><dip>0</dip><gain>629145000</gain><gainFrequency>1</gainFrequency><gainUnit>M/S</gainUnit><format>Steim2</format><flags>GC</flags><restricted>true</restricted><shared>false</shared></stream><stream publicID="Stream/20191013080002.173369.5625" code="SHN" datalogger="NRL/Quanterra/Q330.SR.1.50.below100" sensor="NRL/Streckeisen/STS2_gen3.120.1500"><start>2005-12-06T00:00:00.0000Z</start><end>2020-09-21T00:00:00.0000Z</end><dataloggerSerialNumber>xxxx</dataloggerSerialNumber><dataloggerChannel>0</dataloggerChannel><sensorSerialNumber>yyyy</sensorSerialNumber><sensorChannel>0</sensorChannel><sampleRateNumerator>50</sampleRateNumerator><sampleRateDenominator>1</sampleRateDenominator><depth>0</depth><azimuth>0</azimuth><dip>0</dip><gain>629145000</gain><gainFrequency>1</gainFrequency><gainUnit>M/S</gainUnit><format>Steim2</format><flags>GC</flags><restricted>true</restricted><shared>false</shared></stream><stream publicID="Stream/20191013080002.173379.5626" code="SHZ" datalogger="NRL/Quanterra/Q330.SR.1.50.below100" sensor="NRL/Streckeisen/STS2_gen3.120.1500"><start>2005-12-06T00:00:00.0000Z</start><end>2020-09-21T00:00:00.0000Z</end><dataloggerSerialNumber>xxxx</dataloggerSerialNumber><dataloggerChannel>0</dataloggerChannel><sensorSerialNumber>yyyy</sensorSerialNumber><sensorChannel>0</sensorChannel><sampleRateNumerator>50</sampleRateNumerator><sampleRateDenominator>1</sampleRateDenominator><depth>0</depth><azimuth>0</azimuth><dip>-90</dip><gain>629145000</gain><gainFrequency>1</gainFrequency><gainUnit>M/S</gainUnit><format>Steim2</format><flags>GC</flags><restricted>true</restricted><shared>false</shared></stream><stream publicID="Stream/20191013080002.173388.5627" code="VHE" datalogger="NRL/Quanterra/Q330.SR.1.0_1.below100.dec10" sensor="NRL/Streckeisen/STS2_gen3.120.1500"><start>2005-12-06T00:00:00.0000Z</start><end>2020-09-21T00:00:00.0000Z</end><dataloggerSerialNumber>xxxx</dataloggerSerialNumber><dataloggerChannel>0</dataloggerChannel><sensorSerialNumber>yyyy</sensorSerialNumber><sensorChannel>0</sensorChannel><sampleRateNumerator>1</sampleRateNumerator><sampleRateDenominator>10</sampleRateDenominator><depth>0</depth><azimuth>90</azimuth><dip>0</dip><gain>629145000</gain><gainFrequency>1</gainFrequency><gainUnit>M/S</gainUnit><format>Steim2</format><flags>GC</flags><restricted>true</restricted><shared>false</shared></stream><stream publicID="Stream/20191013080002.173398.5628" code="VHN" datalogger="NRL/Quanterra/Q330.SR.1.0_1.below100.dec10" sensor="NRL/Streckeisen/STS2_gen3.120.1500"><start>2005-12-06T00:00:00.0000Z</start><end>2020-09-21T00:00:00.0000Z</end><dataloggerSerialNumber>xxxx</dataloggerSerialNumber><dataloggerChannel>0</dataloggerChannel><sensorSerialNumber>yyyy</sensorSerialNumber><sensorChannel>0</sensorChannel><sampleRateNumerator>1</sampleRateNumerator><sampleRateDenominator>10</sampleRateDenominator><depth>0</depth><azimuth>0</azimuth><dip>0</dip><gain>629145000</gain><gainFrequency>1</gainFrequency><gainUnit>M/S</gainUnit><format>Steim2</format><flags>GC</flags><restricted>true</restricted><shared>false</shared></stream><stream publicID="Stream/20191013080002.173407.5629" code="VHZ" datalogger="NRL/Quanterra/Q330.SR.1.0_1.below100.dec10" sensor="NRL/Streckeisen/STS2_gen3.120.1500"><start>2005-12-06T00:00:00.0000Z</start><end>2020-09-21T00:00:00.0000Z</end><dataloggerSerialNumber>xxxx</dataloggerSerialNumber><dataloggerChannel>0</dataloggerChannel><sensorSerialNumber>yyyy</sensorSerialNumber><sensorChannel>0</sensorChannel><sampleRateNumerator>1</sampleRateNumerator><sampleRateDenominator>10</sampleRateDenominator><depth>0</depth><azimuth>0</azimuth><dip>-90</dip><gain>629145000</gain><gainFrequency>1</gainFrequency><gainUnit>M/S</gainUnit><format>Steim2</format><flags>GC</flags><restricted>true</restricted><shared>false</shared></stream><stream publicID="Stream/20191117080002.030251.10165" code="SLE" datalogger="NRL/Quanterra/Q330.SR.1.50.below100" sensor="NRL/Kinemetrics/Episensor.DC_200.20VDF.2G"><start>2005-12-06T00:00:00.0000Z</start><end>2020-09-21T00:00:00.0000Z</end><dataloggerSerialNumber>xxxx</dataloggerSerialNumber><dataloggerChannel>0</dataloggerChannel><sensorSerialNumber>yyyy</sensorSerialNumber><sensorChannel>0</sensorChannel><sampleRateNumerator>50</sampleRateNumerator><sampleRateDenominator>1</sampleRateDenominator><depth>0</depth><azimuth>90</azimuth><dip>0</dip><gain>427692.771</gain><gainFrequency>1</gainFrequency><gainUnit>M/S**2</gainUnit><format>Steim2</format><flags>GC</flags><restricted>true</restricted><shared>false</shared></stream><stream publicID="Stream/20191117080002.03027.10166" code="SLN" datalogger="NRL/Quanterra/Q330.SR.1.50.below100" sensor="NRL/Kinemetrics/Episensor.DC_200.20VDF.2G"><start>2005-12-06T00:00:00.0000Z</start><end>2020-09-21T00:00:00.0000Z</end><dataloggerSerialNumber>xxxx</dataloggerSerialNumber><dataloggerChannel>0</dataloggerChannel><sensorSerialNumber>yyyy</sensorSerialNumber><sensorChannel>0</sensorChannel><sampleRateNumerator>50</sampleRateNumerator><sampleRateDenominator>1</sampleRateDenominator><depth>0</depth><azimuth>0</azimuth><dip>0</dip><gain>427692.771</gain><gainFrequency>1</gainFrequency><gainUnit>M/S**2</gainUnit><format>Steim2</format><flags>GC</flags><restricted>true</restricted><shared>false</shared></stream><stream publicID="Stream/20191117080002.03028.10167" code="SLZ" datalogger="NRL/Quanterra/Q330.SR.1.50.below100" sensor="NRL/Kinemetrics/Episensor.DC_200.20VDF.2G"><start>2005-12-06T00:00:00.0000Z</start><end>2020-09-21T00:00:00.0000Z</end><dataloggerSerialNumber>xxxx</dataloggerSerialNumber><dataloggerChannel>0</dataloggerChannel><sensorSerialNumber>yyyy</sensorSerialNumber><sensorChannel>0</sensorChannel><sampleRateNumerator>50</sampleRateNumerator><sampleRateDenominator>1</sampleRateDenominator><depth>0</depth><azimuth>0</azimuth><dip>-90</dip><gain>427692.771</gain><gainFrequency>1</gainFrequency><gainUnit>M/S**2</gainUnit><format>Steim2</format><flags>GC</flags><restricted>true</restricted><shared>false</shared></stream><stream publicID="Stream/20191117080002.030289.10168" code="BLZ" datalogger="NRL/Quanterra/Q330.SR.1.20.below100" sensor="NRL/Kinemetrics/Episensor.DC_200.20VDF.2G"><start>2005-12-06T00:00:00.0000Z</start><end>2020-09-21T00:00:00.0000Z</end><dataloggerSerialNumber>xxxx</dataloggerSerialNumber><dataloggerChannel>0</dataloggerChannel><sensorSerialNumber>yyyy</sensorSerialNumber><sensorChannel>0</sensorChannel><sampleRateNumerator>20</sampleRateNumerator><sampleRateDenominator>1</sampleRateDenominator><depth>0</depth><azimuth>0</azimuth><dip>-90</dip><gain>427692.771</gain><gainFrequency>1</gainFrequency><gainUnit>M/S**2</gainUnit><format>Steim2</format><flags>GC</flags><restricted>true</restricted><shared>false</shared></stream><stream publicID="Stream/20191117080002.030299.10169" code="BLN" datalogger="NRL/Quanterra/Q330.SR.1.20.below100" sensor="NRL/Kinemetrics/Episensor.DC_200.20VDF.2G"><start>2005-12-06T00:00:00.0000Z</start><end>2020-09-21T00:00:00.0000Z</end><dataloggerSerialNumber>xxxx</dataloggerSerialNumber><dataloggerChannel>0</dataloggerChannel><sensorSerialNumber>yyyy</sensorSerialNumber><sensorChannel>0</sensorChannel><sampleRateNumerator>20</sampleRateNumerator><sampleRateDenominator>1</sampleRateDenominator><depth>0</depth><azimuth>0</azimuth><dip>0</dip><gain>427692.771</gain><gainFrequency>1</gainFrequency><gainUnit>M/S**2</gainUnit><format>Steim2</format><flags>GC</flags><restricted>true</restricted><shared>false</shared></stream><stream publicID="Stream/20191117080002.030308.10170" code="BLE" datalogger="NRL/Quanterra/Q330.SR.1.20.below100" sensor="NRL/Kinemetrics/Episensor.DC_200.20VDF.2G"><start>2005-12-06T00:00:00.0000Z</start><end>2020-09-21T00:00:00.0000Z</end><dataloggerSerialNumber>xxxx</dataloggerSerialNumber><dataloggerChannel>0</dataloggerChannel><sensorSerialNumber>yyyy</sensorSerialNumber><sensorChannel>0</sensorChannel><sampleRateNumerator>20</sampleRateNumerator><sampleRateDenominator>1</sampleRateDenominator><depth>0</depth><azimuth>90</azimuth><dip>0</dip><gain>427692.771</gain><gainFrequency>1</gainFrequency><gainUnit>M/S**2</gainUnit><format>Steim2</format><flags>GC</flags><restricted>true</restricted><shared>false</shared></stream><stream publicID="Stream#20191009093151.875674.38335" code="LLE" datalogger="NRL/Quanterra/Q330.SR.1.1.below100" sensor="NRL/Kinemetrics/Episensor.DC_200.20VDF.2G"><start>2005-12-06T00:00:00.0000Z</start><end>2020-09-21T00:00:00.0000Z</end><dataloggerSerialNumber>xxxx</dataloggerSerialNumber><dataloggerChannel>0</dataloggerChannel><sensorSerialNumber>yyyy</sensorSerialNumber><sensorChannel>0</sensorChannel><sampleRateNumerator>1</sampleRateNumerator><sampleRateDenominator>1</sampleRateDenominator><depth>0</depth><azimuth>90</azimuth><dip>0</dip><gain>427692.771</gain><gainFrequency>1</gainFrequency><gainUnit>M/S**2</gainUnit><format>Steim2</format><flags>GC</flags><restricted>true</restricted><shared>false</shared></stream><stream publicID="Stream#20191009093151.875659.47932" code="LLN" datalogger="NRL/Quanterra/Q330.SR.1.1.below100" sensor="NRL/Kinemetrics/Episensor.DC_200.20VDF.2G"><start>2005-12-06T00:00:00.0000Z</start><end>2020-09-21T00:00:00.0000Z</end><dataloggerSerialNumber>xxxx</dataloggerSerialNumber><dataloggerChannel>0</dataloggerChannel><sensorSerialNumber>yyyy</sensorSerialNumber><sensorChannel>0</sensorChannel><sampleRateNumerator>1</sampleRateNumerator><sampleRateDenominator>1</sampleRateDenominator><depth>0</depth><azimuth>0</azimuth><dip>0</dip><gain>427692.771</gain><gainFrequency>1</gainFrequency><gainUnit>M/S**2</gainUnit><format>Steim2</format><flags>GC</flags><restricted>true</restricted><shared>false</shared></stream><stream publicID="Stream#20191009093151.875645.41310" code="LLZ" datalogger="NRL/Quanterra/Q330.SR.1.1.below100" sensor="NRL/Kinemetrics/Episensor.DC_200.20VDF.2G"><start>2005-12-06T00:00:00.0000Z</start><end>2020-09-21T00:00:00.0000Z</end><dataloggerSerialNumber>xxxx</dataloggerSerialNumber><dataloggerChannel>0</dataloggerChannel><sensorSerialNumber>yyyy</sensorSerialNumber><sensorChannel>0</sensorChannel><sampleRateNumerator>1</sampleRateNumerator><sampleRateDenominator>1</sampleRateDenominator><depth>0</depth><azimuth>0</azimuth><dip>-90</dip><gain>427692.771</gain><gainFrequency>1</gainFrequency><gainUnit>M/S**2</gainUnit><format>Steim2</format><flags>GC</flags><restricted>true</restricted><shared>false</shared></stream><stream publicID="Stream#20201230094344.003263.39426" code="LLE" datalogger="NRL/Quanterra/Q330Splus.1.1.below100" sensor="NRL/Kinemetrics/Episensor.DC_200.20VDF.2G"><start>2020-09-21T00:00:00.0000Z</start><dataloggerSerialNumber>xxxx</dataloggerSerialNumber><dataloggerChannel>0</dataloggerChannel><sensorSerialNumber>yyyy</sensorSerialNumber><sensorChannel>0</sensorChannel><sampleRateNumerator>1</sampleRateNumerator><sampleRateDenominator>1</sampleRateDenominator><depth>0</depth><azimuth>90</azimuth><dip>0</dip><gain>427692.771</gain><gainFrequency>1</gainFrequency><gainUnit>M/S**2</gainUnit><format>Steim2</format><flags>GC</flags><restricted>true</restricted><shared>false</shared></stream><stream publicID="Stream#20201230094416.270256.47763" code="LLN" datalogger="NRL/Quanterra/Q330Splus.1.1.below100" sensor="NRL/Kinemetrics/Episensor.DC_200.20VDF.2G"><start>2020-09-21T00:00:00.0000Z</start><dataloggerSerialNumber>xxxx</dataloggerSerialNumber><dataloggerChannel>0</dataloggerChannel><sensorSerialNumber>yyyy</sensorSerialNumber><sensorChannel>0</sensorChannel><sampleRateNumerator>1</sampleRateNumerator><sampleRateDenominator>1</sampleRateDenominator><depth>0</depth><azimuth>0</azimuth><dip>0</dip><gain>427692.771</gain><gainFrequency>1</gainFrequency><gainUnit>M/S**2</gainUnit><format>Steim2</format><flags>GC</flags><restricted>true</restricted><shared>false</shared></stream><stream publicID="Stream#20201230095420.279383.62457" code="LLZ" datalogger="NRL/Quanterra/Q330Splus.1.1.below100" sensor="NRL/Kinemetrics/Episensor.DC_200.20VDF.2G"><start>2020-09-21T00:00:00.0000Z</start><dataloggerSerialNumber>xxxx</dataloggerSerialNumber><dataloggerChannel>0</dataloggerChannel><sensorSerialNumber>yyyy</sensorSerialNumber><sensorChannel>0</sensorChannel><sampleRateNumerator>1</sampleRateNumerator><sampleRateDenominator>1</sampleRateDenominator><depth>0</depth><azimuth>0</azimuth><dip>-90</dip><gain>427692.771</gain><gainFrequency>1</gainFrequency><gainUnit>M/S**2</gainUnit><format>Steim2</format><flags>GC</flags><restricted>true</restricted><shared>false</shared></stream><stream publicID="Stream#20201230094210.207716.51805" code="BLZ" datalogger="NRL/Quanterra/Q330Splus.1.20.below100" sensor="NRL/Kinemetrics/Episensor.DC_200.20VDF.2G"><start>2020-09-21T00:00:00.0000Z</start><dataloggerSerialNumber>xxxx</dataloggerSerialNumber><dataloggerChannel>0</dataloggerChannel><sensorSerialNumber>yyyy</sensorSerialNumber><sensorChannel>0</sensorChannel><sampleRateNumerator>20</sampleRateNumerator><sampleRateDenominator>1</sampleRateDenominator><depth>0</depth><azimuth>0</azimuth><dip>-90</dip><gain>427692.771</gain><gainFrequency>1</gainFrequency><gainUnit>M/S**2</gainUnit><format>Steim2</format><flags>GC</flags><restricted>true</restricted><shared>false</shared></stream><stream publicID="Stream#20201230094150.441329.45736" code="BLN" datalogger="NRL/Quanterra/Q330Splus.1.20.below100" sensor="NRL/Kinemetrics/Episensor.DC_200.20VDF.2G"><start>2020-09-21T00:00:00.0000Z</start><dataloggerSerialNumber>xxxx</dataloggerSerialNumber><dataloggerChannel>0</dataloggerChannel><sensorSerialNumber>yyyy</sensorSerialNumber><sensorChannel>0</sensorChannel><sampleRateNumerator>20</sampleRateNumerator><sampleRateDenominator>1</sampleRateDenominator><depth>0</depth><azimuth>0</azimuth><dip>0</dip><gain>427692.771</gain><gainFrequency>1</gainFrequency><gainUnit>M/S**2</gainUnit><format>Steim2</format><flags>GC</flags><restricted>true</restricted><shared>false</shared></stream><stream publicID="Stream#20201230094129.962491.15053" code="BLE" datalogger="NRL/Quanterra/Q330Splus.1.20.below100" sensor="NRL/Kinemetrics/Episensor.DC_200.20VDF.2G"><start>2020-09-21T00:00:00.0000Z</start><dataloggerSerialNumber>xxxx</dataloggerSerialNumber><dataloggerChannel>0</dataloggerChannel><sensorSerialNumber>yyyy</sensorSerialNumber><sensorChannel>0</sensorChannel><sampleRateNumerator>20</sampleRateNumerator><sampleRateDenominator>1</sampleRateDenominator><depth>0</depth><azimuth>90</azimuth><dip>0</dip><gain>427692.771</gain><gainFrequency>1</gainFrequency><gainUnit>M/S**2</gainUnit><format>Steim2</format><flags>GC</flags><restricted>true</restricted><shared>false</shared></stream><stream publicID="Stream#20201230094113.533755.3934" code="BHZ" datalogger="NRL/Quanterra/Q330Splus.1.20.below100" sensor="NRL/Streckeisen/STS2_gen3.120.1500"><start>2020-09-21T00:00:00.0000Z</start><sampleRateNumerator>20</sampleRateNumerator><sampleRateDenominator>1</sampleRateDenominator><depth>0</depth><azimuth>0</azimuth><dip>-90</dip><gain>629145000</gain><gainFrequency>1</gainFrequency><gainUnit>M/S</gainUnit><format>Steim2</format><flags>GC</flags><restricted>true</restricted><shared>false</shared></stream><stream publicID="Stream#20201230090102.033622.49714" code="BHN" datalogger="NRL/Quanterra/Q330Splus.1.20.below100" sensor="NRL/Streckeisen/STS2_gen3.120.1500"><start>2020-09-21T00:00:00.0000Z</start><sampleRateNumerator>20</sampleRateNumerator><sampleRateDenominator>1</sampleRateDenominator><depth>0</depth><azimuth>0</azimuth><dip>0</dip><gain>629145000</gain><gainFrequency>1</gainFrequency><gainUnit>M/S</gainUnit><format>Steim2</format><flags>GC</flags><restricted>true</restricted><shared>false</shared></stream><stream publicID="Stream#20201230090028.980344.13752" code="BHE" datalogger="NRL/Quanterra/Q330Splus.1.20.below100" sensor="NRL/Streckeisen/STS2_gen3.120.1500"><start>2020-09-21T00:00:00.0000Z</start><sampleRateNumerator>20</sampleRateNumerator><sampleRateDenominator>1</sampleRateDenominator><depth>0</depth><azimuth>90</azimuth><dip>0</dip><gain>629145000</gain><gainFrequency>1</gainFrequency><gainUnit>M/S</gainUnit><format>Steim2</format><flags>GC</flags><restricted>true</restricted><shared>false</shared></stream><stream publicID="Stream#20201230094233.562265.36011" code="LHE" datalogger="NRL/Quanterra/Q330Splus.1.1.below100" sensor="NRL/Streckeisen/STS2_gen3.120.1500"><start>2020-09-21T00:00:00.0000Z</start><dataloggerSerialNumber>xxxx</dataloggerSerialNumber><dataloggerChannel>0</dataloggerChannel><sensorSerialNumber>yyyy</sensorSerialNumber><sensorChannel>0</sensorChannel><sampleRateNumerator>1</sampleRateNumerator><sampleRateDenominator>1</sampleRateDenominator><depth>0</depth><azimuth>90</azimuth><dip>0</dip><gain>629145000</gain><gainFrequency>1</gainFrequency><gainUnit>M/S</gainUnit><format>Steim2</format><flags>GC</flags><restricted>true</restricted><shared>false</shared></stream><stream publicID="Stream#20201230094258.642744.49763" code="LHN" datalogger="NRL/Quanterra/Q330Splus.1.1.below100" sensor="NRL/Streckeisen/STS2_gen3.120.1500"><start>2020-09-21T00:00:00.0000Z</start><dataloggerSerialNumber>xxxx</dataloggerSerialNumber><dataloggerChannel>0</dataloggerChannel><sensorSerialNumber>yyyy</sensorSerialNumber><sensorChannel>0</sensorChannel><sampleRateNumerator>1</sampleRateNumerator><sampleRateDenominator>1</sampleRateDenominator><depth>0</depth><azimuth>0</azimuth><dip>0</dip><gain>629145000</gain><gainFrequency>1</gainFrequency><gainUnit>M/S</gainUnit><format>Steim2</format><flags>GC</flags><restricted>true</restricted><shared>false</shared></stream><stream publicID="Stream#20201230094326.39197.61274" code="LHZ" datalogger="NRL/Quanterra/Q330Splus.1.1.below100" sensor="NRL/Streckeisen/STS2_gen3.120.1500"><start>2020-09-21T00:00:00.0000Z</start><dataloggerSerialNumber>xxxx</dataloggerSerialNumber><dataloggerChannel>0</dataloggerChannel><sensorSerialNumber>yyyy</sensorSerialNumber><sensorChannel>0</sensorChannel><sampleRateNumerator>1</sampleRateNumerator><sampleRateDenominator>1</sampleRateDenominator><depth>0</depth><azimuth>0</azimuth><dip>-90</dip><gain>629145000</gain><gainFrequency>1</gainFrequency><gainUnit>M/S</gainUnit><format>Steim2</format><flags>GC</flags><restricted>true</restricted><shared>false</shared></stream><stream publicID="Stream#20201230094640.860011.5078" code="VHZ" datalogger="NRL/Quanterra/Q330Splus.1.0_1.below100" sensor="NRL/Streckeisen/STS2_gen3.120.1500"><start>2020-09-21T00:00:00.0000Z</start><dataloggerSerialNumber>xxxx</dataloggerSerialNumber><dataloggerChannel>0</dataloggerChannel><sensorSerialNumber>yyyy</sensorSerialNumber><sensorChannel>0</sensorChannel><sampleRateNumerator>1</sampleRateNumerator><sampleRateDenominator>10</sampleRateDenominator><depth>0</depth><azimuth>0</azimuth><dip>-90</dip><gain>629145000</gain><gainFrequency>1</gainFrequency><gainUnit>M/S</gainUnit><format>Steim2</format><flags>GC</flags><restricted>true</restricted><shared>false</shared></stream><stream publicID="Stream#20201230094616.802653.15121" code="VHN" datalogger="NRL/Quanterra/Q330Splus.1.0_1.below100" sensor="NRL/Streckeisen/STS2_gen3.120.1500"><start>2020-09-21T00:00:00.0000Z</start><dataloggerSerialNumber>xxxx</dataloggerSerialNumber><dataloggerChannel>0</dataloggerChannel><sensorSerialNumber>yyyy</sensorSerialNumber><sensorChannel>0</sensorChannel><sampleRateNumerator>1</sampleRateNumerator><sampleRateDenominator>10</sampleRateDenominator><depth>0</depth><azimuth>0</azimuth><dip>0</dip><gain>629145000</gain><gainFrequency>1</gainFrequency><gainUnit>M/S</gainUnit><format>Steim2</format><flags>GC</flags><restricted>true</restricted><shared>false</shared></stream><stream publicID="Stream#20201230094602.658986.3318" code="VHE" datalogger="NRL/Quanterra/Q330Splus.1.0_1.below100" sensor="NRL/Streckeisen/STS2_gen3.120.1500"><start>2020-09-21T00:00:00.0000Z</start><dataloggerSerialNumber>xxxx</dataloggerSerialNumber><dataloggerChannel>0</dataloggerChannel><sensorSerialNumber>yyyy</sensorSerialNumber><sensorChannel>0</sensorChannel><sampleRateNumerator>1</sampleRateNumerator><sampleRateDenominator>10</sampleRateDenominator><depth>0</depth><azimuth>90</azimuth><dip>0</dip><gain>629145000</gain><gainFrequency>1</gainFrequency><gainUnit>M/S</gainUnit><format>Steim2</format><flags>GC</flags><restricted>true</restricted><shared>false</shared></stream><stream publicID="Stream#20201230094511.659051.64127" code="SLE" datalogger="NRL/Quanterra/Q330Splus.1.50.below100" sensor="NRL/Kinemetrics/Episensor.DC_200.20VDF.2G"><start>2020-09-21T00:00:00.0000Z</start><dataloggerSerialNumber>xxxx</dataloggerSerialNumber><dataloggerChannel>0</dataloggerChannel><sensorSerialNumber>yyyy</sensorSerialNumber><sensorChannel>0</sensorChannel><sampleRateNumerator>50</sampleRateNumerator><sampleRateDenominator>1</sampleRateDenominator><depth>0</depth><azimuth>90</azimuth><dip>0</dip><gain>427692.771</gain><gainFrequency>1</gainFrequency><gainUnit>M/S**2</gainUnit><format>Steim2</format><flags>GC</flags><restricted>true</restricted><shared>false</shared></stream><stream publicID="Stream#20201230094532.12646.54454" code="SLN" datalogger="NRL/Quanterra/Q330Splus.1.50.below100" sensor="NRL/Kinemetrics/Episensor.DC_200.20VDF.2G"><start>2020-09-21T00:00:00.0000Z</start><dataloggerSerialNumber>xxxx</dataloggerSerialNumber><dataloggerChannel>0</dataloggerChannel><sensorSerialNumber>yyyy</sensorSerialNumber><sensorChannel>0</sensorChannel><sampleRateNumerator>50</sampleRateNumerator><sampleRateDenominator>1</sampleRateDenominator><depth>0</depth><azimuth>0</azimuth><dip>0</dip><gain>427692.771</gain><gainFrequency>1</gainFrequency><gainUnit>M/S**2</gainUnit><format>Steim2</format><flags>GC</flags><restricted>true</restricted><shared>false</shared></stream><stream publicID="Stream#20201230094547.306138.49547" code="SLZ" datalogger="NRL/Quanterra/Q330Splus.1.50.below100" sensor="NRL/Kinemetrics/Episensor.DC_200.20VDF.2G"><start>2020-09-21T00:00:00.0000Z</start><dataloggerSerialNumber>xxxx</dataloggerSerialNumber><dataloggerChannel>0</dataloggerChannel><sensorSerialNumber>yyyy</sensorSerialNumber><sensorChannel>0</sensorChannel><sampleRateNumerator>50</sampleRateNumerator><sampleRateDenominator>1</sampleRateDenominator><depth>0</depth><azimuth>0</azimuth><dip>-90</dip><gain>427692.771</gain><gainFrequency>1</gainFrequency><gainUnit>M/S**2</gainUnit><format>Steim2</format><flags>GC</flags><restricted>true</restricted><shared>false</shared></stream><stream publicID="Stream#20201230094430.187406.21020" code="SHN" datalogger="NRL/Quanterra/Q330Splus.1.50.below100" sensor="NRL/Streckeisen/STS2_gen3.120.1500"><start>2020-09-21T00:00:00.0000Z</start><dataloggerSerialNumber>xxxx</dataloggerSerialNumber><dataloggerChannel>0</dataloggerChannel><sensorSerialNumber>yyyy</sensorSerialNumber><sensorChannel>0</sensorChannel><sampleRateNumerator>50</sampleRateNumerator><sampleRateDenominator>1</sampleRateDenominator><depth>0</depth><azimuth>0</azimuth><dip>0</dip><gain>629145000</gain><gainFrequency>1</gainFrequency><gainUnit>M/S</gainUnit><format>Steim2</format><flags>GC</flags><restricted>true</restricted><shared>false</shared></stream><stream publicID="Stream#20201230090005.221855.32014" code="SHE" datalogger="NRL/Quanterra/Q330Splus.1.50.below100" sensor="NRL/Streckeisen/STS2_gen3.120.1500"><start>2020-09-21T00:00:00.0000Z</start><dataloggerSerialNumber>xxxx</dataloggerSerialNumber><dataloggerChannel>0</dataloggerChannel><sensorSerialNumber>yyyy</sensorSerialNumber><sensorChannel>0</sensorChannel><sampleRateNumerator>50</sampleRateNumerator><sampleRateDenominator>1</sampleRateDenominator><depth>0</depth><azimuth>90</azimuth><dip>0</dip><gain>629145000</gain><gainFrequency>1</gainFrequency><gainUnit>M/S</gainUnit><format>Steim2</format><flags>GC</flags><restricted>true</restricted><shared>false</shared></stream><stream publicID="Stream#20201230094457.276381.40641" code="SHZ" datalogger="NRL/Quanterra/Q330Splus.1.50.below100" sensor="NRL/Streckeisen/STS2_gen3.120.1500"><start>2020-09-21T00:00:00.0000Z</start><dataloggerSerialNumber>xxxx</dataloggerSerialNumber><dataloggerChannel>0</dataloggerChannel><sensorSerialNumber>yyyy</sensorSerialNumber><sensorChannel>0</sensorChannel><sampleRateNumerator>50</sampleRateNumerator><sampleRateDenominator>1</sampleRateDenominator><depth>0</depth><azimuth>0</azimuth><dip>-90</dip><gain>629145000</gain><gainFrequency>1</gainFrequency><gainUnit>M/S</gainUnit><format>Steim2</format><flags>GC</flags><restricted>true</restricted><shared>false</shared></stream></sensorLocation></station></network></Inventory></seiscomp>
