<?xml version="1.0" encoding="UTF-8"?>
<seiscomp xmlns="http://geofon.gfz-potsdam.de/ns/seiscomp3-schema/0.13" version="0.13"><Inventory><sensor publicID="NRL/Nanometrics/Titan.DC_430.20V.2G" name="Nanometrics/Titan.DC_430.20V.2G" response="NRL/Nanometrics/Titan.DC_430.20V.2G/1"><model>Titan Accelerometer</model><manufacturer>Nanometrics</manufacturer><unit>M/S**2</unit></sensor><sensor publicID="NRL/Nanometrics/Trillium120P.120.1201" name="Nanometrics/Trillium120P.120.1201" response="NRL/Nanometrics/Trillium120P.120.1201/1"><model>Trillium 120P/PA</model><manufacturer>Nanometrics</manufacturer><unit>M/S</unit></sensor><datalogger publicID="NRL/Nanometrics/TAURUS.0_4.20.LO.0_001" name="Nanometrics/TAURUS.0_4.20.LO.0_001"><digitizerModel>Taurus</digitizerModel><digitizerManufacturer>Nanometrics</digitizerManufacturer><recorderModel>Taurus</recorderModel><recorderManufacturer>Nanometrics</recorderManufacturer><gain>1</gain><decimation sampleRateNumerator="20" sampleRateDenominator="1"><analogueFilterChain>NRL/Nanometrics/TAURUS.0_4.20.LO.0_001/2</analogueFilterChain><digitalFilterChain>NRL/Nanometrics/TAURUS.0_4.20.LO.0_001/3 NRL/Nanometrics/TAURUS.0_4.20.LO.0_001/4 NRL/Nanometrics/TAURUS.0_4.20.LO.0_001/5 NRL/Nanometrics/TAURUS.0_4.20.LO.0_001/6 NRL/Nanometrics/TAURUS.0_4.20.LO.0_001/7 NRL/Nanometrics/TAURUS.0_4.20.LO.0_001/8</digitalFilterChain></decimation></datalogger><datalogger publicID="NRL/Nanometrics/TAURUS.0_4.40.LO.0_001" name="Nanometrics/TAURUS.0_4.40.LO.0_001"><digitizerModel>Taurus</digitizerModel><digitizerManufacturer>Nanometrics</digitizerManufacturer><recorderModel>Taurus</recorderModel><recorderManufacturer>Nanometrics</recorderManufacturer><gain>1</gain><maxClockDrift>0.1</maxClockDrift><decimation sampleRateNumerator="40" sampleRateDenominator="1"><analogueFilterChain>NRL/Nanometrics/TAURUS.0_4.40.LO.0_001/2</analogueFilterChain><digitalFilterChain>NRL/Nanometrics/TAURUS.0_4.40.LO.0_001/3 NRL/Nanometrics/TAURUS.0_4.40.LO.0_001/4 NRL/Nanometrics/TAURUS.0_4.40.LO.0_001/5 NRL/Nanometrics/TAURUS.0_4.40.LO.0_001/6 NRL/Nanometrics/TAURUS.0_4.40.LO.0_001/7 NRL/Nanometrics/TAURUS.0_4.40.LO.0_001/8</digitalFilterChain></decimation></datalogger><datalogger publicID="NRL/Nanometrics/CENTAUR.1.20.0_001.LP" name="Nanometrics/CENTAUR.1.20.0_001.LP"><digitizerModel>Centaur</digitizerModel><digitizerManufacturer>Nanometrics</digitizerManufacturer><recorderModel>Centaur</recorderModel><recorderManufacturer>Nanometrics</recorderManufacturer><gain>1</gain><maxClockDrift>0.1</maxClockDrift><decimation sampleRateNumerator="20" sampleRateDenominator="1"><digitalFilterChain>NRL/Nanometrics/CENTAUR.1.20.0_001.LP/3 NRL/Nanometrics/CENTAUR.1.20.0_001.LP/4 NRL/Nanometrics/CENTAUR.1.20.0_001.LP/5 NRL/Nanometrics/CENTAUR.1.20.0_001.LP/6 NRL/Nanometrics/CENTAUR.1.20.0_001.LP/7 NRL/Nanometrics/CENTAUR.1.20.0_001.LP/8</digitalFilterChain></decimation></datalogger><datalogger publicID="NRL/Nanometrics/CENTAUR.1.40.0_001.LP" name="Nanometrics/CENTAUR.1.40.0_001.LP"><digitizerModel>Centaur</digitizerModel><digitizerManufacturer>Nanometrics</digitizerManufacturer><recorderModel>Centaur</recorderModel><recorderManufacturer>Nanometrics</recorderManufacturer><gain>1</gain><maxClockDrift>0.1</maxClockDrift><decimation sampleRateNumerator="40" sampleRateDenominator="1"><digitalFilterChain>NRL/Nanometrics/CENTAUR.1.40.0_001.LP/3 NRL/Nanometrics/CENTAUR.1.40.0_001.LP/4 NRL/Nanometrics/CENTAUR.1.40.0_001.LP/5 NRL/Nanometrics/CENTAUR.1.40.0_001.LP/6 NRL/Nanometrics/CENTAUR.1.40.0_001.LP/7 NRL/Nanometrics/CENTAUR.1.40.0_001.LP/8</digitalFilterChain></decimation></datalogger><datalogger publicID="NRL/Nanometrics/CENTAUR.1.100.0_001.LP" name="Nanometrics/CENTAUR.1.100.0_001.LP"><digitizerModel>Centaur</digitizerModel><digitizerManufacturer>Nanometrics</digitizerManufacturer><recorderModel>Centaur</recorderModel><recorderManufacturer>Nanometrics</recorderManufacturer><gain>1</gain><maxClockDrift>0.1</maxClockDrift><decimation sampleRateNumerator="100" sampleRateDenominator="1"><digitalFilterChain>NRL/Nanometrics/CENTAUR.1.100.0_001.LP/3 NRL/Nanometrics/CENTAUR.1.100.0_001.LP/4 NRL/Nanometrics/CENTAUR.1.100.0_001.LP/5 NRL/Nanometrics/CENTAUR.1.100.0_001.LP/6 NRL/Nanometrics/CENTAUR.1.100.0_001.LP/7</digitalFilterChain></decimation></datalogger><datalogger publicID="NRL/Nanometrics/TAURUS.0_4.100.LO.0_001" name="Nanometrics/TAURUS.0_4.100.LO.0_001"><digitizerModel>Taurus</digitizerModel><digitizerManufacturer>Nanometrics</digitizerManufacturer><recorderModel>Taurus</recorderModel><recorderManufacturer>Nanometrics</recorderManufacturer><gain>1</gain><maxClockDrift>0.1</maxClockDrift><decimation sampleRateNumerator="100" sampleRateDenominator="1"><analogueFilterChain>NRL/Nanometrics/TAURUS.0_4.100.LO.0_001/2</analogueFilterChain><digitalFilterChain>NRL/Nanometrics/TAURUS.0_4.100.LO.0_001/3 NRL/Nanometrics/TAURUS.0_4.100.LO.0_001/4 NRL/Nanometrics/TAURUS.0_4.100.LO.0_001/5 NRL/Nanometrics/TAURUS.0_4.100.LO.0_001/6 NRL/Nanometrics/TAURUS.0_4.100.LO.0_001/7</digitalFilterChain></decimation></datalogger><responsePAZ publicID="NRL/Nanometrics/TAURUS.0_4.20.LO.0_001/2" name="NRL/Nanometrics/TAURUS.0_4.20.LO.0_001/2"><type>A</type><gain>0.3999988</gain><gainFrequency>1</gainFrequency><normalizationFactor>13338.89</normalizationFactor><normalizationFrequency>1</normalizationFrequency><numberOfZeros>0</numberOfZeros><numberOfPoles>1</numberOfPoles><poles>(-13338.9,0)</poles></responsePAZ><responsePAZ publicID="NRL/Nanometrics/TAURUS.0_4.20.LO.0_001/8" name="NRL/Nanometrics/TAURUS.0_4.20.LO.0_001/8"><type>A</type><gain>1</gain><gainFrequency>1</gainFrequency><normalizationFactor>1</normalizationFactor><normalizationFrequency>0.1</normalizationFrequency><numberOfZeros>1</numberOfZeros><numberOfPoles>1</numberOfPoles><zeros>(0,0)</zeros><poles>(-0.006283185,0)</poles></responsePAZ><responsePAZ publicID="NRL/Nanometrics/TAURUS.0_4.40.LO.0_001/2" name="NRL/Nanometrics/TAURUS.0_4.40.LO.0_001/2"><type>A</type><gain>0.3999988</gain><gainFrequency>1</gainFrequency><normalizationFactor>13338.89</normalizationFactor><normalizationFrequency>1</normalizationFrequency><numberOfZeros>0</numberOfZeros><numberOfPoles>1</numberOfPoles><poles>(-13338.9,0)</poles></responsePAZ><responsePAZ publicID="NRL/Nanometrics/TAURUS.0_4.40.LO.0_001/8" name="NRL/Nanometrics/TAURUS.0_4.40.LO.0_001/8"><type>A</type><gain>1</gain><gainFrequency>1</gainFrequency><normalizationFactor>1</normalizationFactor><normalizationFrequency>0.1</normalizationFrequency><numberOfZeros>1</numberOfZeros><numberOfPoles>1</numberOfPoles><zeros>(0,0)</zeros><poles>(-0.006283185,0)</poles></responsePAZ><responsePAZ publicID="NRL/Nanometrics/CENTAUR.1.20.0_001.LP/8" name="NRL/Nanometrics/CENTAUR.1.20.0_001.LP/8"><type>A</type><gain>1</gain><gainFrequency>1</gainFrequency><normalizationFactor>1</normalizationFactor><normalizationFrequency>1</normalizationFrequency><numberOfZeros>1</numberOfZeros><numberOfPoles>1</numberOfPoles><zeros>(0,0)</zeros><poles>(-0.006283185,0)</poles></responsePAZ><responsePAZ publicID="NRL/Nanometrics/CENTAUR.1.40.0_001.LP/8" name="NRL/Nanometrics/CENTAUR.1.40.0_001.LP/8"><type>A</type><gain>1</gain><gainFrequency>1</gainFrequency><normalizationFactor>1</normalizationFactor><normalizationFrequency>1</normalizationFrequency><numberOfZeros>1</numberOfZeros><numberOfPoles>1</numberOfPoles><zeros>(0,0)</zeros><poles>(-0.006283185,0)</poles></responsePAZ><responsePAZ publicID="NRL/Nanometrics/CENTAUR.1.100.0_001.LP/7" name="NRL/Nanometrics/CENTAUR.1.100.0_001.LP/7"><type>A</type><gain>1</gain><gainFrequency>1</gainFrequency><normalizationFactor>1</normalizationFactor><normalizationFrequency>1</normalizationFrequency><numberOfZeros>1</numberOfZeros><numberOfPoles>1</numberOfPoles><zeros>(0,0)</zeros><poles>(-0.006283185,0)</poles></responsePAZ><responsePAZ publicID="NRL/Nanometrics/TAURUS.0_4.100.LO.0_001/2" name="NRL/Nanometrics/TAURUS.0_4.100.LO.0_001/2"><type>A</type><gain>0.3999988</gain><gainFrequency>1</gainFrequency><normalizationFactor>13338.89</normalizationFactor><normalizationFrequency>1</normalizationFrequency><numberOfZeros>0</numberOfZeros><numberOfPoles>1</numberOfPoles><poles>(-13338.9,0)</poles></responsePAZ><responsePAZ publicID="NRL/Nanometrics/TAURUS.0_4.100.LO.0_001/7" name="NRL/Nanometrics/TAURUS.0_4.100.LO.0_001/7"><type>A</type><gain>1</gain><gainFrequency>1</gainFrequency><normalizationFactor>1</normalizationFactor><normalizationFrequency>0.1</normalizationFrequency><numberOfZeros>1</numberOfZeros><numberOfPoles>1</numberOfPoles><zeros>(0,0)</zeros><poles>(-0.006283185,0)</poles></responsePAZ><responsePAZ publicID="NRL/Nanometrics/Titan.DC_430.20V.2G/1" name="NRL/Nanometrics/Titan.DC_430.20V.2G/1"><type>A</type><gain>1.02</gain><gainFrequency>1</gainFrequency><normalizationFactor>1.007725e+18</normalizationFactor><normalizationFrequency>1</normalizationFrequency><numberOfZeros>1</numberOfZeros><numberOfPoles>6</numberOfPoles><zeros>(-515,0)</zeros><poles>(-977,328) (-977,-328) (-1486,2512) (-1486,-2512) (-5736,4946) (-5736,-4946)</poles></responsePAZ><responsePAZ publicID="NRL/Nanometrics/Trillium120P.120.1201/1" name="NRL/Nanometrics/Trillium120P.120.1201/1"><type>A</type><gain>1201</gain><gainFrequency>1</gainFrequency><normalizationFactor>308000</normalizationFactor><normalizationFrequency>1</normalizationFrequency><numberOfZeros>5</numberOfZeros><numberOfPoles>7</numberOfPoles><zeros>(0,0) (0,0) (-90,0) (-160.7,0) (-3108,0)</zeros><poles>(-0.03852,0.03658) (-0.03852,-0.03658) (-178,0) (-135,160) (-135,-160) (-671,1154) (-671,-1154)</poles></responsePAZ><responseFIR publicID="NRL/Nanometrics/TAURUS.0_4.20.LO.0_001/3" name="NRL/Nanometrics/TAURUS.0_4.20.LO.0_001/3"><gain>1000000</gain><decimationFactor>1</decimationFactor><delay>0</delay><correction>0</correction><numberOfCoefficients>1</numberOfCoefficients><symmetry>A</symmetry><coefficients>1</coefficients></responseFIR><responseFIR publicID="NRL/Nanometrics/TAURUS.0_4.20.LO.0_001/4" name="NRL/Nanometrics/TAURUS.0_4.20.LO.0_001/4"><gain>1</gain><decimationFactor>15</decimationFactor><delay>81.99999</delay><correction>81.99999</correction><numberOfCoefficients>165</numberOfCoefficients><symmetry>A</symmetry><coefficients>-4.04791e-10 -1.39029e-10 6.728e-10 2.75797e-09 7.54651e-09 1.76668e-08 3.76936e-08 7.52313e-08 1.42425e-07 2.57999e-07 4.49904e-07 7.58655e-07 1.24139e-06 1.97658e-06 3.06939e-06 4.65728e-06 6.91569e-06 1.00631e-05 1.43649e-05 2.0135e-05 2.77346e-05 3.75661e-05 5.00617e-05 6.56652e-05 8.48049e-05 0.000107859 0.000135108 0.000166685 0.000202505 0.0002422 0.000285038 0.00032985 0.000374956 0.000418099 0.0004564 0.000486339 0.000503757 0.000503913 0.00048158 0.000431195 0.000347068 0.000223655 5.58818e-05 -0.000160476 -0.000428365 -0.000749008 -0.00112143 -0.00154201 -0.00200406 -0.00249746 -0.00300841 -0.00351925 -0.00400852 -0.00445107 -0.00481847 -0.00507953 -0.00520107 -0.00514889 -0.00488884 -0.00438813 -0.00361664 -0.0025484 -0.00116293 0.00055335 0.00260595 0.00499129 0.00769592 0.0106961 0.0139576 0.0174363 0.0210783 0.0248217 0.0285976 0.0323318 0.0359474 0.0393664 0.0425127 0.0453141 0.0477047 0.0496275 0.0510356 0.0518947 0.0521834 0.0518947 0.0510356 0.0496275 0.0477047 0.0453141 0.0425127 0.0393664 0.0359474 0.0323318 0.0285976 0.0248217 0.0210783 0.0174363 0.0139576 0.0106961 0.00769592 0.00499129 0.00260595 0.00055335 -0.00116293 -0.0025484 -0.00361664 -0.00438813 -0.00488884 -0.00514889 -0.00520107 -0.00507953 -0.00481847 -0.00445107 -0.00400852 -0.00351925 -0.00300841 -0.00249746 -0.00200406 -0.00154201 -0.00112143 -0.000749008 -0.000428365 -0.000160476 5.58818e-05 0.000223655 0.000347068 0.000431195 0.00048158 0.000503913 0.000503757 0.000486339 0.0004564 0.000418099 0.000374956 0.00032985 0.000285038 0.0002422 0.000202505 0.000166685 0.000135108 0.000107859 8.48049e-05 6.56652e-05 5.00617e-05 3.75661e-05 2.77346e-05 2.0135e-05 1.43649e-05 1.00631e-05 6.91569e-06 4.65728e-06 3.06939e-06 1.97658e-06 1.24139e-06 7.58655e-07 4.49904e-07 2.57999e-07 1.42425e-07 7.52313e-08 3.76936e-08 1.76668e-08 7.54651e-09 2.75797e-09 6.728e-10 -1.39029e-10 -4.04791e-10</coefficients></responseFIR><responseFIR publicID="NRL/Nanometrics/TAURUS.0_4.20.LO.0_001/5" name="NRL/Nanometrics/TAURUS.0_4.20.LO.0_001/5"><gain>1</gain><decimationFactor>10</decimationFactor><delay>93</delay><correction>93</correction><numberOfCoefficients>187</numberOfCoefficients><symmetry>A</symmetry><coefficients>8.46923e-10 2.27422e-09 4.53895e-09 6.87379e-09 7.10904e-09 7.62784e-10 -1.98301e-08 -6.60994e-08 -1.53114e-07 -2.98249e-07 -5.18152e-07 -8.23636e-07 -1.21248e-06 -1.66055e-06 -2.11247e-06 -2.47353e-06 -2.60562e-06 -2.33013e-06 -1.44098e-06 2.69804e-07 2.97271e-06 6.74886e-06 1.15296e-05 1.70354e-05 2.27248e-05 2.7767e-05 3.10537e-05 3.1263e-05 2.69861e-05 1.69189e-05 1.11176e-07 -2.37456e-05 -5.40267e-05 -8.89227e-05 -0.000125282 -0.000158604 -0.000183236 -0.000192798 -0.000180864 -0.00014185 -7.2067e-05 2.91938e-05 0.000158665 0.000308386 0.000465422 0.000612198 0.000727547 0.000788512 0.000772858 0.000662123 0.000444926 0.000120161 -0.000300369 -0.000790361 -0.00130887 -0.00180202 -0.00220662 -0.00245579 -0.00248619 -0.00224631 -0.00170503 -0.000859463 0.000259011 0.00158157 0.0030025 0.00438414 0.00556632 0.00638 0.0066644 0.00628604 0.00515814 0.0032582 0.000641682 -0.00255018 -0.00609006 -0.0096727 -0.0129317 -0.0154642 -0.0168626 -0.016749 -0.0148125 -0.0108426 -0.00475778 0.00337489 0.0133318 0.0247374 0.0370816 0.0497507 0.062067 0.0733368 0.0829015 0.0901866 0.0947464 0.0962985 0.0947464 0.0901866 0.0829015 0.0733368 0.062067 0.0497507 0.0370816 0.0247374 0.0133318 0.00337489 -0.00475778 -0.0108426 -0.0148125 -0.016749 -0.0168626 -0.0154642 -0.0129317 -0.0096727 -0.00609006 -0.00255018 0.000641682 0.0032582 0.00515814 0.00628604 0.0066644 0.00638 0.00556632 0.00438414 0.0030025 0.00158157 0.000259011 -0.000859463 -0.00170503 -0.00224631 -0.00248619 -0.00245579 -0.00220662 -0.00180202 -0.00130887 -0.000790361 -0.000300369 0.000120161 0.000444926 0.000662123 0.000772858 0.000788512 0.000727547 0.000612198 0.000465422 0.000308386 0.000158665 2.91938e-05 -7.2067e-05 -0.00014185 -0.000180864 -0.000192798 -0.000183236 -0.000158604 -0.000125282 -8.89227e-05 -5.40267e-05 -2.37456e-05 1.11176e-07 1.69189e-05 2.69861e-05 3.1263e-05 3.10537e-05 2.7767e-05 2.27248e-05 1.70354e-05 1.15296e-05 6.74886e-06 2.97271e-06 2.69804e-07 -1.44098e-06 -2.33013e-06 -2.60562e-06 -2.47353e-06 -2.11247e-06 -1.66055e-06 -1.21248e-06 -8.23636e-07 -5.18152e-07 -2.98249e-07 -1.53114e-07 -6.60994e-08 -1.98301e-08 7.62784e-10 7.10904e-09 6.87379e-09 4.53895e-09 2.27422e-09 8.46923e-10</coefficients></responseFIR><responseFIR publicID="NRL/Nanometrics/TAURUS.0_4.20.LO.0_001/6" name="NRL/Nanometrics/TAURUS.0_4.20.LO.0_001/6"><gain>1</gain><decimationFactor>5</decimationFactor><delay>56</delay><correction>56</correction><numberOfCoefficients>113</numberOfCoefficients><symmetry>A</symmetry><coefficients>3.62415e-09 1.47022e-08 2.92465e-08 1.67582e-08 -9.45969e-08 -4.00529e-07 -9.37365e-07 -1.53044e-06 -1.64599e-06 -4.0787e-07 3.03009e-06 8.68599e-06 1.4766e-05 1.71367e-05 1.01281e-05 -1.07286e-05 -4.43965e-05 -8.0298e-05 -9.76176e-05 -7.09487e-05 1.69209e-05 0.000158508 0.000309494 0.00039128 0.000315589 2.91906e-05 -0.000436272 -0.000935417 -0.00122839 -0.00106147 -0.000293981 0.000975648 0.00235246 0.00321559 0.00293343 0.00117105 -0.00182955 -0.00514565 -0.00736121 -0.00705636 -0.00346765 0.00293511 0.0102486 0.0155183 0.0157062 0.00898787 -0.00408117 -0.0200454 -0.033035 -0.0362846 -0.0243088 0.00495879 0.0488453 0.100015 0.148075 0.182311 0.194711 0.182311 0.148075 0.100015 0.0488453 0.00495879 -0.0243088 -0.0362846 -0.033035 -0.0200454 -0.00408117 0.00898787 0.0157062 0.0155183 0.0102486 0.00293511 -0.00346765 -0.00705636 -0.00736121 -0.00514565 -0.00182955 0.00117105 0.00293343 0.00321559 0.00235246 0.000975648 -0.000293981 -0.00106147 -0.00122839 -0.000935417 -0.000436272 2.91906e-05 0.000315589 0.00039128 0.000309494 0.000158508 1.69209e-05 -7.09487e-05 -9.76176e-05 -8.0298e-05 -4.43965e-05 -1.07286e-05 1.01281e-05 1.71367e-05 1.4766e-05 8.68599e-06 3.03009e-06 -4.0787e-07 -1.64599e-06 -1.53044e-06 -9.37365e-07 -4.00529e-07 -9.45969e-08 1.67582e-08 2.92465e-08 1.47022e-08 3.62415e-09</coefficients></responseFIR><responseFIR publicID="NRL/Nanometrics/TAURUS.0_4.20.LO.0_001/7" name="NRL/Nanometrics/TAURUS.0_4.20.LO.0_001/7"><gain>1</gain><decimationFactor>2</decimationFactor><delay>111</delay><correction>111</correction><numberOfCoefficients>223</numberOfCoefficients><symmetry>A</symmetry><coefficients>-2.4877e-10 4.73744e-09 1.24032e-08 2.18423e-09 -2.9735e-08 -2.7741e-08 4.8235e-08 9.04852e-08 -4.3772e-08 -2.02925e-07 -2.93251e-08 3.57677e-07 2.38076e-07 -5.05054e-07 -6.56661e-07 5.29514e-07 1.33303e-06 -2.35391e-07 -2.23456e-06 -6.43189e-07 3.17885e-06 2.39189e-06 -3.76643e-06 -5.21313e-06 3.34388e-06 9.06984e-06 -1.0342e-06 -1.34948e-05 -4.1282e-06 1.74081e-05 1.29325e-05 -1.90112e-05 -2.55982e-05 1.58385e-05 4.12985e-05 -5.05136e-06 -5.76943e-05 -1.59734e-05 7.06232e-05 4.87621e-05 -7.41183e-05 -9.2656e-05 6.09281e-05 0.000143704 -2.36571e-05 -0.000193818 -4.34607e-05 0.000230529 0.0001423 -0.000237697 -0.00026842 0.00019742 0.000408986 -9.32264e-05 -0.000541667 -8.56506e-05 0.000635146 0.000339424 -0.000651794 -0.000653162 0.000552734 0.000993533 -0.000305133 -0.00130802 -0.000108987 0.00152764 0.000683646 -0.00157381 -0.00138119 0.00136932 0.00212784 -0.000852739 -0.00281433 -5.43598e-06 0.00330293 0.00118724 -0.00344149 -0.00261502 0.00308386 0.00414554 -0.00211493 -0.00557267 0.000477543 0.00664017 0.00180254 -0.00706464 -0.00459738 0.00656694 0.0076669 -0.00490895 -0.0106603 0.00193106 0.0131289 0.00241487 -0.0145476 -0.00804248 0.0143373 0.0147221 -0.0118736 -0.0220889 0.00645106 0.0296694 0.00287172 -0.0369222 -0.0177763 0.0432915 0.0424836 -0.0482648 -0.0928087 0.0514286 0.313777 0.447486 0.313777 0.0514286 -0.0928087 -0.0482648 0.0424836 0.0432915 -0.0177763 -0.0369222 0.00287172 0.0296694 0.00645106 -0.0220889 -0.0118736 0.0147221 0.0143373 -0.00804248 -0.0145476 0.00241487 0.0131289 0.00193106 -0.0106603 -0.00490895 0.0076669 0.00656694 -0.00459738 -0.00706464 0.00180254 0.00664017 0.000477543 -0.00557267 -0.00211493 0.00414554 0.00308386 -0.00261502 -0.00344149 0.00118724 0.00330293 -5.43598e-06 -0.00281433 -0.000852739 0.00212784 0.00136932 -0.00138119 -0.00157381 0.000683646 0.00152764 -0.000108987 -0.00130802 -0.000305133 0.000993533 0.000552734 -0.000653162 -0.000651794 0.000339424 0.000635146 -8.56506e-05 -0.000541667 -9.32264e-05 0.000408986 0.00019742 -0.00026842 -0.000237697 0.0001423 0.000230529 -4.34607e-05 -0.000193818 -2.36571e-05 0.000143704 6.09281e-05 -9.2656e-05 -7.41183e-05 4.87621e-05 7.06232e-05 -1.59734e-05 -5.76943e-05 -5.05136e-06 4.12985e-05 1.58385e-05 -2.55982e-05 -1.90112e-05 1.29325e-05 1.74081e-05 -4.1282e-06 -1.34948e-05 -1.0342e-06 9.06984e-06 3.34388e-06 -5.21313e-06 -3.76643e-06 2.39189e-06 3.17885e-06 -6.43189e-07 -2.23456e-06 -2.35391e-07 1.33303e-06 5.29514e-07 -6.56661e-07 -5.05054e-07 2.38076e-07 3.57677e-07 -2.93251e-08 -2.02925e-07 -4.3772e-08 9.04852e-08 4.8235e-08 -2.7741e-08 -2.9735e-08 2.18423e-09 1.24032e-08 4.73744e-09 -2.4877e-10</coefficients></responseFIR><responseFIR publicID="NRL/Nanometrics/TAURUS.0_4.40.LO.0_001/3" name="NRL/Nanometrics/TAURUS.0_4.40.LO.0_001/3"><gain>1000000</gain><decimationFactor>1</decimationFactor><delay>0</delay><correction>0</correction><numberOfCoefficients>1</numberOfCoefficients><symmetry>A</symmetry><coefficients>1</coefficients></responseFIR><responseFIR publicID="NRL/Nanometrics/TAURUS.0_4.40.LO.0_001/4" name="NRL/Nanometrics/TAURUS.0_4.40.LO.0_001/4"><gain>1</gain><decimationFactor>15</decimationFactor><delay>87.99999</delay><correction>87.99999</correction><numberOfCoefficients>177</numberOfCoefficients><symmetry>A</symmetry><coefficients>-1.50596e-10 -1.49886e-10 -1.00311e-10 1.25946e-10 7.96045e-10 2.42983e-09 5.98254e-09 1.31276e-08 2.66781e-08 5.11949e-08 9.38368e-08 1.65513e-07 2.82403e-07 4.67904e-07 7.55046e-07 1.18942e-06 1.83258e-06 2.7659e-06 4.09467e-06 5.95239e-06 8.50469e-06 1.19527e-05 1.65353e-05 2.25292e-05 3.02465e-05 4.00291e-05 5.22379e-05 6.72375e-05 8.53738e-05 0.000106946 0.000132169 0.000161134 0.000193754 0.000229712 0.000268398 0.000308854 0.000349711 0.00038914 0.000424811 0.00045387 0.000472936 0.000478133 0.000465151 0.000429345 0.000365887 0.000269951 0.000136952 -3.71723e-05 -0.000255641 -0.000520481 -0.00083216 -0.00118921 -0.00158785 -0.0020217 -0.00248145 -0.00295468 -0.00342576 -0.00387587 -0.0042831 -0.00462279 -0.00486795 -0.00498988 -0.00495889 -0.00474523 -0.0043201 -0.00365672 -0.00273148 -0.00152512 -2.38364e-05 0.00177968 0.00388537 0.00628506 0.00896202 0.0118907 0.0150369 0.018358 0.0218039 0.0253179 0.0288377 0.0322978 0.0356302 0.038767 0.0416424 0.0441942 0.0463659 0.0481089 0.0493834 0.0501602 0.0504211 0.0501602 0.0493834 0.0481089 0.0463659 0.0441942 0.0416424 0.038767 0.0356302 0.0322978 0.0288377 0.0253179 0.0218039 0.018358 0.0150369 0.0118907 0.00896202 0.00628506 0.00388537 0.00177968 -2.38364e-05 -0.00152512 -0.00273148 -0.00365672 -0.0043201 -0.00474523 -0.00495889 -0.00498988 -0.00486795 -0.00462279 -0.0042831 -0.00387587 -0.00342576 -0.00295468 -0.00248145 -0.0020217 -0.00158785 -0.00118921 -0.00083216 -0.000520481 -0.000255641 -3.71723e-05 0.000136952 0.000269951 0.000365887 0.000429345 0.000465151 0.000478133 0.000472936 0.00045387 0.000424811 0.00038914 0.000349711 0.000308854 0.000268398 0.000229712 0.000193754 0.000161134 0.000132169 0.000106946 8.53738e-05 6.72375e-05 5.22379e-05 4.00291e-05 3.02465e-05 2.25292e-05 1.65353e-05 1.19527e-05 8.50469e-06 5.95239e-06 4.09467e-06 2.7659e-06 1.83258e-06 1.18942e-06 7.55046e-07 4.67904e-07 2.82403e-07 1.65513e-07 9.38368e-08 5.11949e-08 2.66781e-08 1.31276e-08 5.98254e-09 2.42983e-09 7.96045e-10 1.25946e-10 -1.00311e-10 -1.49886e-10 -1.50596e-10</coefficients></responseFIR><responseFIR publicID="NRL/Nanometrics/TAURUS.0_4.40.LO.0_001/5" name="NRL/Nanometrics/TAURUS.0_4.40.LO.0_001/5"><gain>1</gain><decimationFactor>5</decimationFactor><delay>35</delay><correction>35</correction><numberOfCoefficients>71</numberOfCoefficients><symmetry>A</symmetry><coefficients>-1.40023e-08 -1.25506e-07 -6.07492e-07 -2.04687e-06 -5.23635e-06 -1.04277e-05 -1.56651e-05 -1.46714e-05 3.8669e-06 5.25492e-05 0.000134545 0.000227328 0.000269409 0.000165389 -0.000175421 -0.000764991 -0.00145211 -0.00188164 -0.00156238 -7.9306e-05 0.00258843 0.00577767 0.0080777 0.00766531 0.00306602 -0.00585956 -0.0171185 -0.0264597 -0.0282353 -0.0171837 0.0093947 0.0499107 0.0980348 0.14394 0.176996 0.189035 0.176996 0.14394 0.0980348 0.0499107 0.0093947 -0.0171837 -0.0282353 -0.0264597 -0.0171185 -0.00585956 0.00306602 0.00766531 0.0080777 0.00577767 0.00258843 -7.9306e-05 -0.00156238 -0.00188164 -0.00145211 -0.000764991 -0.000175421 0.000165389 0.000269409 0.000227328 0.000134545 5.25492e-05 3.8669e-06 -1.46714e-05 -1.56651e-05 -1.04277e-05 -5.23635e-06 -2.04687e-06 -6.07492e-07 -1.25506e-07 -1.40023e-08</coefficients></responseFIR><responseFIR publicID="NRL/Nanometrics/TAURUS.0_4.40.LO.0_001/6" name="NRL/Nanometrics/TAURUS.0_4.40.LO.0_001/6"><gain>1</gain><decimationFactor>5</decimationFactor><delay>56</delay><correction>56</correction><numberOfCoefficients>113</numberOfCoefficients><symmetry>A</symmetry><coefficients>3.62415e-09 1.47022e-08 2.92465e-08 1.67582e-08 -9.45969e-08 -4.00529e-07 -9.37365e-07 -1.53044e-06 -1.64599e-06 -4.0787e-07 3.03009e-06 8.68599e-06 1.4766e-05 1.71367e-05 1.01281e-05 -1.07286e-05 -4.43965e-05 -8.0298e-05 -9.76176e-05 -7.09487e-05 1.69209e-05 0.000158508 0.000309494 0.00039128 0.000315589 2.91906e-05 -0.000436272 -0.000935417 -0.00122839 -0.00106147 -0.000293981 0.000975648 0.00235246 0.00321559 0.00293343 0.00117105 -0.00182955 -0.00514565 -0.00736121 -0.00705636 -0.00346765 0.00293511 0.0102486 0.0155183 0.0157062 0.00898787 -0.00408117 -0.0200454 -0.033035 -0.0362846 -0.0243088 0.00495879 0.0488453 0.100015 0.148075 0.182311 0.194711 0.182311 0.148075 0.100015 0.0488453 0.00495879 -0.0243088 -0.0362846 -0.033035 -0.0200454 -0.00408117 0.00898787 0.0157062 0.0155183 0.0102486 0.00293511 -0.00346765 -0.00705636 -0.00736121 -0.00514565 -0.00182955 0.00117105 0.00293343 0.00321559 0.00235246 0.000975648 -0.000293981 -0.00106147 -0.00122839 -0.000935417 -0.000436272 2.91906e-05 0.000315589 0.00039128 0.000309494 0.000158508 1.69209e-05 -7.09487e-05 -9.76176e-05 -8.0298e-05 -4.43965e-05 -1.07286e-05 1.01281e-05 1.71367e-05 1.4766e-05 8.68599e-06 3.03009e-06 -4.0787e-07 -1.64599e-06 -1.53044e-06 -9.37365e-07 -4.00529e-07 -9.45969e-08 1.67582e-08 2.92465e-08 1.47022e-08 3.62415e-09</coefficients></responseFIR><responseFIR publicID="NRL/Nanometrics/TAURUS.0_4.40.LO.0_001/7" name="NRL/Nanometrics/TAURUS.0_4.40.LO.0_001/7"><gain>1</gain><decimationFactor>2</decimationFactor><delay>111</delay><correction>111</correction><numberOfCoefficients>223</numberOfCoefficients><symmetry>A</symmetry><coefficients>-2.4877e-10 4.73744e-09 1.24032e-08 2.18423e-09 -2.9735e-08 -2.7741e-08 4.8235e-08 9.04852e-08 -4.3772e-08 -2.02925e-07 -2.93251e-08 3.57677e-07 2.38076e-07 -5.05054e-07 -6.56661e-07 5.29514e-07 1.33303e-06 -2.35391e-07 -2.23456e-06 -6.43189e-07 3.17885e-06 2.39189e-06 -3.76643e-06 -5.21313e-06 3.34388e-06 9.06984e-06 -1.0342e-06 -1.34948e-05 -4.1282e-06 1.74081e-05 1.29325e-05 -1.90112e-05 -2.55982e-05 1.58385e-05 4.12985e-05 -5.05136e-06 -5.76943e-05 -1.59734e-05 7.06232e-05 4.87621e-05 -7.41183e-05 -9.2656e-05 6.09281e-05 0.000143704 -2.36571e-05 -0.000193818 -4.34607e-05 0.000230529 0.0001423 -0.000237697 -0.00026842 0.00019742 0.000408986 -9.32264e-05 -0.000541667 -8.56506e-05 0.000635146 0.000339424 -0.000651794 -0.000653162 0.000552734 0.000993533 -0.000305133 -0.00130802 -0.000108987 0.00152764 0.000683646 -0.00157381 -0.00138119 0.00136932 0.00212784 -0.000852739 -0.00281433 -5.43598e-06 0.00330293 0.00118724 -0.00344149 -0.00261502 0.00308386 0.00414554 -0.00211493 -0.00557267 0.000477543 0.00664017 0.00180254 -0.00706464 -0.00459738 0.00656694 0.0076669 -0.00490895 -0.0106603 0.00193106 0.0131289 0.00241487 -0.0145476 -0.00804248 0.0143373 0.0147221 -0.0118736 -0.0220889 0.00645106 0.0296694 0.00287172 -0.0369222 -0.0177763 0.0432915 0.0424836 -0.0482648 -0.0928087 0.0514286 0.313777 0.447486 0.313777 0.0514286 -0.0928087 -0.0482648 0.0424836 0.0432915 -0.0177763 -0.0369222 0.00287172 0.0296694 0.00645106 -0.0220889 -0.0118736 0.0147221 0.0143373 -0.00804248 -0.0145476 0.00241487 0.0131289 0.00193106 -0.0106603 -0.00490895 0.0076669 0.00656694 -0.00459738 -0.00706464 0.00180254 0.00664017 0.000477543 -0.00557267 -0.00211493 0.00414554 0.00308386 -0.00261502 -0.00344149 0.00118724 0.00330293 -5.43598e-06 -0.00281433 -0.000852739 0.00212784 0.00136932 -0.00138119 -0.00157381 0.000683646 0.00152764 -0.000108987 -0.00130802 -0.000305133 0.000993533 0.000552734 -0.000653162 -0.000651794 0.000339424 0.000635146 -8.56506e-05 -0.000541667 -9.32264e-05 0.000408986 0.00019742 -0.00026842 -0.000237697 0.0001423 0.000230529 -4.34607e-05 -0.000193818 -2.36571e-05 0.000143704 6.09281e-05 -9.2656e-05 -7.41183e-05 4.87621e-05 7.06232e-05 -1.59734e-05 -5.76943e-05 -5.05136e-06 4.12985e-05 1.58385e-05 -2.55982e-05 -1.90112e-05 1.29325e-05 1.74081e-05 -4.1282e-06 -1.34948e-05 -1.0342e-06 9.06984e-06 3.34388e-06 -5.21313e-06 -3.76643e-06 2.39189e-06 3.17885e-06 -6.43189e-07 -2.23456e-06 -2.35391e-07 1.33303e-06 5.29514e-07 -6.56661e-07 -5.05054e-07 2.38076e-07 3.57677e-07 -2.93251e-08 -2.02925e-07 -4.3772e-08 9.04852e-08 4.8235e-08 -2.7741e-08 -2.9735e-08 2.18423e-09 1.24032e-08 4.73744e-09 -2.4877e-10</coefficients></responseFIR><responseFIR publicID="NRL/Nanometrics/CENTAUR.1.20.0_001.LP/3" name="NRL/Nanometrics/CENTAUR.1.20.0_001.LP/3"><gain>400000</gain><decimationFactor>1</decimationFactor><delay>0</delay><correction>0</correction><numberOfCoefficients>1</numberOfCoefficients><symmetry>A</symmetry><coefficients>1</coefficients></responseFIR><responseFIR publicID="NRL/Nanometrics/CENTAUR.1.20.0_001.LP/4" name="NRL/Nanometrics/CENTAUR.1.20.0_001.LP/4"><gain>1</gain><decimationFactor>15</decimationFactor><delay>81.99999</delay><correction>81.99999</correction><numberOfCoefficients>165</numberOfCoefficients><symmetry>A</symmetry><coefficients>-4.047908e-10 -1.390291e-10 6.728001e-10 2.757972e-09 7.546507e-09 1.766681e-08 3.769363e-08 7.523132e-08 1.424254e-07 2.57999e-07 4.499037e-07 7.586555e-07 1.241386e-06 1.97658e-06 3.069389e-06 4.657284e-06 6.915693e-06 1.00631e-05 1.436487e-05 2.013499e-05 2.773459e-05 3.756609e-05 5.006174e-05 6.566517e-05 8.480489e-05 0.0001078587 0.0001351084 0.0001666851 0.0002025053 0.0002421999 0.000285038 0.0003298504 0.000374956 0.0004180986 0.0004564003 0.0004863386 0.0005037566 0.0005039131 0.0004815801 0.0004311946 0.000347068 0.0002236552 5.588177e-05 -0.0001604755 -0.0004283654 -0.0007490084 -0.001121432 -0.001542013 -0.002004062 -0.002497462 -0.003008406 -0.00351925 -0.004008517 -0.00445107 -0.004818468 -0.005079526 -0.005201073 -0.005148892 -0.004888844 -0.004388128 -0.003616642 -0.002548397 -0.00116293 0.0005533497 0.002605953 0.004991292 0.007695918 0.01069608 0.01395761 0.01743625 0.02107831 0.02482173 0.02859758 0.03233183 0.0359474 0.03936644 0.04251273 0.04531409 0.04770474 0.04962748 0.05103565 0.05189471 0.05218345 0.05189471 0.05103565 0.04962748 0.04770474 0.04531409 0.04251273 0.03936644 0.0359474 0.03233183 0.02859758 0.02482173 0.02107831 0.01743625 0.01395761 0.01069608 0.007695918 0.004991292 0.002605953 0.0005533497 -0.00116293 -0.002548397 -0.003616642 -0.004388128 -0.004888844 -0.005148892 -0.005201073 -0.005079526 -0.004818468 -0.00445107 -0.004008517 -0.00351925 -0.003008406 -0.002497462 -0.002004062 -0.001542013 -0.001121432 -0.0007490084 -0.0004283654 -0.0001604755 5.588177e-05 0.0002236552 0.000347068 0.0004311946 0.0004815801 0.0005039131 0.0005037566 0.0004863386 0.0004564003 0.0004180986 0.000374956 0.0003298504 0.000285038 0.0002421999 0.0002025053 0.0001666851 0.0001351084 0.0001078587 8.480489e-05 6.566517e-05 5.006174e-05 3.756609e-05 2.773459e-05 2.013499e-05 1.436487e-05 1.00631e-05 6.915693e-06 4.657284e-06 3.069389e-06 1.97658e-06 1.241386e-06 7.586555e-07 4.499037e-07 2.57999e-07 1.424254e-07 7.523132e-08 3.769363e-08 1.766681e-08 7.546507e-09 2.757972e-09 6.728001e-10 -1.390291e-10 -4.047908e-10</coefficients></responseFIR><responseFIR publicID="NRL/Nanometrics/CENTAUR.1.20.0_001.LP/5" name="NRL/Nanometrics/CENTAUR.1.20.0_001.LP/5"><gain>1</gain><decimationFactor>10</decimationFactor><delay>93</delay><correction>93</correction><numberOfCoefficients>187</numberOfCoefficients><symmetry>A</symmetry><coefficients>8.46923e-10 2.27422e-09 4.538951e-09 6.873791e-09 7.10904e-09 7.627841e-10 -1.98301e-08 -6.609942e-08 -1.531138e-07 -2.982495e-07 -5.181519e-07 -8.236356e-07 -1.212476e-06 -1.660555e-06 -2.112474e-06 -2.473531e-06 -2.605619e-06 -2.330134e-06 -1.44098e-06 2.698043e-07 2.972714e-06 6.748858e-06 1.152962e-05 1.703543e-05 2.272479e-05 2.776698e-05 3.105368e-05 3.126302e-05 2.698613e-05 1.691886e-05 1.111765e-07 -2.374559e-05 -5.402672e-05 -8.892268e-05 -0.0001252819 -0.0001586044 -0.0001832359 -0.000192798 -0.0001808636 -0.0001418502 -7.206699e-05 2.919376e-05 0.0001586655 0.0003083858 0.0004654217 0.0006121983 0.0007275471 0.0007885116 0.0007728578 0.000662123 0.000444926 0.0001201614 -0.0003003695 -0.0007903605 -0.001308874 -0.00180202 -0.002206618 -0.00245579 -0.002486192 -0.002246312 -0.001705031 -0.0008594633 0.0002590112 0.001581566 0.003002498 0.004384142 0.005566316 0.006380002 0.006664402 0.006286043 0.005158141 0.003258199 0.0006416821 -0.002550179 -0.006090065 -0.009672703 -0.01293168 -0.01546425 -0.01686256 -0.01674898 -0.01481246 -0.01084255 -0.004757783 0.003374886 0.01333183 0.02473738 0.03708165 0.0497507 0.06206696 0.07333685 0.08290152 0.0901866 0.09474635 0.09629848 0.09474635 0.0901866 0.08290152 0.07333685 0.06206696 0.0497507 0.03708165 0.02473738 0.01333183 0.003374886 -0.004757783 -0.01084255 -0.01481246 -0.01674898 -0.01686256 -0.01546425 -0.01293168 -0.009672703 -0.006090065 -0.002550179 0.0006416821 0.003258199 0.005158141 0.006286043 0.006664402 0.006380002 0.005566316 0.004384142 0.003002498 0.001581566 0.0002590112 -0.0008594633 -0.001705031 -0.002246312 -0.002486192 -0.00245579 -0.002206618 -0.00180202 -0.001308874 -0.0007903605 -0.0003003695 0.0001201614 0.000444926 0.000662123 0.0007728578 0.0007885116 0.0007275471 0.0006121983 0.0004654217 0.0003083858 0.0001586655 2.919376e-05 -7.206699e-05 -0.0001418502 -0.0001808636 -0.000192798 -0.0001832359 -0.0001586044 -0.0001252819 -8.892268e-05 -5.402672e-05 -2.374559e-05 1.111765e-07 1.691886e-05 2.698613e-05 3.126302e-05 3.105368e-05 2.776698e-05 2.272479e-05 1.703543e-05 1.152962e-05 6.748858e-06 2.972714e-06 2.698043e-07 -1.44098e-06 -2.330134e-06 -2.605619e-06 -2.473531e-06 -2.112474e-06 -1.660555e-06 -1.212476e-06 -8.236356e-07 -5.181519e-07 -2.982495e-07 -1.531138e-07 -6.609942e-08 -1.98301e-08 7.627841e-10 7.10904e-09 6.873791e-09 4.538951e-09 2.27422e-09 8.46923e-10</coefficients></responseFIR><responseFIR publicID="NRL/Nanometrics/CENTAUR.1.20.0_001.LP/6" name="NRL/Nanometrics/CENTAUR.1.20.0_001.LP/6"><gain>1</gain><decimationFactor>5</decimationFactor><delay>56</delay><correction>56</correction><numberOfCoefficients>113</numberOfCoefficients><symmetry>A</symmetry><coefficients>3.624153e-09 1.470217e-08 2.924648e-08 1.675816e-08 -9.459693e-08 -4.005292e-07 -9.373652e-07 -1.530435e-06 -1.645991e-06 -4.078704e-07 3.030094e-06 8.685992e-06 1.476603e-05 1.713675e-05 1.012814e-05 -1.072856e-05 -4.439651e-05 -8.029797e-05 -9.761762e-05 -7.094869e-05 1.692091e-05 0.0001585078 0.0003094936 0.0003912802 0.0003155885 2.919058e-05 -0.0004362724 -0.0009354174 -0.001228394 -0.001061469 -0.0002939815 0.0009756478 0.002352455 0.003215585 0.002933434 0.001171051 -0.001829548 -0.005145646 -0.007361208 -0.007056359 -0.003467655 0.002935113 0.01024857 0.01551828 0.01570616 0.008987865 -0.004081172 -0.0200454 -0.03303498 -0.03628456 -0.0243088 0.004958794 0.04884525 0.1000148 0.1480753 0.1823112 0.1947111 0.1823112 0.1480753 0.1000148 0.04884525 0.004958794 -0.0243088 -0.03628456 -0.03303498 -0.0200454 -0.004081172 0.008987865 0.01570616 0.01551828 0.01024857 0.002935113 -0.003467655 -0.007056359 -0.007361208 -0.005145646 -0.001829548 0.001171051 0.002933434 0.003215585 0.002352455 0.0009756478 -0.0002939815 -0.001061469 -0.001228394 -0.0009354174 -0.0004362724 2.919058e-05 0.0003155885 0.0003912802 0.0003094936 0.0001585078 1.692091e-05 -7.094869e-05 -9.761762e-05 -8.029797e-05 -4.439651e-05 -1.072856e-05 1.012814e-05 1.713675e-05 1.476603e-05 8.685992e-06 3.030094e-06 -4.078704e-07 -1.645991e-06 -1.530435e-06 -9.373652e-07 -4.005292e-07 -9.459693e-08 1.675816e-08 2.924648e-08 1.470217e-08 3.624153e-09</coefficients></responseFIR><responseFIR publicID="NRL/Nanometrics/CENTAUR.1.20.0_001.LP/7" name="NRL/Nanometrics/CENTAUR.1.20.0_001.LP/7"><gain>1</gain><decimationFactor>2</decimationFactor><delay>111</delay><correction>111</correction><numberOfCoefficients>223</numberOfCoefficients><symmetry>A</symmetry><coefficients>-2.487704e-10 4.73744e-09 1.240319e-08 2.18423e-09 -2.973504e-08 -2.774098e-08 4.823501e-08 9.04852e-08 -4.377202e-08 -2.029251e-07 -2.93251e-08 3.576771e-07 2.380756e-07 -5.050541e-07 -6.566606e-07 5.295136e-07 1.333027e-06 -2.353909e-07 -2.234558e-06 -6.431887e-07 3.178848e-06 2.391894e-06 -3.766426e-06 -5.213131e-06 3.343879e-06 9.069842e-06 -1.034203e-06 -1.349476e-05 -4.128203e-06 1.740814e-05 1.293247e-05 -1.901116e-05 -2.55982e-05 1.583847e-05 4.129854e-05 -5.051362e-06 -5.769434e-05 -1.597343e-05 7.06232e-05 4.876212e-05 -7.411825e-05 -9.265601e-05 6.092806e-05 0.0001437042 -2.365713e-05 -0.0001938177 -4.346068e-05 0.0002305286 0.0001422997 -0.0002376966 -0.0002684195 0.00019742 0.0004089862 -9.322642e-05 -0.0005416667 -8.56506e-05 0.0006351459 0.0003394235 -0.0006517938 -0.0006531623 0.000552734 0.0009935334 -0.000305133 -0.00130802 -0.0001089867 0.001527642 0.0006836461 -0.001573808 -0.00138119 0.001369316 0.002127841 -0.0008527391 -0.002814326 -5.435981e-06 0.003302926 0.001187235 -0.003441493 -0.002615018 0.003083861 0.004145541 -0.002114933 -0.005572669 0.0004775432 0.006640171 0.001802538 -0.00706464 -0.004597381 0.00656694 0.007666904 -0.00490895 -0.01066029 0.001931064 0.01312888 0.002414871 -0.01454758 -0.008042475 0.01433728 0.01472206 -0.01187359 -0.02208895 0.00645106 0.0296694 0.002871719 -0.03692219 -0.01777635 0.04329151 0.04248361 -0.04826485 -0.09280869 0.05142858 0.3137774 0.4474858 0.3137774 0.05142858 -0.09280869 -0.04826485 0.04248361 0.04329151 -0.01777635 -0.03692219 0.002871719 0.0296694 0.00645106 -0.02208895 -0.01187359 0.01472206 0.01433728 -0.008042475 -0.01454758 0.002414871 0.01312888 0.001931064 -0.01066029 -0.00490895 0.007666904 0.00656694 -0.004597381 -0.00706464 0.001802538 0.006640171 0.0004775432 -0.005572669 -0.002114933 0.004145541 0.003083861 -0.002615018 -0.003441493 0.001187235 0.003302926 -5.435981e-06 -0.002814326 -0.0008527391 0.002127841 0.001369316 -0.00138119 -0.001573808 0.0006836461 0.001527642 -0.0001089867 -0.00130802 -0.000305133 0.0009935334 0.000552734 -0.0006531623 -0.0006517938 0.0003394235 0.0006351459 -8.56506e-05 -0.0005416667 -9.322642e-05 0.0004089862 0.00019742 -0.0002684195 -0.0002376966 0.0001422997 0.0002305286 -4.346068e-05 -0.0001938177 -2.365713e-05 0.0001437042 6.092806e-05 -9.265601e-05 -7.411825e-05 4.876212e-05 7.06232e-05 -1.597343e-05 -5.769434e-05 -5.051362e-06 4.129854e-05 1.583847e-05 -2.55982e-05 -1.901116e-05 1.293247e-05 1.740814e-05 -4.128203e-06 -1.349476e-05 -1.034203e-06 9.069842e-06 3.343879e-06 -5.213131e-06 -3.766426e-06 2.391894e-06 3.178848e-06 -6.431887e-07 -2.234558e-06 -2.353909e-07 1.333027e-06 5.295136e-07 -6.566606e-07 -5.050541e-07 2.380756e-07 3.576771e-07 -2.93251e-08 -2.029251e-07 -4.377202e-08 9.04852e-08 4.823501e-08 -2.774098e-08 -2.973504e-08 2.18423e-09 1.240319e-08 4.73744e-09 -2.487704e-10</coefficients></responseFIR><responseFIR publicID="NRL/Nanometrics/CENTAUR.1.40.0_001.LP/3" name="NRL/Nanometrics/CENTAUR.1.40.0_001.LP/3"><gain>400000</gain><decimationFactor>1</decimationFactor><delay>0</delay><correction>0</correction><numberOfCoefficients>1</numberOfCoefficients><symmetry>A</symmetry><coefficients>1</coefficients></responseFIR><responseFIR publicID="NRL/Nanometrics/CENTAUR.1.40.0_001.LP/4" name="NRL/Nanometrics/CENTAUR.1.40.0_001.LP/4"><gain>1</gain><decimationFactor>15</decimationFactor><delay>87.99999</delay><correction>87.99999</correction><numberOfCoefficients>177</numberOfCoefficients><symmetry>A</symmetry><coefficients>-1.505963e-10 -1.498864e-10 -1.003114e-10 1.259464e-10 7.960452e-10 2.429826e-09 5.982545e-09 1.312758e-08 2.667805e-08 5.11949e-08 9.383678e-08 1.655131e-07 2.824034e-07 4.679037e-07 7.550464e-07 1.189421e-06 1.832584e-06 2.765898e-06 4.094671e-06 5.952385e-06 8.504687e-06 1.195274e-05 1.653534e-05 2.25292e-05 3.024654e-05 4.002912e-05 5.223793e-05 6.723746e-05 8.537376e-05 0.0001069458 0.0001321694 0.0001611344 0.0001937545 0.0002297118 0.000268398 0.0003088539 0.000349711 0.0003891402 0.0004248112 0.0004538696 0.0004729357 0.000478133 0.0004651506 0.0004293454 0.0003658874 0.0002699508 0.0001369516 -3.717235e-05 -0.0002556407 -0.0005204814 -0.0008321602 -0.001189207 -0.001587853 -0.002021701 -0.002481447 -0.002954677 -0.003425763 -0.003875869 -0.004283101 -0.004622793 -0.004867955 -0.004989878 -0.004958887 -0.004745233 -0.004320103 -0.003656717 -0.002731476 -0.001525117 -2.383639e-05 0.001779682 0.003885369 0.00628506 0.008962016 0.01189071 0.0150369 0.01835803 0.02180394 0.02531786 0.02883773 0.03229776 0.03563016 0.03876704 0.04164242 0.04419417 0.04636594 0.04810893 0.04938344 0.05016015 0.05042108 0.05016015 0.04938344 0.04810893 0.04636594 0.04419417 0.04164242 0.03876704 0.03563016 0.03229776 0.02883773 0.02531786 0.02180394 0.01835803 0.0150369 0.01189071 0.008962016 0.00628506 0.003885369 0.001779682 -2.383639e-05 -0.001525117 -0.002731476 -0.003656717 -0.004320103 -0.004745233 -0.004958887 -0.004989878 -0.004867955 -0.004622793 -0.004283101 -0.003875869 -0.003425763 -0.002954677 -0.002481447 -0.002021701 -0.001587853 -0.001189207 -0.0008321602 -0.0005204814 -0.0002556407 -3.717235e-05 0.0001369516 0.0002699508 0.0003658874 0.0004293454 0.0004651506 0.000478133 0.0004729357 0.0004538696 0.0004248112 0.0003891402 0.000349711 0.0003088539 0.000268398 0.0002297118 0.0001937545 0.0001611344 0.0001321694 0.0001069458 8.537376e-05 6.723746e-05 5.223793e-05 4.002912e-05 3.024654e-05 2.25292e-05 1.653534e-05 1.195274e-05 8.504687e-06 5.952385e-06 4.094671e-06 2.765898e-06 1.832584e-06 1.189421e-06 7.550464e-07 4.679037e-07 2.824034e-07 1.655131e-07 9.383678e-08 5.11949e-08 2.667805e-08 1.312758e-08 5.982545e-09 2.429826e-09 7.960452e-10 1.259464e-10 -1.003114e-10 -1.498864e-10 -1.505963e-10</coefficients></responseFIR><responseFIR publicID="NRL/Nanometrics/CENTAUR.1.40.0_001.LP/5" name="NRL/Nanometrics/CENTAUR.1.40.0_001.LP/5"><gain>1</gain><decimationFactor>5</decimationFactor><delay>35</delay><correction>35</correction><numberOfCoefficients>71</numberOfCoefficients><symmetry>A</symmetry><coefficients>-1.400229e-08 -1.255059e-07 -6.074921e-07 -2.046866e-06 -5.236352e-06 -1.042766e-05 -1.566514e-05 -1.467138e-05 3.866903e-06 5.254917e-05 0.0001345447 0.0002273285 0.0002694088 0.0001653887 -0.0001754205 -0.0007649912 -0.001452111 -0.001881641 -0.001562383 -7.930603e-05 0.002588435 0.005777669 0.008077698 0.007665307 0.003066022 -0.005859562 -0.01711852 -0.02645966 -0.02823533 -0.01718375 0.009394698 0.04991073 0.09803478 0.1439399 0.1769958 0.1890346 0.1769958 0.1439399 0.09803478 0.04991073 0.009394698 -0.01718375 -0.02823533 -0.02645966 -0.01711852 -0.005859562 0.003066022 0.007665307 0.008077698 0.005777669 0.002588435 -7.930603e-05 -0.001562383 -0.001881641 -0.001452111 -0.0007649912 -0.0001754205 0.0001653887 0.0002694088 0.0002273285 0.0001345447 5.254917e-05 3.866903e-06 -1.467138e-05 -1.566514e-05 -1.042766e-05 -5.236352e-06 -2.046866e-06 -6.074921e-07 -1.255059e-07 -1.400229e-08</coefficients></responseFIR><responseFIR publicID="NRL/Nanometrics/CENTAUR.1.40.0_001.LP/6" name="NRL/Nanometrics/CENTAUR.1.40.0_001.LP/6"><gain>1</gain><decimationFactor>5</decimationFactor><delay>56</delay><correction>56</correction><numberOfCoefficients>113</numberOfCoefficients><symmetry>A</symmetry><coefficients>3.624153e-09 1.470217e-08 2.924648e-08 1.675816e-08 -9.459693e-08 -4.005292e-07 -9.373652e-07 -1.530435e-06 -1.645991e-06 -4.078704e-07 3.030094e-06 8.685992e-06 1.476603e-05 1.713675e-05 1.012814e-05 -1.072856e-05 -4.439651e-05 -8.029797e-05 -9.761762e-05 -7.094869e-05 1.692091e-05 0.0001585078 0.0003094936 0.0003912802 0.0003155885 2.919058e-05 -0.0004362724 -0.0009354174 -0.001228394 -0.001061469 -0.0002939815 0.0009756478 0.002352455 0.003215585 0.002933434 0.001171051 -0.001829548 -0.005145646 -0.007361208 -0.007056359 -0.003467655 0.002935113 0.01024857 0.01551828 0.01570616 0.008987865 -0.004081172 -0.0200454 -0.03303498 -0.03628456 -0.0243088 0.004958794 0.04884525 0.1000148 0.1480753 0.1823112 0.1947111 0.1823112 0.1480753 0.1000148 0.04884525 0.004958794 -0.0243088 -0.03628456 -0.03303498 -0.0200454 -0.004081172 0.008987865 0.01570616 0.01551828 0.01024857 0.002935113 -0.003467655 -0.007056359 -0.007361208 -0.005145646 -0.001829548 0.001171051 0.002933434 0.003215585 0.002352455 0.0009756478 -0.0002939815 -0.001061469 -0.001228394 -0.0009354174 -0.0004362724 2.919058e-05 0.0003155885 0.0003912802 0.0003094936 0.0001585078 1.692091e-05 -7.094869e-05 -9.761762e-05 -8.029797e-05 -4.439651e-05 -1.072856e-05 1.012814e-05 1.713675e-05 1.476603e-05 8.685992e-06 3.030094e-06 -4.078704e-07 -1.645991e-06 -1.530435e-06 -9.373652e-07 -4.005292e-07 -9.459693e-08 1.675816e-08 2.924648e-08 1.470217e-08 3.624153e-09</coefficients></responseFIR><responseFIR publicID="NRL/Nanometrics/CENTAUR.1.40.0_001.LP/7" name="NRL/Nanometrics/CENTAUR.1.40.0_001.LP/7"><gain>1</gain><decimationFactor>2</decimationFactor><delay>111</delay><correction>111</correction><numberOfCoefficients>223</numberOfCoefficients><symmetry>A</symmetry><coefficients>-2.487704e-10 4.73744e-09 1.240319e-08 2.18423e-09 -2.973504e-08 -2.774098e-08 4.823501e-08 9.04852e-08 -4.377202e-08 -2.029251e-07 -2.93251e-08 3.576771e-07 2.380756e-07 -5.050541e-07 -6.566606e-07 5.295136e-07 1.333027e-06 -2.353909e-07 -2.234558e-06 -6.431887e-07 3.178848e-06 2.391894e-06 -3.766426e-06 -5.213131e-06 3.343879e-06 9.069842e-06 -1.034203e-06 -1.349476e-05 -4.128203e-06 1.740814e-05 1.293247e-05 -1.901116e-05 -2.55982e-05 1.583847e-05 4.129854e-05 -5.051362e-06 -5.769434e-05 -1.597343e-05 7.06232e-05 4.876212e-05 -7.411825e-05 -9.265601e-05 6.092806e-05 0.0001437042 -2.365713e-05 -0.0001938177 -4.346068e-05 0.0002305286 0.0001422997 -0.0002376966 -0.0002684195 0.00019742 0.0004089862 -9.322642e-05 -0.0005416667 -8.56506e-05 0.0006351459 0.0003394235 -0.0006517938 -0.0006531623 0.000552734 0.0009935334 -0.000305133 -0.00130802 -0.0001089867 0.001527642 0.0006836461 -0.001573808 -0.00138119 0.001369316 0.002127841 -0.0008527391 -0.002814326 -5.435981e-06 0.003302926 0.001187235 -0.003441493 -0.002615018 0.003083861 0.004145541 -0.002114933 -0.005572669 0.0004775432 0.006640171 0.001802538 -0.00706464 -0.004597381 0.00656694 0.007666904 -0.00490895 -0.01066029 0.001931064 0.01312888 0.002414871 -0.01454758 -0.008042475 0.01433728 0.01472206 -0.01187359 -0.02208895 0.00645106 0.0296694 0.002871719 -0.03692219 -0.01777635 0.04329151 0.04248361 -0.04826485 -0.09280869 0.05142858 0.3137774 0.4474858 0.3137774 0.05142858 -0.09280869 -0.04826485 0.04248361 0.04329151 -0.01777635 -0.03692219 0.002871719 0.0296694 0.00645106 -0.02208895 -0.01187359 0.01472206 0.01433728 -0.008042475 -0.01454758 0.002414871 0.01312888 0.001931064 -0.01066029 -0.00490895 0.007666904 0.00656694 -0.004597381 -0.00706464 0.001802538 0.006640171 0.0004775432 -0.005572669 -0.002114933 0.004145541 0.003083861 -0.002615018 -0.003441493 0.001187235 0.003302926 -5.435981e-06 -0.002814326 -0.0008527391 0.002127841 0.001369316 -0.00138119 -0.001573808 0.0006836461 0.001527642 -0.0001089867 -0.00130802 -0.000305133 0.0009935334 0.000552734 -0.0006531623 -0.0006517938 0.0003394235 0.0006351459 -8.56506e-05 -0.0005416667 -9.322642e-05 0.0004089862 0.00019742 -0.0002684195 -0.0002376966 0.0001422997 0.0002305286 -4.346068e-05 -0.0001938177 -2.365713e-05 0.0001437042 6.092806e-05 -9.265601e-05 -7.411825e-05 4.876212e-05 7.06232e-05 -1.597343e-05 -5.769434e-05 -5.051362e-06 4.129854e-05 1.583847e-05 -2.55982e-05 -1.901116e-05 1.293247e-05 1.740814e-05 -4.128203e-06 -1.349476e-05 -1.034203e-06 9.069842e-06 3.343879e-06 -5.213131e-06 -3.766426e-06 2.391894e-06 3.178848e-06 -6.431887e-07 -2.234558e-06 -2.353909e-07 1.333027e-06 5.295136e-07 -6.566606e-07 -5.050541e-07 2.380756e-07 3.576771e-07 -2.93251e-08 -2.029251e-07 -4.377202e-08 9.04852e-08 4.823501e-08 -2.774098e-08 -2.973504e-08 2.18423e-09 1.240319e-08 4.73744e-09 -2.487704e-10</coefficients></responseFIR><responseFIR publicID="NRL/Nanometrics/CENTAUR.1.100.0_001.LP/3" name="NRL/Nanometrics/CENTAUR.1.100.0_001.LP/3"><gain>400000</gain><decimationFactor>1</decimationFactor><delay>0</delay><correction>0</correction><numberOfCoefficients>1</numberOfCoefficients><symmetry>A</symmetry><coefficients>1</coefficients></responseFIR><responseFIR publicID="NRL/Nanometrics/CENTAUR.1.100.0_001.LP/4" name="NRL/Nanometrics/CENTAUR.1.100.0_001.LP/4"><gain>1</gain><decimationFactor>15</decimationFactor><delay>81.99999</delay><correction>81.99999</correction><numberOfCoefficients>165</numberOfCoefficients><symmetry>A</symmetry><coefficients>-4.047908e-10 -1.390291e-10 6.728001e-10 2.757972e-09 7.546507e-09 1.766681e-08 3.769363e-08 7.523132e-08 1.424254e-07 2.57999e-07 4.499037e-07 7.586555e-07 1.241386e-06 1.97658e-06 3.069389e-06 4.657284e-06 6.915693e-06 1.00631e-05 1.436487e-05 2.013499e-05 2.773459e-05 3.756609e-05 5.006174e-05 6.566517e-05 8.480489e-05 0.0001078587 0.0001351084 0.0001666851 0.0002025053 0.0002421999 0.000285038 0.0003298504 0.000374956 0.0004180986 0.0004564003 0.0004863386 0.0005037566 0.0005039131 0.0004815801 0.0004311946 0.000347068 0.0002236552 5.588177e-05 -0.0001604755 -0.0004283654 -0.0007490084 -0.001121432 -0.001542013 -0.002004062 -0.002497462 -0.003008406 -0.00351925 -0.004008517 -0.00445107 -0.004818468 -0.005079526 -0.005201073 -0.005148892 -0.004888844 -0.004388128 -0.003616642 -0.002548397 -0.00116293 0.0005533497 0.002605953 0.004991292 0.007695918 0.01069608 0.01395761 0.01743625 0.02107831 0.02482173 0.02859758 0.03233183 0.0359474 0.03936644 0.04251273 0.04531409 0.04770474 0.04962748 0.05103565 0.05189471 0.05218345 0.05189471 0.05103565 0.04962748 0.04770474 0.04531409 0.04251273 0.03936644 0.0359474 0.03233183 0.02859758 0.02482173 0.02107831 0.01743625 0.01395761 0.01069608 0.007695918 0.004991292 0.002605953 0.0005533497 -0.00116293 -0.002548397 -0.003616642 -0.004388128 -0.004888844 -0.005148892 -0.005201073 -0.005079526 -0.004818468 -0.00445107 -0.004008517 -0.00351925 -0.003008406 -0.002497462 -0.002004062 -0.001542013 -0.001121432 -0.0007490084 -0.0004283654 -0.0001604755 5.588177e-05 0.0002236552 0.000347068 0.0004311946 0.0004815801 0.0005039131 0.0005037566 0.0004863386 0.0004564003 0.0004180986 0.000374956 0.0003298504 0.000285038 0.0002421999 0.0002025053 0.0001666851 0.0001351084 0.0001078587 8.480489e-05 6.566517e-05 5.006174e-05 3.756609e-05 2.773459e-05 2.013499e-05 1.436487e-05 1.00631e-05 6.915693e-06 4.657284e-06 3.069389e-06 1.97658e-06 1.241386e-06 7.586555e-07 4.499037e-07 2.57999e-07 1.424254e-07 7.523132e-08 3.769363e-08 1.766681e-08 7.546507e-09 2.757972e-09 6.728001e-10 -1.390291e-10 -4.047908e-10</coefficients></responseFIR><responseFIR publicID="NRL/Nanometrics/CENTAUR.1.100.0_001.LP/5" name="NRL/Nanometrics/CENTAUR.1.100.0_001.LP/5"><gain>1</gain><decimationFactor>10</decimationFactor><delay>93</delay><correction>93</correction><numberOfCoefficients>187</numberOfCoefficients><symmetry>A</symmetry><coefficients>8.46923e-10 2.27422e-09 4.538951e-09 6.873791e-09 7.10904e-09 7.627841e-10 -1.98301e-08 -6.609942e-08 -1.531138e-07 -2.982495e-07 -5.181519e-07 -8.236356e-07 -1.212476e-06 -1.660555e-06 -2.112474e-06 -2.473531e-06 -2.605619e-06 -2.330134e-06 -1.44098e-06 2.698043e-07 2.972714e-06 6.748858e-06 1.152962e-05 1.703543e-05 2.272479e-05 2.776698e-05 3.105368e-05 3.126302e-05 2.698613e-05 1.691886e-05 1.111765e-07 -2.374559e-05 -5.402672e-05 -8.892268e-05 -0.0001252819 -0.0001586044 -0.0001832359 -0.000192798 -0.0001808636 -0.0001418502 -7.206699e-05 2.919376e-05 0.0001586655 0.0003083858 0.0004654217 0.0006121983 0.0007275471 0.0007885116 0.0007728578 0.000662123 0.000444926 0.0001201614 -0.0003003695 -0.0007903605 -0.001308874 -0.00180202 -0.002206618 -0.00245579 -0.002486192 -0.002246312 -0.001705031 -0.0008594633 0.0002590112 0.001581566 0.003002498 0.004384142 0.005566316 0.006380002 0.006664402 0.006286043 0.005158141 0.003258199 0.0006416821 -0.002550179 -0.006090065 -0.009672703 -0.01293168 -0.01546425 -0.01686256 -0.01674898 -0.01481246 -0.01084255 -0.004757783 0.003374886 0.01333183 0.02473738 0.03708165 0.0497507 0.06206696 0.07333685 0.08290152 0.0901866 0.09474635 0.09629848 0.09474635 0.0901866 0.08290152 0.07333685 0.06206696 0.0497507 0.03708165 0.02473738 0.01333183 0.003374886 -0.004757783 -0.01084255 -0.01481246 -0.01674898 -0.01686256 -0.01546425 -0.01293168 -0.009672703 -0.006090065 -0.002550179 0.0006416821 0.003258199 0.005158141 0.006286043 0.006664402 0.006380002 0.005566316 0.004384142 0.003002498 0.001581566 0.0002590112 -0.0008594633 -0.001705031 -0.002246312 -0.002486192 -0.00245579 -0.002206618 -0.00180202 -0.001308874 -0.0007903605 -0.0003003695 0.0001201614 0.000444926 0.000662123 0.0007728578 0.0007885116 0.0007275471 0.0006121983 0.0004654217 0.0003083858 0.0001586655 2.919376e-05 -7.206699e-05 -0.0001418502 -0.0001808636 -0.000192798 -0.0001832359 -0.0001586044 -0.0001252819 -8.892268e-05 -5.402672e-05 -2.374559e-05 1.111765e-07 1.691886e-05 2.698613e-05 3.126302e-05 3.105368e-05 2.776698e-05 2.272479e-05 1.703543e-05 1.152962e-05 6.748858e-06 2.972714e-06 2.698043e-07 -1.44098e-06 -2.330134e-06 -2.605619e-06 -2.473531e-06 -2.112474e-06 -1.660555e-06 -1.212476e-06 -8.236356e-07 -5.181519e-07 -2.982495e-07 -1.531138e-07 -6.609942e-08 -1.98301e-08 7.627841e-10 7.10904e-09 6.873791e-09 4.538951e-09 2.27422e-09 8.46923e-10</coefficients></responseFIR><responseFIR publicID="NRL/Nanometrics/CENTAUR.1.100.0_001.LP/6" name="NRL/Nanometrics/CENTAUR.1.100.0_001.LP/6"><gain>1</gain><decimationFactor>2</decimationFactor><delay>111</delay><correction>111</correction><numberOfCoefficients>223</numberOfCoefficients><symmetry>A</symmetry><coefficients>-2.487704e-10 4.73744e-09 1.240319e-08 2.18423e-09 -2.973504e-08 -2.774098e-08 4.823501e-08 9.04852e-08 -4.377202e-08 -2.029251e-07 -2.93251e-08 3.576771e-07 2.380756e-07 -5.050541e-07 -6.566606e-07 5.295136e-07 1.333027e-06 -2.353909e-07 -2.234558e-06 -6.431887e-07 3.178848e-06 2.391894e-06 -3.766426e-06 -5.213131e-06 3.343879e-06 9.069842e-06 -1.034203e-06 -1.349476e-05 -4.128203e-06 1.740814e-05 1.293247e-05 -1.901116e-05 -2.55982e-05 1.583847e-05 4.129854e-05 -5.051362e-06 -5.769434e-05 -1.597343e-05 7.06232e-05 4.876212e-05 -7.411825e-05 -9.265601e-05 6.092806e-05 0.0001437042 -2.365713e-05 -0.0001938177 -4.346068e-05 0.0002305286 0.0001422997 -0.0002376966 -0.0002684195 0.00019742 0.0004089862 -9.322642e-05 -0.0005416667 -8.56506e-05 0.0006351459 0.0003394235 -0.0006517938 -0.0006531623 0.000552734 0.0009935334 -0.000305133 -0.00130802 -0.0001089867 0.001527642 0.0006836461 -0.001573808 -0.00138119 0.001369316 0.002127841 -0.0008527391 -0.002814326 -5.435981e-06 0.003302926 0.001187235 -0.003441493 -0.002615018 0.003083861 0.004145541 -0.002114933 -0.005572669 0.0004775432 0.006640171 0.001802538 -0.00706464 -0.004597381 0.00656694 0.007666904 -0.00490895 -0.01066029 0.001931064 0.01312888 0.002414871 -0.01454758 -0.008042475 0.01433728 0.01472206 -0.01187359 -0.02208895 0.00645106 0.0296694 0.002871719 -0.03692219 -0.01777635 0.04329151 0.04248361 -0.04826485 -0.09280869 0.05142858 0.3137774 0.4474858 0.3137774 0.05142858 -0.09280869 -0.04826485 0.04248361 0.04329151 -0.01777635 -0.03692219 0.002871719 0.0296694 0.00645106 -0.02208895 -0.01187359 0.01472206 0.01433728 -0.008042475 -0.01454758 0.002414871 0.01312888 0.001931064 -0.01066029 -0.00490895 0.007666904 0.00656694 -0.004597381 -0.00706464 0.001802538 0.006640171 0.0004775432 -0.005572669 -0.002114933 0.004145541 0.003083861 -0.002615018 -0.003441493 0.001187235 0.003302926 -5.435981e-06 -0.002814326 -0.0008527391 0.002127841 0.001369316 -0.00138119 -0.001573808 0.0006836461 0.001527642 -0.0001089867 -0.00130802 -0.000305133 0.0009935334 0.000552734 -0.0006531623 -0.0006517938 0.0003394235 0.0006351459 -8.56506e-05 -0.0005416667 -9.322642e-05 0.0004089862 0.00019742 -0.0002684195 -0.0002376966 0.0001422997 0.0002305286 -4.346068e-05 -0.0001938177 -2.365713e-05 0.0001437042 6.092806e-05 -9.265601e-05 -7.411825e-05 4.876212e-05 7.06232e-05 -1.597343e-05 -5.769434e-05 -5.051362e-06 4.129854e-05 1.583847e-05 -2.55982e-05 -1.901116e-05 1.293247e-05 1.740814e-05 -4.128203e-06 -1.349476e-05 -1.034203e-06 9.069842e-06 3.343879e-06 -5.213131e-06 -3.766426e-06 2.391894e-06 3.178848e-06 -6.431887e-07 -2.234558e-06 -2.353909e-07 1.333027e-06 5.295136e-07 -6.566606e-07 -5.050541e-07 2.380756e-07 3.576771e-07 -2.93251e-08 -2.029251e-07 -4.377202e-08 9.04852e-08 4.823501e-08 -2.774098e-08 -2.973504e-08 2.18423e-09 1.240319e-08 4.73744e-09 -2.487704e-10</coefficients></responseFIR><responseFIR publicID="NRL/Nanometrics/TAURUS.0_4.100.LO.0_001/3" name="NRL/Nanometrics/TAURUS.0_4.100.LO.0_001/3"><gain>1000000</gain><decimationFactor>1</decimationFactor><delay>0</delay><correction>0</correction><numberOfCoefficients>1</numberOfCoefficients><symmetry>A</symmetry><coefficients>1</coefficients></responseFIR><responseFIR publicID="NRL/Nanometrics/TAURUS.0_4.100.LO.0_001/4" name="NRL/Nanometrics/TAURUS.0_4.100.LO.0_001/4"><gain>1</gain><decimationFactor>15</decimationFactor><delay>81.99999</delay><correction>81.99999</correction><numberOfCoefficients>165</numberOfCoefficients><symmetry>A</symmetry><coefficients>-4.04791e-10 -1.39029e-10 6.728e-10 2.75797e-09 7.54651e-09 1.76668e-08 3.76936e-08 7.52313e-08 1.42425e-07 2.57999e-07 4.49904e-07 7.58655e-07 1.24139e-06 1.97658e-06 3.06939e-06 4.65728e-06 6.91569e-06 1.00631e-05 1.43649e-05 2.0135e-05 2.77346e-05 3.75661e-05 5.00617e-05 6.56652e-05 8.48049e-05 0.000107859 0.000135108 0.000166685 0.000202505 0.0002422 0.000285038 0.00032985 0.000374956 0.000418099 0.0004564 0.000486339 0.000503757 0.000503913 0.00048158 0.000431195 0.000347068 0.000223655 5.58818e-05 -0.000160476 -0.000428365 -0.000749008 -0.00112143 -0.00154201 -0.00200406 -0.00249746 -0.00300841 -0.00351925 -0.00400852 -0.00445107 -0.00481847 -0.00507953 -0.00520107 -0.00514889 -0.00488884 -0.00438813 -0.00361664 -0.0025484 -0.00116293 0.00055335 0.00260595 0.00499129 0.00769592 0.0106961 0.0139576 0.0174363 0.0210783 0.0248217 0.0285976 0.0323318 0.0359474 0.0393664 0.0425127 0.0453141 0.0477047 0.0496275 0.0510356 0.0518947 0.0521834 0.0518947 0.0510356 0.0496275 0.0477047 0.0453141 0.0425127 0.0393664 0.0359474 0.0323318 0.0285976 0.0248217 0.0210783 0.0174363 0.0139576 0.0106961 0.00769592 0.00499129 0.00260595 0.00055335 -0.00116293 -0.0025484 -0.00361664 -0.00438813 -0.00488884 -0.00514889 -0.00520107 -0.00507953 -0.00481847 -0.00445107 -0.00400852 -0.00351925 -0.00300841 -0.00249746 -0.00200406 -0.00154201 -0.00112143 -0.000749008 -0.000428365 -0.000160476 5.58818e-05 0.000223655 0.000347068 0.000431195 0.00048158 0.000503913 0.000503757 0.000486339 0.0004564 0.000418099 0.000374956 0.00032985 0.000285038 0.0002422 0.000202505 0.000166685 0.000135108 0.000107859 8.48049e-05 6.56652e-05 5.00617e-05 3.75661e-05 2.77346e-05 2.0135e-05 1.43649e-05 1.00631e-05 6.91569e-06 4.65728e-06 3.06939e-06 1.97658e-06 1.24139e-06 7.58655e-07 4.49904e-07 2.57999e-07 1.42425e-07 7.52313e-08 3.76936e-08 1.76668e-08 7.54651e-09 2.75797e-09 6.728e-10 -1.39029e-10 -4.04791e-10</coefficients></responseFIR><responseFIR publicID="NRL/Nanometrics/TAURUS.0_4.100.LO.0_001/5" name="NRL/Nanometrics/TAURUS.0_4.100.LO.0_001/5"><gain>1</gain><decimationFactor>10</decimationFactor><delay>93</delay><correction>93</correction><numberOfCoefficients>187</numberOfCoefficients><symmetry>A</symmetry><coefficients>8.46923e-10 2.27422e-09 4.53895e-09 6.87379e-09 7.10904e-09 7.62784e-10 -1.98301e-08 -6.60994e-08 -1.53114e-07 -2.98249e-07 -5.18152e-07 -8.23636e-07 -1.21248e-06 -1.66055e-06 -2.11247e-06 -2.47353e-06 -2.60562e-06 -2.33013e-06 -1.44098e-06 2.69804e-07 2.97271e-06 6.74886e-06 1.15296e-05 1.70354e-05 2.27248e-05 2.7767e-05 3.10537e-05 3.1263e-05 2.69861e-05 1.69189e-05 1.11176e-07 -2.37456e-05 -5.40267e-05 -8.89227e-05 -0.000125282 -0.000158604 -0.000183236 -0.000192798 -0.000180864 -0.00014185 -7.2067e-05 2.91938e-05 0.000158665 0.000308386 0.000465422 0.000612198 0.000727547 0.000788512 0.000772858 0.000662123 0.000444926 0.000120161 -0.000300369 -0.000790361 -0.00130887 -0.00180202 -0.00220662 -0.00245579 -0.00248619 -0.00224631 -0.00170503 -0.000859463 0.000259011 0.00158157 0.0030025 0.00438414 0.00556632 0.00638 0.0066644 0.00628604 0.00515814 0.0032582 0.000641682 -0.00255018 -0.00609006 -0.0096727 -0.0129317 -0.0154642 -0.0168626 -0.016749 -0.0148125 -0.0108426 -0.00475778 0.00337489 0.0133318 0.0247374 0.0370816 0.0497507 0.062067 0.0733368 0.0829015 0.0901866 0.0947464 0.0962985 0.0947464 0.0901866 0.0829015 0.0733368 0.062067 0.0497507 0.0370816 0.0247374 0.0133318 0.00337489 -0.00475778 -0.0108426 -0.0148125 -0.016749 -0.0168626 -0.0154642 -0.0129317 -0.0096727 -0.00609006 -0.00255018 0.000641682 0.0032582 0.00515814 0.00628604 0.0066644 0.00638 0.00556632 0.00438414 0.0030025 0.00158157 0.000259011 -0.000859463 -0.00170503 -0.00224631 -0.00248619 -0.00245579 -0.00220662 -0.00180202 -0.00130887 -0.000790361 -0.000300369 0.000120161 0.000444926 0.000662123 0.000772858 0.000788512 0.000727547 0.000612198 0.000465422 0.000308386 0.000158665 2.91938e-05 -7.2067e-05 -0.00014185 -0.000180864 -0.000192798 -0.000183236 -0.000158604 -0.000125282 -8.89227e-05 -5.40267e-05 -2.37456e-05 1.11176e-07 1.69189e-05 2.69861e-05 3.1263e-05 3.10537e-05 2.7767e-05 2.27248e-05 1.70354e-05 1.15296e-05 6.74886e-06 2.97271e-06 2.69804e-07 -1.44098e-06 -2.33013e-06 -2.60562e-06 -2.47353e-06 -2.11247e-06 -1.66055e-06 -1.21248e-06 -8.23636e-07 -5.18152e-07 -2.98249e-07 -1.53114e-07 -6.60994e-08 -1.98301e-08 7.62784e-10 7.10904e-09 6.87379e-09 4.53895e-09 2.27422e-09 8.46923e-10</coefficients></responseFIR><responseFIR publicID="NRL/Nanometrics/TAURUS.0_4.100.LO.0_001/6" name="NRL/Nanometrics/TAURUS.0_4.100.LO.0_001/6"><gain>1</gain><decimationFactor>2</decimationFactor><delay>111</delay><correction>111</correction><numberOfCoefficients>223</numberOfCoefficients><symmetry>A</symmetry><coefficients>-2.4877e-10 4.73744e-09 1.24032e-08 2.18423e-09 -2.9735e-08 -2.7741e-08 4.8235e-08 9.04852e-08 -4.3772e-08 -2.02925e-07 -2.93251e-08 3.57677e-07 2.38076e-07 -5.05054e-07 -6.56661e-07 5.29514e-07 1.33303e-06 -2.35391e-07 -2.23456e-06 -6.43189e-07 3.17885e-06 2.39189e-06 -3.76643e-06 -5.21313e-06 3.34388e-06 9.06984e-06 -1.0342e-06 -1.34948e-05 -4.1282e-06 1.74081e-05 1.29325e-05 -1.90112e-05 -2.55982e-05 1.58385e-05 4.12985e-05 -5.05136e-06 -5.76943e-05 -1.59734e-05 7.06232e-05 4.87621e-05 -7.41183e-05 -9.2656e-05 6.09281e-05 0.000143704 -2.36571e-05 -0.000193818 -4.34607e-05 0.000230529 0.0001423 -0.000237697 -0.00026842 0.00019742 0.000408986 -9.32264e-05 -0.000541667 -8.56506e-05 0.000635146 0.000339424 -0.000651794 -0.000653162 0.000552734 0.000993533 -0.000305133 -0.00130802 -0.000108987 0.00152764 0.000683646 -0.00157381 -0.00138119 0.00136932 0.00212784 -0.000852739 -0.00281433 -5.43598e-06 0.00330293 0.00118724 -0.00344149 -0.00261502 0.00308386 0.00414554 -0.00211493 -0.00557267 0.000477543 0.00664017 0.00180254 -0.00706464 -0.00459738 0.00656694 0.0076669 -0.00490895 -0.0106603 0.00193106 0.0131289 0.00241487 -0.0145476 -0.00804248 0.0143373 0.0147221 -0.0118736 -0.0220889 0.00645106 0.0296694 0.00287172 -0.0369222 -0.0177763 0.0432915 0.0424836 -0.0482648 -0.0928087 0.0514286 0.313777 0.447486 0.313777 0.0514286 -0.0928087 -0.0482648 0.0424836 0.0432915 -0.0177763 -0.0369222 0.00287172 0.0296694 0.00645106 -0.0220889 -0.0118736 0.0147221 0.0143373 -0.00804248 -0.0145476 0.00241487 0.0131289 0.00193106 -0.0106603 -0.00490895 0.0076669 0.00656694 -0.00459738 -0.00706464 0.00180254 0.00664017 0.000477543 -0.00557267 -0.00211493 0.00414554 0.00308386 -0.00261502 -0.00344149 0.00118724 0.00330293 -5.43598e-06 -0.00281433 -0.000852739 0.00212784 0.00136932 -0.00138119 -0.00157381 0.000683646 0.00152764 -0.000108987 -0.00130802 -0.000305133 0.000993533 0.000552734 -0.000653162 -0.000651794 0.000339424 0.000635146 -8.56506e-05 -0.000541667 -9.32264e-05 0.000408986 0.00019742 -0.00026842 -0.000237697 0.0001423 0.000230529 -4.34607e-05 -0.000193818 -2.36571e-05 0.000143704 6.09281e-05 -9.2656e-05 -7.41183e-05 4.87621e-05 7.06232e-05 -1.59734e-05 -5.76943e-05 -5.05136e-06 4.12985e-05 1.58385e-05 -2.55982e-05 -1.90112e-05 1.29325e-05 1.74081e-05 -4.1282e-06 -1.34948e-05 -1.0342e-06 9.06984e-06 3.34388e-06 -5.21313e-06 -3.76643e-06 2.39189e-06 3.17885e-06 -6.43189e-07 -2.23456e-06 -2.35391e-07 1.33303e-06 5.29514e-07 -6.56661e-07 -5.05054e-07 2.38076e-07 3.57677e-07 -2.93251e-08 -2.02925e-07 -4.3772e-08 9.04852e-08 4.8235e-08 -2.7741e-08 -2.9735e-08 2.18423e-09 1.24032e-08 4.73744e-09 -2.4877e-10</coefficients></responseFIR><network publicID="Network#20150806153749.459864.2" code="IA"><start>1980-01-01T00:00:00.0000Z</start><description>BMG-Net, Indonesia (IA-Net)</description><institutions>BMG</institutions><region>Indonesia</region><type>BB</type><netClass>p</netClass><archive>GFZ</archive><restricted>true</restricted><shared>false</shared><station publicID="Station#20150806153749.756658.261" code="SMSI" archiveNetworkCode="IA"><start>2012-01-01T00:00:00.0000Z</start><description>Station Sumalata, BMG, Indonesia</description><latitude>0.9885</latitude><longitude>122.3654</longitude><elevation>85.39</elevation><place>Sumalata, BMG</place><country>Indonesia</country><archive>GFZ</archive><restricted>true</restricted><shared>false</shared><sensorLocation publicID="SensorLocation#20150806153749.756722.262" code=""><start>2012-01-01T00:00:00.0000Z</start><latitude>0.9885</latitude><longitude>122.3654</longitude><elevation>85.39</elevation><stream publicID="Stream/20191013080002.200167.6578" code="BHE" datalogger="NRL/Nanometrics/TAURUS.0_4.20.LO.0_001" sensor="NRL/Nanometrics/Trillium120P.120.1201"><start>2012-01-01T00:00:00.0000Z</start><end>2020-10-23T00:00:00.0000Z</end><dataloggerSerialNumber>xxxx</dataloggerSerialNumber><dataloggerChannel>2</dataloggerChannel><sensorSerialNumber>yyyy</sensorSerialNumber><sensorChannel>2</sensorChannel><sampleRateNumerator>20</sampleRateNumerator><sampleRateDenominator>1</sampleRateDenominator><depth>0</depth><azimuth>90</azimuth><dip>0</dip><gain>480398558.8</gain><gainFrequency>1</gainFrequency><gainUnit>M/S</gainUnit><format>Steim2</format><flags>GC</flags><restricted>true</restricted><shared>true</shared></stream><stream publicID="Stream/20191013080002.200185.6579" code="BHN" datalogger="NRL/Nanometrics/TAURUS.0_4.20.LO.0_001" sensor="NRL/Nanometrics/Trillium120P.120.1201"><start>2012-01-01T00:00:00.0000Z</start><end>2020-10-23T00:00:00.0000Z</end><dataloggerSerialNumber>xxxx</dataloggerSerialNumber><dataloggerChannel>1</dataloggerChannel><sensorSerialNumber>yyyy</sensorSerialNumber><sensorChannel>1</sensorChannel><sampleRateNumerator>20</sampleRateNumerator><sampleRateDenominator>1</sampleRateDenominator><depth>0</depth><azimuth>0</azimuth><dip>0</dip><gain>480398558.8</gain><gainFrequency>1</gainFrequency><gainUnit>M/S</gainUnit><format>Steim2</format><flags>GC</flags><restricted>true</restricted><shared>true</shared></stream><stream publicID="Stream/20191013080002.200196.6580" code="BHZ" datalogger="NRL/Nanometrics/TAURUS.0_4.20.LO.0_001" sensor="NRL/Nanometrics/Trillium120P.120.1201"><start>2012-01-01T00:00:00.0000Z</start><end>2020-10-23T00:00:00.0000Z</end><dataloggerSerialNumber>xxxx</dataloggerSerialNumber><dataloggerChannel>0</dataloggerChannel><sensorSerialNumber>yyyy</sensorSerialNumber><sensorChannel>0</sensorChannel><sampleRateNumerator>20</sampleRateNumerator><sampleRateDenominator>1</sampleRateDenominator><depth>0</depth><azimuth>0</azimuth><dip>-90</dip><gain>480398558.8</gain><gainFrequency>1</gainFrequency><gainUnit>M/S</gainUnit><format>Steim2</format><flags>GC</flags><restricted>true</restricted><shared>true</shared></stream><stream publicID="Stream/20191013080002.200207.6581" code="SHE" datalogger="NRL/Nanometrics/TAURUS.0_4.40.LO.0_001" sensor="NRL/Nanometrics/Trillium120P.120.1201"><start>2012-01-01T00:00:00.0000Z</start><end>2020-10-23T00:00:00.0000Z</end><dataloggerSerialNumber>xxxx</dataloggerSerialNumber><dataloggerChannel>2</dataloggerChannel><sensorSerialNumber>yyyy</sensorSerialNumber><sensorChannel>2</sensorChannel><sampleRateNumerator>40</sampleRateNumerator><sampleRateDenominator>1</sampleRateDenominator><depth>0</depth><azimuth>90</azimuth><dip>0</dip><gain>480398558.8</gain><gainFrequency>1</gainFrequency><gainUnit>M/S</gainUnit><format>Steim2</format><flags>GC</flags><restricted>true</restricted><shared>true</shared></stream><stream publicID="Stream/20191013080002.200217.6582" code="SHN" datalogger="NRL/Nanometrics/TAURUS.0_4.40.LO.0_001" sensor="NRL/Nanometrics/Trillium120P.120.1201"><start>2012-01-01T00:00:00.0000Z</start><end>2020-10-23T00:00:00.0000Z</end><dataloggerSerialNumber>xxxx</dataloggerSerialNumber><dataloggerChannel>1</dataloggerChannel><sensorSerialNumber>yyyy</sensorSerialNumber><sensorChannel>1</sensorChannel><sampleRateNumerator>40</sampleRateNumerator><sampleRateDenominator>1</sampleRateDenominator><depth>0</depth><azimuth>0</azimuth><dip>0</dip><gain>480398558.8</gain><gainFrequency>1</gainFrequency><gainUnit>M/S</gainUnit><format>Steim2</format><flags>GC</flags><restricted>true</restricted><shared>true</shared></stream><stream publicID="Stream/20191013080002.200227.6583" code="SHZ" datalogger="NRL/Nanometrics/TAURUS.0_4.40.LO.0_001" sensor="NRL/Nanometrics/Trillium120P.120.1201"><start>2012-01-01T00:00:00.0000Z</start><end>2020-10-23T00:00:00.0000Z</end><dataloggerSerialNumber>xxxx</dataloggerSerialNumber><dataloggerChannel>0</dataloggerChannel><sensorSerialNumber>yyyy</sensorSerialNumber><sensorChannel>0</sensorChannel><sampleRateNumerator>40</sampleRateNumerator><sampleRateDenominator>1</sampleRateDenominator><depth>0</depth><azimuth>0</azimuth><dip>-90</dip><gain>480398558.8</gain><gainFrequency>1</gainFrequency><gainUnit>M/S</gainUnit><format>Steim2</format><flags>GC</flags><restricted>true</restricted><shared>true</shared></stream><stream publicID="Stream/20181121184713.504601.37028" code="HNE" datalogger="NRL/Nanometrics/TAURUS.0_4.100.LO.0_001" sensor="NRL/Nanometrics/Titan.DC_430.20V.2G"><start>2012-01-01T00:00:00.0000Z</start><end>2020-10-23T00:00:00.0000Z</end><dataloggerSerialNumber>xxxx</dataloggerSerialNumber><dataloggerChannel>2</dataloggerChannel><sensorSerialNumber>yyyy</sensorSerialNumber><sensorChannel>2</sensorChannel><sampleRateNumerator>100</sampleRateNumerator><sampleRateDenominator>1</sampleRateDenominator><depth>0</depth><azimuth>90</azimuth><dip>0</dip><gain>407998.776</gain><gainFrequency>1</gainFrequency><gainUnit>M/S**2</gainUnit><format>Steim2</format><flags>GC</flags><restricted>true</restricted><shared>true</shared></stream><stream publicID="Stream/20181121184713.504773.37035" code="HNN" datalogger="NRL/Nanometrics/TAURUS.0_4.100.LO.0_001" sensor="NRL/Nanometrics/Titan.DC_430.20V.2G"><start>2012-01-01T00:00:00.0000Z</start><end>2020-10-23T00:00:00.0000Z</end><dataloggerSerialNumber>xxxx</dataloggerSerialNumber><dataloggerChannel>1</dataloggerChannel><sensorSerialNumber>yyyy</sensorSerialNumber><sensorChannel>1</sensorChannel><sampleRateNumerator>100</sampleRateNumerator><sampleRateDenominator>1</sampleRateDenominator><depth>0</depth><azimuth>0</azimuth><dip>0</dip><gain>407998.776</gain><gainFrequency>1</gainFrequency><gainUnit>M/S**2</gainUnit><format>Steim2</format><flags>GC</flags><restricted>true</restricted><shared>true</shared></stream><stream publicID="Stream/20181121184713.504939.37042" code="HNZ" datalogger="NRL/Nanometrics/TAURUS.0_4.100.LO.0_001" sensor="NRL/Nanometrics/Titan.DC_430.20V.2G"><start>2012-01-01T00:00:00.0000Z</start><end>2020-10-23T00:00:00.0000Z</end><dataloggerSerialNumber>xxxx</dataloggerSerialNumber><dataloggerChannel>0</dataloggerChannel><sensorSerialNumber>yyyy</sensorSerialNumber><sensorChannel>0</sensorChannel><sampleRateNumerator>100</sampleRateNumerator><sampleRateDenominator>1</sampleRateDenominator><depth>0</depth><azimuth>0</azimuth><dip>-90</dip><gain>407998.776</gain><gainFrequency>1</gainFrequency><gainUnit>M/S**2</gainUnit><format>Steim2</format><flags>GC</flags><restricted>true</restricted><shared>true</shared></stream><stream publicID="Stream#20210104110613.506066.2868" code="SHN" datalogger="NRL/Nanometrics/CENTAUR.1.40.0_001.LP" sensor="NRL/Nanometrics/Trillium120P.120.1201"><start>2020-10-23T00:00:00.0000Z</start><dataloggerSerialNumber>xxxx</dataloggerSerialNumber><dataloggerChannel>1</dataloggerChannel><sensorSerialNumber>yyyy</sensorSerialNumber><sensorChannel>1</sensorChannel><sampleRateNumerator>40</sampleRateNumerator><sampleRateDenominator>1</sampleRateDenominator><depth>0</depth><azimuth>0</azimuth><dip>0</dip><gain>480399759.8</gain><gainFrequency>1</gainFrequency><gainUnit>M/S</gainUnit><format>Steim2</format><flags>GC</flags><restricted>true</restricted><shared>true</shared></stream><stream publicID="Stream#20210104110624.254039.37907" code="SHZ" datalogger="NRL/Nanometrics/CENTAUR.1.40.0_001.LP" sensor="NRL/Nanometrics/Trillium120P.120.1201"><start>2020-10-23T00:00:00.0000Z</start><dataloggerSerialNumber>xxxx</dataloggerSerialNumber><dataloggerChannel>0</dataloggerChannel><sensorSerialNumber>yyyy</sensorSerialNumber><sensorChannel>0</sensorChannel><sampleRateNumerator>40</sampleRateNumerator><sampleRateDenominator>1</sampleRateDenominator><depth>0</depth><azimuth>0</azimuth><dip>-90</dip><gain>480399759.8</gain><gainFrequency>1</gainFrequency><gainUnit>M/S</gainUnit><format>Steim2</format><flags>GC</flags><restricted>true</restricted><shared>true</shared></stream><stream publicID="Stream#20210104110559.979341.7582" code="SHE" datalogger="NRL/Nanometrics/CENTAUR.1.40.0_001.LP" sensor="NRL/Nanometrics/Trillium120P.120.1201"><start>2020-10-23T00:00:00.0000Z</start><dataloggerSerialNumber>xxxx</dataloggerSerialNumber><dataloggerChannel>2</dataloggerChannel><sensorSerialNumber>yyyy</sensorSerialNumber><sensorChannel>2</sensorChannel><sampleRateNumerator>40</sampleRateNumerator><sampleRateDenominator>1</sampleRateDenominator><depth>0</depth><azimuth>90</azimuth><dip>0</dip><gain>480399759.8</gain><gainFrequency>1</gainFrequency><gainUnit>M/S</gainUnit><format>Steim2</format><flags>GC</flags><restricted>true</restricted><shared>true</shared></stream><stream publicID="Stream#20210104110511.966061.611" code="BHN" datalogger="NRL/Nanometrics/CENTAUR.1.20.0_001.LP" sensor="NRL/Nanometrics/Trillium120P.120.1201"><start>2020-10-23T00:00:00.0000Z</start><dataloggerSerialNumber>xxxx</dataloggerSerialNumber><dataloggerChannel>1</dataloggerChannel><sensorSerialNumber>yyyy</sensorSerialNumber><sensorChannel>1</sensorChannel><sampleRateNumerator>20</sampleRateNumerator><sampleRateDenominator>1</sampleRateDenominator><depth>0</depth><azimuth>0</azimuth><dip>0</dip><gain>480399759.8</gain><gainFrequency>1</gainFrequency><gainUnit>M/S</gainUnit><format>Steim2</format><flags>GC</flags><restricted>true</restricted><shared>true</shared></stream><stream publicID="Stream#20210104110522.097374.42967" code="BHZ" datalogger="NRL/Nanometrics/CENTAUR.1.20.0_001.LP" sensor="NRL/Nanometrics/Trillium120P.120.1201"><start>2020-10-23T00:00:00.0000Z</start><dataloggerSerialNumber>xxxx</dataloggerSerialNumber><dataloggerChannel>0</dataloggerChannel><sensorSerialNumber>yyyy</sensorSerialNumber><sensorChannel>0</sensorChannel><sampleRateNumerator>20</sampleRateNumerator><sampleRateDenominator>1</sampleRateDenominator><depth>0</depth><azimuth>0</azimuth><dip>-90</dip><gain>480399759.8</gain><gainFrequency>1</gainFrequency><gainUnit>M/S</gainUnit><format>Steim2</format><flags>GC</flags><restricted>true</restricted><shared>true</shared></stream><stream publicID="Stream#20210104110501.129511.63669" code="BHE" datalogger="NRL/Nanometrics/CENTAUR.1.20.0_001.LP" sensor="NRL/Nanometrics/Trillium120P.120.1201"><start>2020-10-23T00:00:00.0000Z</start><dataloggerSerialNumber>xxxx</dataloggerSerialNumber><dataloggerChannel>2</dataloggerChannel><sensorSerialNumber>yyyy</sensorSerialNumber><sensorChannel>2</sensorChannel><sampleRateNumerator>20</sampleRateNumerator><sampleRateDenominator>1</sampleRateDenominator><depth>0</depth><azimuth>90</azimuth><dip>0</dip><gain>480399759.8</gain><gainFrequency>1</gainFrequency><gainUnit>M/S</gainUnit><format>Steim2</format><flags>GC</flags><restricted>true</restricted><shared>true</shared></stream><stream publicID="Stream#20210104110636.010339.28087" code="HNE" datalogger="NRL/Nanometrics/CENTAUR.1.100.0_001.LP" sensor="NRL/Nanometrics/Titan.DC_430.20V.2G"><start>2020-10-23T00:00:00.0000Z</start><dataloggerSerialNumber>xxxx</dataloggerSerialNumber><dataloggerChannel>2</dataloggerChannel><sensorSerialNumber>yyyy</sensorSerialNumber><sensorChannel>2</sensorChannel><sampleRateNumerator>100</sampleRateNumerator><sampleRateDenominator>1</sampleRateDenominator><depth>0</depth><azimuth>90</azimuth><dip>0</dip><gain>407999.796</gain><gainFrequency>1</gainFrequency><gainUnit>M/S**2</gainUnit><format>Steim2</format><flags>GC</flags><restricted>true</restricted><shared>true</shared></stream><stream publicID="Stream#20210104110648.005018.8858" code="HNN" datalogger="NRL/Nanometrics/CENTAUR.1.100.0_001.LP" sensor="NRL/Nanometrics/Titan.DC_430.20V.2G"><start>2020-10-23T00:00:00.0000Z</start><dataloggerSerialNumber>xxxx</dataloggerSerialNumber><dataloggerChannel>1</dataloggerChannel><sensorSerialNumber>yyyy</sensorSerialNumber><sensorChannel>1</sensorChannel><sampleRateNumerator>100</sampleRateNumerator><sampleRateDenominator>1</sampleRateDenominator><depth>0</depth><azimuth>0</azimuth><dip>0</dip><gain>407999.796</gain><gainFrequency>1</gainFrequency><gainUnit>M/S**2</gainUnit><format>Steim2</format><flags>GC</flags><restricted>true</restricted><shared>true</shared></stream><stream publicID="Stream#20210104110658.751936.38795" code="HNZ" datalogger="NRL/Nanometrics/CENTAUR.1.100.0_001.LP" sensor="NRL/Nanometrics/Titan.DC_430.20V.2G"><start>2020-10-23T00:00:00.0000Z</start><dataloggerSerialNumber>xxxx</dataloggerSerialNumber><dataloggerChannel>0</dataloggerChannel><sensorSerialNumber>yyyy</sensorSerialNumber><sensorChannel>0</sensorChannel><sampleRateNumerator>100</sampleRateNumerator><sampleRateDenominator>1</sampleRateDenominator><depth>0</depth><azimuth>0</azimuth><dip>-90</dip><gain>407999.796</gain><gainFrequency>1</gainFrequency><gainUnit>M/S**2</gainUnit><format>Steim2</format><flags>GC</flags><restricted>true</restricted><shared>true</shared></stream></sensorLocation></station></network></Inventory></seiscomp>
