<?xml version="1.0" encoding="UTF-8"?>
<seiscomp xmlns="http://geofon.gfz-potsdam.de/ns/seiscomp3-schema/0.13" version="0.13"><Inventory><sensor publicID="NRL/Nanometrics/Titan.DC_430.20V.4G" name="Nanometrics/Titan.DC_430.20V.4G" response="NRL/Nanometrics/Titan.DC_430.20V.4G/1"><model>Titan Accelerometer</model><manufacturer>Nanometrics</manufacturer><unit>M/S**2</unit></sensor><sensor publicID="NRL/EQMet/TSA100S.DC_225.20VDF.4G" name="EQMet/TSA100S.DC_225.20VDF.4G" response="NRL/EQMet/TSA100S.DC_225.20VDF.4G/1"><manufacturer>EQMet</manufacturer><unit>M/S**2</unit></sensor><sensor publicID="NRL/Nanometrics/Trillium120P.120.1201" name="Nanometrics/Trillium120P.120.1201" response="NRL/Nanometrics/Trillium120P.120.1201/1"><model>Trillium 120P/PA</model><manufacturer>Nanometrics</manufacturer><unit>M/S</unit></sensor><sensor publicID="NRL/Guralp/CMG3T.120.1500" name="Guralp/CMG3T.120.1500" response="NRL/Guralp/CMG3T.120.1500/1"><model>CMG-3T</model><manufacturer>Guralp</manufacturer><unit>M/S</unit></sensor><sensor publicID="NRL/Guralp/CMG5TC.DC_200.2G_20V" name="Guralp/CMG5TC.DC_200.2G_20V" response="NRL/Guralp/CMG5TC.DC_200.2G_20V/1"><model>Fortis</model><manufacturer>Guralp</manufacturer><unit>M/S**2</unit></sensor><datalogger publicID="NRL/Nanometrics/TAURUS.0_4.20.LO.0_001" name="Nanometrics/TAURUS.0_4.20.LO.0_001"><digitizerModel>Taurus</digitizerModel><digitizerManufacturer>Nanometrics</digitizerManufacturer><recorderModel>Taurus</recorderModel><recorderManufacturer>Nanometrics</recorderManufacturer><gain>1</gain><decimation sampleRateNumerator="20" sampleRateDenominator="1"><analogueFilterChain>NRL/Nanometrics/TAURUS.0_4.20.LO.0_001/2</analogueFilterChain><digitalFilterChain>NRL/Nanometrics/TAURUS.0_4.20.LO.0_001/3 NRL/Nanometrics/TAURUS.0_4.20.LO.0_001/4 NRL/Nanometrics/TAURUS.0_4.20.LO.0_001/5 NRL/Nanometrics/TAURUS.0_4.20.LO.0_001/6 NRL/Nanometrics/TAURUS.0_4.20.LO.0_001/7 NRL/Nanometrics/TAURUS.0_4.20.LO.0_001/8</digitalFilterChain></decimation></datalogger><datalogger publicID="NRL/Nanometrics/TAURUS.0_4.40.LO.0_001" name="Nanometrics/TAURUS.0_4.40.LO.0_001"><digitizerModel>Taurus</digitizerModel><digitizerManufacturer>Nanometrics</digitizerManufacturer><recorderModel>Taurus</recorderModel><recorderManufacturer>Nanometrics</recorderManufacturer><gain>1</gain><maxClockDrift>0.1</maxClockDrift><decimation sampleRateNumerator="40" sampleRateDenominator="1"><analogueFilterChain>NRL/Nanometrics/TAURUS.0_4.40.LO.0_001/2</analogueFilterChain><digitalFilterChain>NRL/Nanometrics/TAURUS.0_4.40.LO.0_001/3 NRL/Nanometrics/TAURUS.0_4.40.LO.0_001/4 NRL/Nanometrics/TAURUS.0_4.40.LO.0_001/5 NRL/Nanometrics/TAURUS.0_4.40.LO.0_001/6 NRL/Nanometrics/TAURUS.0_4.40.LO.0_001/7 NRL/Nanometrics/TAURUS.0_4.40.LO.0_001/8</digitalFilterChain></decimation></datalogger><datalogger publicID="NRL/Nanometrics/TAURUS.0_4.100.LO.0_001" name="Nanometrics/TAURUS.0_4.100.LO.0_001"><digitizerModel>Taurus</digitizerModel><digitizerManufacturer>Nanometrics</digitizerManufacturer><recorderModel>Taurus</recorderModel><recorderManufacturer>Nanometrics</recorderManufacturer><gain>1</gain><maxClockDrift>0.1</maxClockDrift><decimation sampleRateNumerator="100" sampleRateDenominator="1"><analogueFilterChain>NRL/Nanometrics/TAURUS.0_4.100.LO.0_001/2</analogueFilterChain><digitalFilterChain>NRL/Nanometrics/TAURUS.0_4.100.LO.0_001/3 NRL/Nanometrics/TAURUS.0_4.100.LO.0_001/4 NRL/Nanometrics/TAURUS.0_4.100.LO.0_001/5 NRL/Nanometrics/TAURUS.0_4.100.LO.0_001/6 NRL/Nanometrics/TAURUS.0_4.100.LO.0_001/7</digitalFilterChain></decimation></datalogger><datalogger publicID="Datalogger/20210812124112.713087.20" name="Guralp.minimus.00SHE.2021.224.12.16.44"><gain>409671.59</gain><maxClockDrift>0</maxClockDrift><decimation sampleRateNumerator="50" sampleRateDenominator="1"><digitalFilterChain>ResponseFIR/20210812124112.707532.9 ResponseFIR/20210812124112.707532.9 ResponseFIR/20210812124112.707747.11</digitalFilterChain></decimation></datalogger><datalogger publicID="Datalogger/20210812124112.70796.13" name="Guralp.minimus.00SHN.2021.224.12.16.44"><gain>409991.77</gain><maxClockDrift>0</maxClockDrift><decimation sampleRateNumerator="50" sampleRateDenominator="1"><digitalFilterChain>ResponseFIR/20210812124112.707532.9 ResponseFIR/20210812124112.707532.9 ResponseFIR/20210812124112.707747.11</digitalFilterChain></decimation></datalogger><datalogger publicID="Datalogger/20210812124112.707195.6" name="Guralp.minimus.00SHZ.2021.224.12.16.44"><gain>409832.88</gain><maxClockDrift>0</maxClockDrift><decimation sampleRateNumerator="50" sampleRateDenominator="1"><digitalFilterChain>ResponseFIR/20210812124112.707532.9 ResponseFIR/20210812124112.707532.9 ResponseFIR/20210812124112.707747.11</digitalFilterChain></decimation></datalogger><datalogger publicID="Datalogger/20221111115357.692242.127333" name="Guralp.Minimus.HNZ.2009.261.00.00.00"><gain>409776.6677</gain><maxClockDrift>0.01</maxClockDrift><decimation sampleRateNumerator="100" sampleRateDenominator="1"><digitalFilterChain>ResponseFIR/20211126035547.329024.9 ResponseFIR/20211126035547.330216.10 ResponseFIR/20211126035547.330216.10 ResponseFIR/20211126035547.330374.12</digitalFilterChain></decimation></datalogger><datalogger publicID="Datalogger/20221111115357.692428.127334" name="Guralp.Minimus.HNN.2009.261.00.00.00"><gain>409776.6677</gain><maxClockDrift>0.01</maxClockDrift><decimation sampleRateNumerator="100" sampleRateDenominator="1"><digitalFilterChain>ResponseFIR/20211126035547.329024.9 ResponseFIR/20211126035547.330216.10 ResponseFIR/20211126035547.330216.10 ResponseFIR/20211126035547.330374.12</digitalFilterChain></decimation></datalogger><datalogger publicID="Datalogger/20221111115357.692605.127335" name="Guralp.Minimus.HNE.2009.261.00.00.00"><gain>409776.6677</gain><maxClockDrift>0.01</maxClockDrift><decimation sampleRateNumerator="100" sampleRateDenominator="1"><digitalFilterChain>ResponseFIR/20211126035547.329024.9 ResponseFIR/20211126035547.330216.10 ResponseFIR/20211126035547.330216.10 ResponseFIR/20211126035547.330374.12</digitalFilterChain></decimation></datalogger><responsePAZ publicID="NRL/Nanometrics/TAURUS.0_4.20.LO.0_001/2" name="NRL/Nanometrics/TAURUS.0_4.20.LO.0_001/2"><type>A</type><gain>0.3999988</gain><gainFrequency>1</gainFrequency><normalizationFactor>13338.89</normalizationFactor><normalizationFrequency>1</normalizationFrequency><numberOfZeros>0</numberOfZeros><numberOfPoles>1</numberOfPoles><poles>(-13338.9,0)</poles></responsePAZ><responsePAZ publicID="NRL/Nanometrics/TAURUS.0_4.20.LO.0_001/8" name="NRL/Nanometrics/TAURUS.0_4.20.LO.0_001/8"><type>A</type><gain>1</gain><gainFrequency>1</gainFrequency><normalizationFactor>1</normalizationFactor><normalizationFrequency>0.1</normalizationFrequency><numberOfZeros>1</numberOfZeros><numberOfPoles>1</numberOfPoles><zeros>(0,0)</zeros><poles>(-0.006283185,0)</poles></responsePAZ><responsePAZ publicID="NRL/Nanometrics/TAURUS.0_4.40.LO.0_001/2" name="NRL/Nanometrics/TAURUS.0_4.40.LO.0_001/2"><type>A</type><gain>0.3999988</gain><gainFrequency>1</gainFrequency><normalizationFactor>13338.89</normalizationFactor><normalizationFrequency>1</normalizationFrequency><numberOfZeros>0</numberOfZeros><numberOfPoles>1</numberOfPoles><poles>(-13338.9,0)</poles></responsePAZ><responsePAZ publicID="NRL/Nanometrics/TAURUS.0_4.40.LO.0_001/8" name="NRL/Nanometrics/TAURUS.0_4.40.LO.0_001/8"><type>A</type><gain>1</gain><gainFrequency>1</gainFrequency><normalizationFactor>1</normalizationFactor><normalizationFrequency>0.1</normalizationFrequency><numberOfZeros>1</numberOfZeros><numberOfPoles>1</numberOfPoles><zeros>(0,0)</zeros><poles>(-0.006283185,0)</poles></responsePAZ><responsePAZ publicID="NRL/Nanometrics/Titan.DC_430.20V.4G/1" name="NRL/Nanometrics/Titan.DC_430.20V.4G/1"><type>A</type><gain>0.51</gain><gainFrequency>1</gainFrequency><normalizationFactor>1.0077e+18</normalizationFactor><normalizationFrequency>1</normalizationFrequency><numberOfZeros>1</numberOfZeros><numberOfPoles>6</numberOfPoles><zeros>(-515,0)</zeros><poles>(-977,328) (-977,-328) (-1486,2512) (-1486,-2512) (-5736,4946) (-5736,-4946)</poles></responsePAZ><responsePAZ publicID="NRL/Nanometrics/TAURUS.0_4.100.LO.0_001/2" name="NRL/Nanometrics/TAURUS.0_4.100.LO.0_001/2"><type>A</type><gain>0.3999988</gain><gainFrequency>1</gainFrequency><normalizationFactor>13338.89</normalizationFactor><normalizationFrequency>1</normalizationFrequency><numberOfZeros>0</numberOfZeros><numberOfPoles>1</numberOfPoles><poles>(-13338.9,0)</poles></responsePAZ><responsePAZ publicID="NRL/Nanometrics/TAURUS.0_4.100.LO.0_001/7" name="NRL/Nanometrics/TAURUS.0_4.100.LO.0_001/7"><type>A</type><gain>1</gain><gainFrequency>1</gainFrequency><normalizationFactor>1</normalizationFactor><normalizationFrequency>0.1</normalizationFrequency><numberOfZeros>1</numberOfZeros><numberOfPoles>1</numberOfPoles><zeros>(0,0)</zeros><poles>(-0.006283185,0)</poles></responsePAZ><responsePAZ publicID="NRL/EQMet/TSA100S.DC_225.20VDF.4G/1" name="NRL/EQMet/TSA100S.DC_225.20VDF.4G/1"><type>A</type><gain>0.50986</gain><gainFrequency>1</gainFrequency><normalizationFactor>15451500000</normalizationFactor><normalizationFrequency>1</normalizationFrequency><numberOfZeros>1</numberOfZeros><numberOfPoles>4</numberOfPoles><zeros>(-833.333,0)</zeros><poles>(-1010,989) (-1010,-989) (-1795,1795) (-1795,-1795)</poles></responsePAZ><responsePAZ publicID="NRL/Nanometrics/Trillium120P.120.1201/1" name="NRL/Nanometrics/Trillium120P.120.1201/1"><type>A</type><gain>1201</gain><gainFrequency>1</gainFrequency><normalizationFactor>308000</normalizationFactor><normalizationFrequency>1</normalizationFrequency><numberOfZeros>5</numberOfZeros><numberOfPoles>7</numberOfPoles><zeros>(0,0) (0,0) (-90,0) (-160.7,0) (-3108,0)</zeros><poles>(-0.03852,0.03658) (-0.03852,-0.03658) (-178,0) (-135,160) (-135,-160) (-671,1154) (-671,-1154)</poles></responsePAZ><responsePAZ publicID="NRL/Guralp/CMG3T.120.1500/1" name="NRL/Guralp/CMG3T.120.1500/1"><type>A</type><gain>1500</gain><gainFrequency>1</gainFrequency><normalizationFactor>571508000</normalizationFactor><normalizationFrequency>1</normalizationFrequency><numberOfZeros>2</numberOfZeros><numberOfPoles>5</numberOfPoles><zeros>(0,0) (0,0)</zeros><poles>(-0.037008,0.037008) (-0.037008,-0.037008) (-502.65,0) (-1005,0) (-1131,0)</poles></responsePAZ><responsePAZ publicID="NRL/Guralp/CMG5TC.DC_200.2G_20V/1" name="NRL/Guralp/CMG5TC.DC_200.2G_20V/1"><type>A</type><gain>1.02</gain><gainFrequency>1</gainFrequency><normalizationFactor>7300000000000</normalizationFactor><normalizationFrequency>1</normalizationFrequency><numberOfZeros>0</numberOfZeros><numberOfPoles>4</numberOfPoles><poles>(-382.018,973.894) (-382.018,-973.894) (772.8318,0) (8293.8,0)</poles></responsePAZ><responseFIR publicID="NRL/Nanometrics/TAURUS.0_4.20.LO.0_001/3" name="NRL/Nanometrics/TAURUS.0_4.20.LO.0_001/3"><gain>1000000</gain><decimationFactor>1</decimationFactor><delay>0</delay><correction>0</correction><numberOfCoefficients>1</numberOfCoefficients><symmetry>A</symmetry><coefficients>1</coefficients></responseFIR><responseFIR publicID="NRL/Nanometrics/TAURUS.0_4.20.LO.0_001/4" name="NRL/Nanometrics/TAURUS.0_4.20.LO.0_001/4"><gain>1</gain><decimationFactor>15</decimationFactor><delay>81.99999</delay><correction>81.99999</correction><numberOfCoefficients>165</numberOfCoefficients><symmetry>A</symmetry><coefficients>-4.04791e-10 -1.39029e-10 6.728e-10 2.75797e-09 7.54651e-09 1.76668e-08 3.76936e-08 7.52313e-08 1.42425e-07 2.57999e-07 4.49904e-07 7.58655e-07 1.24139e-06 1.97658e-06 3.06939e-06 4.65728e-06 6.91569e-06 1.00631e-05 1.43649e-05 2.0135e-05 2.77346e-05 3.75661e-05 5.00617e-05 6.56652e-05 8.48049e-05 0.000107859 0.000135108 0.000166685 0.000202505 0.0002422 0.000285038 0.00032985 0.000374956 0.000418099 0.0004564 0.000486339 0.000503757 0.000503913 0.00048158 0.000431195 0.000347068 0.000223655 5.58818e-05 -0.000160476 -0.000428365 -0.000749008 -0.00112143 -0.00154201 -0.00200406 -0.00249746 -0.00300841 -0.00351925 -0.00400852 -0.00445107 -0.00481847 -0.00507953 -0.00520107 -0.00514889 -0.00488884 -0.00438813 -0.00361664 -0.0025484 -0.00116293 0.00055335 0.00260595 0.00499129 0.00769592 0.0106961 0.0139576 0.0174363 0.0210783 0.0248217 0.0285976 0.0323318 0.0359474 0.0393664 0.0425127 0.0453141 0.0477047 0.0496275 0.0510356 0.0518947 0.0521834 0.0518947 0.0510356 0.0496275 0.0477047 0.0453141 0.0425127 0.0393664 0.0359474 0.0323318 0.0285976 0.0248217 0.0210783 0.0174363 0.0139576 0.0106961 0.00769592 0.00499129 0.00260595 0.00055335 -0.00116293 -0.0025484 -0.00361664 -0.00438813 -0.00488884 -0.00514889 -0.00520107 -0.00507953 -0.00481847 -0.00445107 -0.00400852 -0.00351925 -0.00300841 -0.00249746 -0.00200406 -0.00154201 -0.00112143 -0.000749008 -0.000428365 -0.000160476 5.58818e-05 0.000223655 0.000347068 0.000431195 0.00048158 0.000503913 0.000503757 0.000486339 0.0004564 0.000418099 0.000374956 0.00032985 0.000285038 0.0002422 0.000202505 0.000166685 0.000135108 0.000107859 8.48049e-05 6.56652e-05 5.00617e-05 3.75661e-05 2.77346e-05 2.0135e-05 1.43649e-05 1.00631e-05 6.91569e-06 4.65728e-06 3.06939e-06 1.97658e-06 1.24139e-06 7.58655e-07 4.49904e-07 2.57999e-07 1.42425e-07 7.52313e-08 3.76936e-08 1.76668e-08 7.54651e-09 2.75797e-09 6.728e-10 -1.39029e-10 -4.04791e-10</coefficients></responseFIR><responseFIR publicID="NRL/Nanometrics/TAURUS.0_4.20.LO.0_001/5" name="NRL/Nanometrics/TAURUS.0_4.20.LO.0_001/5"><gain>1</gain><decimationFactor>10</decimationFactor><delay>93</delay><correction>93</correction><numberOfCoefficients>187</numberOfCoefficients><symmetry>A</symmetry><coefficients>8.46923e-10 2.27422e-09 4.53895e-09 6.87379e-09 7.10904e-09 7.62784e-10 -1.98301e-08 -6.60994e-08 -1.53114e-07 -2.98249e-07 -5.18152e-07 -8.23636e-07 -1.21248e-06 -1.66055e-06 -2.11247e-06 -2.47353e-06 -2.60562e-06 -2.33013e-06 -1.44098e-06 2.69804e-07 2.97271e-06 6.74886e-06 1.15296e-05 1.70354e-05 2.27248e-05 2.7767e-05 3.10537e-05 3.1263e-05 2.69861e-05 1.69189e-05 1.11176e-07 -2.37456e-05 -5.40267e-05 -8.89227e-05 -0.000125282 -0.000158604 -0.000183236 -0.000192798 -0.000180864 -0.00014185 -7.2067e-05 2.91938e-05 0.000158665 0.000308386 0.000465422 0.000612198 0.000727547 0.000788512 0.000772858 0.000662123 0.000444926 0.000120161 -0.000300369 -0.000790361 -0.00130887 -0.00180202 -0.00220662 -0.00245579 -0.00248619 -0.00224631 -0.00170503 -0.000859463 0.000259011 0.00158157 0.0030025 0.00438414 0.00556632 0.00638 0.0066644 0.00628604 0.00515814 0.0032582 0.000641682 -0.00255018 -0.00609006 -0.0096727 -0.0129317 -0.0154642 -0.0168626 -0.016749 -0.0148125 -0.0108426 -0.00475778 0.00337489 0.0133318 0.0247374 0.0370816 0.0497507 0.062067 0.0733368 0.0829015 0.0901866 0.0947464 0.0962985 0.0947464 0.0901866 0.0829015 0.0733368 0.062067 0.0497507 0.0370816 0.0247374 0.0133318 0.00337489 -0.00475778 -0.0108426 -0.0148125 -0.016749 -0.0168626 -0.0154642 -0.0129317 -0.0096727 -0.00609006 -0.00255018 0.000641682 0.0032582 0.00515814 0.00628604 0.0066644 0.00638 0.00556632 0.00438414 0.0030025 0.00158157 0.000259011 -0.000859463 -0.00170503 -0.00224631 -0.00248619 -0.00245579 -0.00220662 -0.00180202 -0.00130887 -0.000790361 -0.000300369 0.000120161 0.000444926 0.000662123 0.000772858 0.000788512 0.000727547 0.000612198 0.000465422 0.000308386 0.000158665 2.91938e-05 -7.2067e-05 -0.00014185 -0.000180864 -0.000192798 -0.000183236 -0.000158604 -0.000125282 -8.89227e-05 -5.40267e-05 -2.37456e-05 1.11176e-07 1.69189e-05 2.69861e-05 3.1263e-05 3.10537e-05 2.7767e-05 2.27248e-05 1.70354e-05 1.15296e-05 6.74886e-06 2.97271e-06 2.69804e-07 -1.44098e-06 -2.33013e-06 -2.60562e-06 -2.47353e-06 -2.11247e-06 -1.66055e-06 -1.21248e-06 -8.23636e-07 -5.18152e-07 -2.98249e-07 -1.53114e-07 -6.60994e-08 -1.98301e-08 7.62784e-10 7.10904e-09 6.87379e-09 4.53895e-09 2.27422e-09 8.46923e-10</coefficients></responseFIR><responseFIR publicID="NRL/Nanometrics/TAURUS.0_4.20.LO.0_001/6" name="NRL/Nanometrics/TAURUS.0_4.20.LO.0_001/6"><gain>1</gain><decimationFactor>5</decimationFactor><delay>56</delay><correction>56</correction><numberOfCoefficients>113</numberOfCoefficients><symmetry>A</symmetry><coefficients>3.62415e-09 1.47022e-08 2.92465e-08 1.67582e-08 -9.45969e-08 -4.00529e-07 -9.37365e-07 -1.53044e-06 -1.64599e-06 -4.0787e-07 3.03009e-06 8.68599e-06 1.4766e-05 1.71367e-05 1.01281e-05 -1.07286e-05 -4.43965e-05 -8.0298e-05 -9.76176e-05 -7.09487e-05 1.69209e-05 0.000158508 0.000309494 0.00039128 0.000315589 2.91906e-05 -0.000436272 -0.000935417 -0.00122839 -0.00106147 -0.000293981 0.000975648 0.00235246 0.00321559 0.00293343 0.00117105 -0.00182955 -0.00514565 -0.00736121 -0.00705636 -0.00346765 0.00293511 0.0102486 0.0155183 0.0157062 0.00898787 -0.00408117 -0.0200454 -0.033035 -0.0362846 -0.0243088 0.00495879 0.0488453 0.100015 0.148075 0.182311 0.194711 0.182311 0.148075 0.100015 0.0488453 0.00495879 -0.0243088 -0.0362846 -0.033035 -0.0200454 -0.00408117 0.00898787 0.0157062 0.0155183 0.0102486 0.00293511 -0.00346765 -0.00705636 -0.00736121 -0.00514565 -0.00182955 0.00117105 0.00293343 0.00321559 0.00235246 0.000975648 -0.000293981 -0.00106147 -0.00122839 -0.000935417 -0.000436272 2.91906e-05 0.000315589 0.00039128 0.000309494 0.000158508 1.69209e-05 -7.09487e-05 -9.76176e-05 -8.0298e-05 -4.43965e-05 -1.07286e-05 1.01281e-05 1.71367e-05 1.4766e-05 8.68599e-06 3.03009e-06 -4.0787e-07 -1.64599e-06 -1.53044e-06 -9.37365e-07 -4.00529e-07 -9.45969e-08 1.67582e-08 2.92465e-08 1.47022e-08 3.62415e-09</coefficients></responseFIR><responseFIR publicID="NRL/Nanometrics/TAURUS.0_4.20.LO.0_001/7" name="NRL/Nanometrics/TAURUS.0_4.20.LO.0_001/7"><gain>1</gain><decimationFactor>2</decimationFactor><delay>111</delay><correction>111</correction><numberOfCoefficients>223</numberOfCoefficients><symmetry>A</symmetry><coefficients>-2.4877e-10 4.73744e-09 1.24032e-08 2.18423e-09 -2.9735e-08 -2.7741e-08 4.8235e-08 9.04852e-08 -4.3772e-08 -2.02925e-07 -2.93251e-08 3.57677e-07 2.38076e-07 -5.05054e-07 -6.56661e-07 5.29514e-07 1.33303e-06 -2.35391e-07 -2.23456e-06 -6.43189e-07 3.17885e-06 2.39189e-06 -3.76643e-06 -5.21313e-06 3.34388e-06 9.06984e-06 -1.0342e-06 -1.34948e-05 -4.1282e-06 1.74081e-05 1.29325e-05 -1.90112e-05 -2.55982e-05 1.58385e-05 4.12985e-05 -5.05136e-06 -5.76943e-05 -1.59734e-05 7.06232e-05 4.87621e-05 -7.41183e-05 -9.2656e-05 6.09281e-05 0.000143704 -2.36571e-05 -0.000193818 -4.34607e-05 0.000230529 0.0001423 -0.000237697 -0.00026842 0.00019742 0.000408986 -9.32264e-05 -0.000541667 -8.56506e-05 0.000635146 0.000339424 -0.000651794 -0.000653162 0.000552734 0.000993533 -0.000305133 -0.00130802 -0.000108987 0.00152764 0.000683646 -0.00157381 -0.00138119 0.00136932 0.00212784 -0.000852739 -0.00281433 -5.43598e-06 0.00330293 0.00118724 -0.00344149 -0.00261502 0.00308386 0.00414554 -0.00211493 -0.00557267 0.000477543 0.00664017 0.00180254 -0.00706464 -0.00459738 0.00656694 0.0076669 -0.00490895 -0.0106603 0.00193106 0.0131289 0.00241487 -0.0145476 -0.00804248 0.0143373 0.0147221 -0.0118736 -0.0220889 0.00645106 0.0296694 0.00287172 -0.0369222 -0.0177763 0.0432915 0.0424836 -0.0482648 -0.0928087 0.0514286 0.313777 0.447486 0.313777 0.0514286 -0.0928087 -0.0482648 0.0424836 0.0432915 -0.0177763 -0.0369222 0.00287172 0.0296694 0.00645106 -0.0220889 -0.0118736 0.0147221 0.0143373 -0.00804248 -0.0145476 0.00241487 0.0131289 0.00193106 -0.0106603 -0.00490895 0.0076669 0.00656694 -0.00459738 -0.00706464 0.00180254 0.00664017 0.000477543 -0.00557267 -0.00211493 0.00414554 0.00308386 -0.00261502 -0.00344149 0.00118724 0.00330293 -5.43598e-06 -0.00281433 -0.000852739 0.00212784 0.00136932 -0.00138119 -0.00157381 0.000683646 0.00152764 -0.000108987 -0.00130802 -0.000305133 0.000993533 0.000552734 -0.000653162 -0.000651794 0.000339424 0.000635146 -8.56506e-05 -0.000541667 -9.32264e-05 0.000408986 0.00019742 -0.00026842 -0.000237697 0.0001423 0.000230529 -4.34607e-05 -0.000193818 -2.36571e-05 0.000143704 6.09281e-05 -9.2656e-05 -7.41183e-05 4.87621e-05 7.06232e-05 -1.59734e-05 -5.76943e-05 -5.05136e-06 4.12985e-05 1.58385e-05 -2.55982e-05 -1.90112e-05 1.29325e-05 1.74081e-05 -4.1282e-06 -1.34948e-05 -1.0342e-06 9.06984e-06 3.34388e-06 -5.21313e-06 -3.76643e-06 2.39189e-06 3.17885e-06 -6.43189e-07 -2.23456e-06 -2.35391e-07 1.33303e-06 5.29514e-07 -6.56661e-07 -5.05054e-07 2.38076e-07 3.57677e-07 -2.93251e-08 -2.02925e-07 -4.3772e-08 9.04852e-08 4.8235e-08 -2.7741e-08 -2.9735e-08 2.18423e-09 1.24032e-08 4.73744e-09 -2.4877e-10</coefficients></responseFIR><responseFIR publicID="NRL/Nanometrics/TAURUS.0_4.40.LO.0_001/3" name="NRL/Nanometrics/TAURUS.0_4.40.LO.0_001/3"><gain>1000000</gain><decimationFactor>1</decimationFactor><delay>0</delay><correction>0</correction><numberOfCoefficients>1</numberOfCoefficients><symmetry>A</symmetry><coefficients>1</coefficients></responseFIR><responseFIR publicID="NRL/Nanometrics/TAURUS.0_4.40.LO.0_001/4" name="NRL/Nanometrics/TAURUS.0_4.40.LO.0_001/4"><gain>1</gain><decimationFactor>15</decimationFactor><delay>87.99999</delay><correction>87.99999</correction><numberOfCoefficients>177</numberOfCoefficients><symmetry>A</symmetry><coefficients>-1.50596e-10 -1.49886e-10 -1.00311e-10 1.25946e-10 7.96045e-10 2.42983e-09 5.98254e-09 1.31276e-08 2.66781e-08 5.11949e-08 9.38368e-08 1.65513e-07 2.82403e-07 4.67904e-07 7.55046e-07 1.18942e-06 1.83258e-06 2.7659e-06 4.09467e-06 5.95239e-06 8.50469e-06 1.19527e-05 1.65353e-05 2.25292e-05 3.02465e-05 4.00291e-05 5.22379e-05 6.72375e-05 8.53738e-05 0.000106946 0.000132169 0.000161134 0.000193754 0.000229712 0.000268398 0.000308854 0.000349711 0.00038914 0.000424811 0.00045387 0.000472936 0.000478133 0.000465151 0.000429345 0.000365887 0.000269951 0.000136952 -3.71723e-05 -0.000255641 -0.000520481 -0.00083216 -0.00118921 -0.00158785 -0.0020217 -0.00248145 -0.00295468 -0.00342576 -0.00387587 -0.0042831 -0.00462279 -0.00486795 -0.00498988 -0.00495889 -0.00474523 -0.0043201 -0.00365672 -0.00273148 -0.00152512 -2.38364e-05 0.00177968 0.00388537 0.00628506 0.00896202 0.0118907 0.0150369 0.018358 0.0218039 0.0253179 0.0288377 0.0322978 0.0356302 0.038767 0.0416424 0.0441942 0.0463659 0.0481089 0.0493834 0.0501602 0.0504211 0.0501602 0.0493834 0.0481089 0.0463659 0.0441942 0.0416424 0.038767 0.0356302 0.0322978 0.0288377 0.0253179 0.0218039 0.018358 0.0150369 0.0118907 0.00896202 0.00628506 0.00388537 0.00177968 -2.38364e-05 -0.00152512 -0.00273148 -0.00365672 -0.0043201 -0.00474523 -0.00495889 -0.00498988 -0.00486795 -0.00462279 -0.0042831 -0.00387587 -0.00342576 -0.00295468 -0.00248145 -0.0020217 -0.00158785 -0.00118921 -0.00083216 -0.000520481 -0.000255641 -3.71723e-05 0.000136952 0.000269951 0.000365887 0.000429345 0.000465151 0.000478133 0.000472936 0.00045387 0.000424811 0.00038914 0.000349711 0.000308854 0.000268398 0.000229712 0.000193754 0.000161134 0.000132169 0.000106946 8.53738e-05 6.72375e-05 5.22379e-05 4.00291e-05 3.02465e-05 2.25292e-05 1.65353e-05 1.19527e-05 8.50469e-06 5.95239e-06 4.09467e-06 2.7659e-06 1.83258e-06 1.18942e-06 7.55046e-07 4.67904e-07 2.82403e-07 1.65513e-07 9.38368e-08 5.11949e-08 2.66781e-08 1.31276e-08 5.98254e-09 2.42983e-09 7.96045e-10 1.25946e-10 -1.00311e-10 -1.49886e-10 -1.50596e-10</coefficients></responseFIR><responseFIR publicID="NRL/Nanometrics/TAURUS.0_4.40.LO.0_001/5" name="NRL/Nanometrics/TAURUS.0_4.40.LO.0_001/5"><gain>1</gain><decimationFactor>5</decimationFactor><delay>35</delay><correction>35</correction><numberOfCoefficients>71</numberOfCoefficients><symmetry>A</symmetry><coefficients>-1.40023e-08 -1.25506e-07 -6.07492e-07 -2.04687e-06 -5.23635e-06 -1.04277e-05 -1.56651e-05 -1.46714e-05 3.8669e-06 5.25492e-05 0.000134545 0.000227328 0.000269409 0.000165389 -0.000175421 -0.000764991 -0.00145211 -0.00188164 -0.00156238 -7.9306e-05 0.00258843 0.00577767 0.0080777 0.00766531 0.00306602 -0.00585956 -0.0171185 -0.0264597 -0.0282353 -0.0171837 0.0093947 0.0499107 0.0980348 0.14394 0.176996 0.189035 0.176996 0.14394 0.0980348 0.0499107 0.0093947 -0.0171837 -0.0282353 -0.0264597 -0.0171185 -0.00585956 0.00306602 0.00766531 0.0080777 0.00577767 0.00258843 -7.9306e-05 -0.00156238 -0.00188164 -0.00145211 -0.000764991 -0.000175421 0.000165389 0.000269409 0.000227328 0.000134545 5.25492e-05 3.8669e-06 -1.46714e-05 -1.56651e-05 -1.04277e-05 -5.23635e-06 -2.04687e-06 -6.07492e-07 -1.25506e-07 -1.40023e-08</coefficients></responseFIR><responseFIR publicID="NRL/Nanometrics/TAURUS.0_4.40.LO.0_001/6" name="NRL/Nanometrics/TAURUS.0_4.40.LO.0_001/6"><gain>1</gain><decimationFactor>5</decimationFactor><delay>56</delay><correction>56</correction><numberOfCoefficients>113</numberOfCoefficients><symmetry>A</symmetry><coefficients>3.62415e-09 1.47022e-08 2.92465e-08 1.67582e-08 -9.45969e-08 -4.00529e-07 -9.37365e-07 -1.53044e-06 -1.64599e-06 -4.0787e-07 3.03009e-06 8.68599e-06 1.4766e-05 1.71367e-05 1.01281e-05 -1.07286e-05 -4.43965e-05 -8.0298e-05 -9.76176e-05 -7.09487e-05 1.69209e-05 0.000158508 0.000309494 0.00039128 0.000315589 2.91906e-05 -0.000436272 -0.000935417 -0.00122839 -0.00106147 -0.000293981 0.000975648 0.00235246 0.00321559 0.00293343 0.00117105 -0.00182955 -0.00514565 -0.00736121 -0.00705636 -0.00346765 0.00293511 0.0102486 0.0155183 0.0157062 0.00898787 -0.00408117 -0.0200454 -0.033035 -0.0362846 -0.0243088 0.00495879 0.0488453 0.100015 0.148075 0.182311 0.194711 0.182311 0.148075 0.100015 0.0488453 0.00495879 -0.0243088 -0.0362846 -0.033035 -0.0200454 -0.00408117 0.00898787 0.0157062 0.0155183 0.0102486 0.00293511 -0.00346765 -0.00705636 -0.00736121 -0.00514565 -0.00182955 0.00117105 0.00293343 0.00321559 0.00235246 0.000975648 -0.000293981 -0.00106147 -0.00122839 -0.000935417 -0.000436272 2.91906e-05 0.000315589 0.00039128 0.000309494 0.000158508 1.69209e-05 -7.09487e-05 -9.76176e-05 -8.0298e-05 -4.43965e-05 -1.07286e-05 1.01281e-05 1.71367e-05 1.4766e-05 8.68599e-06 3.03009e-06 -4.0787e-07 -1.64599e-06 -1.53044e-06 -9.37365e-07 -4.00529e-07 -9.45969e-08 1.67582e-08 2.92465e-08 1.47022e-08 3.62415e-09</coefficients></responseFIR><responseFIR publicID="NRL/Nanometrics/TAURUS.0_4.40.LO.0_001/7" name="NRL/Nanometrics/TAURUS.0_4.40.LO.0_001/7"><gain>1</gain><decimationFactor>2</decimationFactor><delay>111</delay><correction>111</correction><numberOfCoefficients>223</numberOfCoefficients><symmetry>A</symmetry><coefficients>-2.4877e-10 4.73744e-09 1.24032e-08 2.18423e-09 -2.9735e-08 -2.7741e-08 4.8235e-08 9.04852e-08 -4.3772e-08 -2.02925e-07 -2.93251e-08 3.57677e-07 2.38076e-07 -5.05054e-07 -6.56661e-07 5.29514e-07 1.33303e-06 -2.35391e-07 -2.23456e-06 -6.43189e-07 3.17885e-06 2.39189e-06 -3.76643e-06 -5.21313e-06 3.34388e-06 9.06984e-06 -1.0342e-06 -1.34948e-05 -4.1282e-06 1.74081e-05 1.29325e-05 -1.90112e-05 -2.55982e-05 1.58385e-05 4.12985e-05 -5.05136e-06 -5.76943e-05 -1.59734e-05 7.06232e-05 4.87621e-05 -7.41183e-05 -9.2656e-05 6.09281e-05 0.000143704 -2.36571e-05 -0.000193818 -4.34607e-05 0.000230529 0.0001423 -0.000237697 -0.00026842 0.00019742 0.000408986 -9.32264e-05 -0.000541667 -8.56506e-05 0.000635146 0.000339424 -0.000651794 -0.000653162 0.000552734 0.000993533 -0.000305133 -0.00130802 -0.000108987 0.00152764 0.000683646 -0.00157381 -0.00138119 0.00136932 0.00212784 -0.000852739 -0.00281433 -5.43598e-06 0.00330293 0.00118724 -0.00344149 -0.00261502 0.00308386 0.00414554 -0.00211493 -0.00557267 0.000477543 0.00664017 0.00180254 -0.00706464 -0.00459738 0.00656694 0.0076669 -0.00490895 -0.0106603 0.00193106 0.0131289 0.00241487 -0.0145476 -0.00804248 0.0143373 0.0147221 -0.0118736 -0.0220889 0.00645106 0.0296694 0.00287172 -0.0369222 -0.0177763 0.0432915 0.0424836 -0.0482648 -0.0928087 0.0514286 0.313777 0.447486 0.313777 0.0514286 -0.0928087 -0.0482648 0.0424836 0.0432915 -0.0177763 -0.0369222 0.00287172 0.0296694 0.00645106 -0.0220889 -0.0118736 0.0147221 0.0143373 -0.00804248 -0.0145476 0.00241487 0.0131289 0.00193106 -0.0106603 -0.00490895 0.0076669 0.00656694 -0.00459738 -0.00706464 0.00180254 0.00664017 0.000477543 -0.00557267 -0.00211493 0.00414554 0.00308386 -0.00261502 -0.00344149 0.00118724 0.00330293 -5.43598e-06 -0.00281433 -0.000852739 0.00212784 0.00136932 -0.00138119 -0.00157381 0.000683646 0.00152764 -0.000108987 -0.00130802 -0.000305133 0.000993533 0.000552734 -0.000653162 -0.000651794 0.000339424 0.000635146 -8.56506e-05 -0.000541667 -9.32264e-05 0.000408986 0.00019742 -0.00026842 -0.000237697 0.0001423 0.000230529 -4.34607e-05 -0.000193818 -2.36571e-05 0.000143704 6.09281e-05 -9.2656e-05 -7.41183e-05 4.87621e-05 7.06232e-05 -1.59734e-05 -5.76943e-05 -5.05136e-06 4.12985e-05 1.58385e-05 -2.55982e-05 -1.90112e-05 1.29325e-05 1.74081e-05 -4.1282e-06 -1.34948e-05 -1.0342e-06 9.06984e-06 3.34388e-06 -5.21313e-06 -3.76643e-06 2.39189e-06 3.17885e-06 -6.43189e-07 -2.23456e-06 -2.35391e-07 1.33303e-06 5.29514e-07 -6.56661e-07 -5.05054e-07 2.38076e-07 3.57677e-07 -2.93251e-08 -2.02925e-07 -4.3772e-08 9.04852e-08 4.8235e-08 -2.7741e-08 -2.9735e-08 2.18423e-09 1.24032e-08 4.73744e-09 -2.4877e-10</coefficients></responseFIR><responseFIR publicID="NRL/Nanometrics/TAURUS.0_4.100.LO.0_001/3" name="NRL/Nanometrics/TAURUS.0_4.100.LO.0_001/3"><gain>1000000</gain><decimationFactor>1</decimationFactor><delay>0</delay><correction>0</correction><numberOfCoefficients>1</numberOfCoefficients><symmetry>A</symmetry><coefficients>1</coefficients></responseFIR><responseFIR publicID="NRL/Nanometrics/TAURUS.0_4.100.LO.0_001/4" name="NRL/Nanometrics/TAURUS.0_4.100.LO.0_001/4"><gain>1</gain><decimationFactor>15</decimationFactor><delay>81.99999</delay><correction>81.99999</correction><numberOfCoefficients>165</numberOfCoefficients><symmetry>A</symmetry><coefficients>-4.04791e-10 -1.39029e-10 6.728e-10 2.75797e-09 7.54651e-09 1.76668e-08 3.76936e-08 7.52313e-08 1.42425e-07 2.57999e-07 4.49904e-07 7.58655e-07 1.24139e-06 1.97658e-06 3.06939e-06 4.65728e-06 6.91569e-06 1.00631e-05 1.43649e-05 2.0135e-05 2.77346e-05 3.75661e-05 5.00617e-05 6.56652e-05 8.48049e-05 0.000107859 0.000135108 0.000166685 0.000202505 0.0002422 0.000285038 0.00032985 0.000374956 0.000418099 0.0004564 0.000486339 0.000503757 0.000503913 0.00048158 0.000431195 0.000347068 0.000223655 5.58818e-05 -0.000160476 -0.000428365 -0.000749008 -0.00112143 -0.00154201 -0.00200406 -0.00249746 -0.00300841 -0.00351925 -0.00400852 -0.00445107 -0.00481847 -0.00507953 -0.00520107 -0.00514889 -0.00488884 -0.00438813 -0.00361664 -0.0025484 -0.00116293 0.00055335 0.00260595 0.00499129 0.00769592 0.0106961 0.0139576 0.0174363 0.0210783 0.0248217 0.0285976 0.0323318 0.0359474 0.0393664 0.0425127 0.0453141 0.0477047 0.0496275 0.0510356 0.0518947 0.0521834 0.0518947 0.0510356 0.0496275 0.0477047 0.0453141 0.0425127 0.0393664 0.0359474 0.0323318 0.0285976 0.0248217 0.0210783 0.0174363 0.0139576 0.0106961 0.00769592 0.00499129 0.00260595 0.00055335 -0.00116293 -0.0025484 -0.00361664 -0.00438813 -0.00488884 -0.00514889 -0.00520107 -0.00507953 -0.00481847 -0.00445107 -0.00400852 -0.00351925 -0.00300841 -0.00249746 -0.00200406 -0.00154201 -0.00112143 -0.000749008 -0.000428365 -0.000160476 5.58818e-05 0.000223655 0.000347068 0.000431195 0.00048158 0.000503913 0.000503757 0.000486339 0.0004564 0.000418099 0.000374956 0.00032985 0.000285038 0.0002422 0.000202505 0.000166685 0.000135108 0.000107859 8.48049e-05 6.56652e-05 5.00617e-05 3.75661e-05 2.77346e-05 2.0135e-05 1.43649e-05 1.00631e-05 6.91569e-06 4.65728e-06 3.06939e-06 1.97658e-06 1.24139e-06 7.58655e-07 4.49904e-07 2.57999e-07 1.42425e-07 7.52313e-08 3.76936e-08 1.76668e-08 7.54651e-09 2.75797e-09 6.728e-10 -1.39029e-10 -4.04791e-10</coefficients></responseFIR><responseFIR publicID="NRL/Nanometrics/TAURUS.0_4.100.LO.0_001/5" name="NRL/Nanometrics/TAURUS.0_4.100.LO.0_001/5"><gain>1</gain><decimationFactor>10</decimationFactor><delay>93</delay><correction>93</correction><numberOfCoefficients>187</numberOfCoefficients><symmetry>A</symmetry><coefficients>8.46923e-10 2.27422e-09 4.53895e-09 6.87379e-09 7.10904e-09 7.62784e-10 -1.98301e-08 -6.60994e-08 -1.53114e-07 -2.98249e-07 -5.18152e-07 -8.23636e-07 -1.21248e-06 -1.66055e-06 -2.11247e-06 -2.47353e-06 -2.60562e-06 -2.33013e-06 -1.44098e-06 2.69804e-07 2.97271e-06 6.74886e-06 1.15296e-05 1.70354e-05 2.27248e-05 2.7767e-05 3.10537e-05 3.1263e-05 2.69861e-05 1.69189e-05 1.11176e-07 -2.37456e-05 -5.40267e-05 -8.89227e-05 -0.000125282 -0.000158604 -0.000183236 -0.000192798 -0.000180864 -0.00014185 -7.2067e-05 2.91938e-05 0.000158665 0.000308386 0.000465422 0.000612198 0.000727547 0.000788512 0.000772858 0.000662123 0.000444926 0.000120161 -0.000300369 -0.000790361 -0.00130887 -0.00180202 -0.00220662 -0.00245579 -0.00248619 -0.00224631 -0.00170503 -0.000859463 0.000259011 0.00158157 0.0030025 0.00438414 0.00556632 0.00638 0.0066644 0.00628604 0.00515814 0.0032582 0.000641682 -0.00255018 -0.00609006 -0.0096727 -0.0129317 -0.0154642 -0.0168626 -0.016749 -0.0148125 -0.0108426 -0.00475778 0.00337489 0.0133318 0.0247374 0.0370816 0.0497507 0.062067 0.0733368 0.0829015 0.0901866 0.0947464 0.0962985 0.0947464 0.0901866 0.0829015 0.0733368 0.062067 0.0497507 0.0370816 0.0247374 0.0133318 0.00337489 -0.00475778 -0.0108426 -0.0148125 -0.016749 -0.0168626 -0.0154642 -0.0129317 -0.0096727 -0.00609006 -0.00255018 0.000641682 0.0032582 0.00515814 0.00628604 0.0066644 0.00638 0.00556632 0.00438414 0.0030025 0.00158157 0.000259011 -0.000859463 -0.00170503 -0.00224631 -0.00248619 -0.00245579 -0.00220662 -0.00180202 -0.00130887 -0.000790361 -0.000300369 0.000120161 0.000444926 0.000662123 0.000772858 0.000788512 0.000727547 0.000612198 0.000465422 0.000308386 0.000158665 2.91938e-05 -7.2067e-05 -0.00014185 -0.000180864 -0.000192798 -0.000183236 -0.000158604 -0.000125282 -8.89227e-05 -5.40267e-05 -2.37456e-05 1.11176e-07 1.69189e-05 2.69861e-05 3.1263e-05 3.10537e-05 2.7767e-05 2.27248e-05 1.70354e-05 1.15296e-05 6.74886e-06 2.97271e-06 2.69804e-07 -1.44098e-06 -2.33013e-06 -2.60562e-06 -2.47353e-06 -2.11247e-06 -1.66055e-06 -1.21248e-06 -8.23636e-07 -5.18152e-07 -2.98249e-07 -1.53114e-07 -6.60994e-08 -1.98301e-08 7.62784e-10 7.10904e-09 6.87379e-09 4.53895e-09 2.27422e-09 8.46923e-10</coefficients></responseFIR><responseFIR publicID="NRL/Nanometrics/TAURUS.0_4.100.LO.0_001/6" name="NRL/Nanometrics/TAURUS.0_4.100.LO.0_001/6"><gain>1</gain><decimationFactor>2</decimationFactor><delay>111</delay><correction>111</correction><numberOfCoefficients>223</numberOfCoefficients><symmetry>A</symmetry><coefficients>-2.4877e-10 4.73744e-09 1.24032e-08 2.18423e-09 -2.9735e-08 -2.7741e-08 4.8235e-08 9.04852e-08 -4.3772e-08 -2.02925e-07 -2.93251e-08 3.57677e-07 2.38076e-07 -5.05054e-07 -6.56661e-07 5.29514e-07 1.33303e-06 -2.35391e-07 -2.23456e-06 -6.43189e-07 3.17885e-06 2.39189e-06 -3.76643e-06 -5.21313e-06 3.34388e-06 9.06984e-06 -1.0342e-06 -1.34948e-05 -4.1282e-06 1.74081e-05 1.29325e-05 -1.90112e-05 -2.55982e-05 1.58385e-05 4.12985e-05 -5.05136e-06 -5.76943e-05 -1.59734e-05 7.06232e-05 4.87621e-05 -7.41183e-05 -9.2656e-05 6.09281e-05 0.000143704 -2.36571e-05 -0.000193818 -4.34607e-05 0.000230529 0.0001423 -0.000237697 -0.00026842 0.00019742 0.000408986 -9.32264e-05 -0.000541667 -8.56506e-05 0.000635146 0.000339424 -0.000651794 -0.000653162 0.000552734 0.000993533 -0.000305133 -0.00130802 -0.000108987 0.00152764 0.000683646 -0.00157381 -0.00138119 0.00136932 0.00212784 -0.000852739 -0.00281433 -5.43598e-06 0.00330293 0.00118724 -0.00344149 -0.00261502 0.00308386 0.00414554 -0.00211493 -0.00557267 0.000477543 0.00664017 0.00180254 -0.00706464 -0.00459738 0.00656694 0.0076669 -0.00490895 -0.0106603 0.00193106 0.0131289 0.00241487 -0.0145476 -0.00804248 0.0143373 0.0147221 -0.0118736 -0.0220889 0.00645106 0.0296694 0.00287172 -0.0369222 -0.0177763 0.0432915 0.0424836 -0.0482648 -0.0928087 0.0514286 0.313777 0.447486 0.313777 0.0514286 -0.0928087 -0.0482648 0.0424836 0.0432915 -0.0177763 -0.0369222 0.00287172 0.0296694 0.00645106 -0.0220889 -0.0118736 0.0147221 0.0143373 -0.00804248 -0.0145476 0.00241487 0.0131289 0.00193106 -0.0106603 -0.00490895 0.0076669 0.00656694 -0.00459738 -0.00706464 0.00180254 0.00664017 0.000477543 -0.00557267 -0.00211493 0.00414554 0.00308386 -0.00261502 -0.00344149 0.00118724 0.00330293 -5.43598e-06 -0.00281433 -0.000852739 0.00212784 0.00136932 -0.00138119 -0.00157381 0.000683646 0.00152764 -0.000108987 -0.00130802 -0.000305133 0.000993533 0.000552734 -0.000653162 -0.000651794 0.000339424 0.000635146 -8.56506e-05 -0.000541667 -9.32264e-05 0.000408986 0.00019742 -0.00026842 -0.000237697 0.0001423 0.000230529 -4.34607e-05 -0.000193818 -2.36571e-05 0.000143704 6.09281e-05 -9.2656e-05 -7.41183e-05 4.87621e-05 7.06232e-05 -1.59734e-05 -5.76943e-05 -5.05136e-06 4.12985e-05 1.58385e-05 -2.55982e-05 -1.90112e-05 1.29325e-05 1.74081e-05 -4.1282e-06 -1.34948e-05 -1.0342e-06 9.06984e-06 3.34388e-06 -5.21313e-06 -3.76643e-06 2.39189e-06 3.17885e-06 -6.43189e-07 -2.23456e-06 -2.35391e-07 1.33303e-06 5.29514e-07 -6.56661e-07 -5.05054e-07 2.38076e-07 3.57677e-07 -2.93251e-08 -2.02925e-07 -4.3772e-08 9.04852e-08 4.8235e-08 -2.7741e-08 -2.9735e-08 2.18423e-09 1.24032e-08 4.73744e-09 -2.4877e-10</coefficients></responseFIR><responseFIR publicID="ResponseFIR/20210812124112.707532.9" name="FIR_SMOOTH_RESP"><gain>1</gain><gainFrequency>0.005</gainFrequency><decimationFactor>5</decimationFactor><delay>250</delay><correction>250</correction><numberOfCoefficients>251</numberOfCoefficients><symmetry>B</symmetry><coefficients>-1.391e-09 -7.59e-11 1.4201e-09 2.8499e-09 3.8191e-09 3.8216e-09 2.4064e-09 -5.62e-10 -4.655e-09 -8.77e-09 -1.129e-08 -1.053e-08 -5.43e-09 3.7941e-09 1.5211e-08 2.5312e-08 2.9805e-08 2.5e-08 9.4253e-09 -1.487e-08 -4.193e-08 -6.285e-08 -6.815e-08 -5.108e-08 -1.088e-08 4.5128e-08 1.0186e-07 1.3964e-07 1.3993e-07 9.2249e-08 4.936e-22 -1.17e-07 -2.25e-07 -2.847e-07 -2.635e-07 -1.482e-07 4.5393e-08 2.7099e-07 4.602e-07 5.4077e-07 4.6032e-07 2.0862e-07 -1.693e-07 -5.759e-07 -8.825e-07 -9.658e-07 -7.499e-07 -2.424e-07 4.5091e-07 1.1408e-06 1.6002e-06 1.6321e-06 1.1403e-06 1.8159e-07 -1.023e-06 -2.13e-06 -2.76e-06 -2.621e-06 -1.611e-06 1.0181e-07 2.0952e-06 3.7774e-06 4.5513e-06 4.0075e-06 2.0894e-06 -8.27e-07 -3.98e-06 -6.402e-06 -7.197e-06 -5.84e-06 -2.409e-06 2.3435e-06 7.1217e-06 1.0413e-05 1.0939e-05 8.0983e-06 2.2657e-06 -5.176e-06 -1.212e-05 -1.631e-05 -1.601e-05 -1.064e-05 -1.152e-06 1.0076e-05 1.9771e-05 2.4673e-05 2.2567e-05 1.3128e-05 -1.713e-06 -1.807e-05 -3.103e-05 -3.61e-05 -3.064e-05 -1.494e-05 7.4666e-06 3.0483e-05 4.7039e-05 5.1163e-05 3.9988e-05 1.504e-05 -1.768e-05 -4.9e-05 -6.907e-05 -7.029e-05 -5.001e-05 -1.19e-05 3.442e-05 7.5627e-05 9.8424e-05 9.3643e-05 5.9568e-05 3.3207e-06 -6.033e-05 -0.0001127 -0.0001363 -0.0001209 -6.679e-05 1.364e-05 9.8608e-05 0.00016258 0.00018375 0.00015108 6.8926e-05 -4.279e-05 -0.000153 -0.0002279 -0.0002411 -0.0001823 -6.213e-05 8.8865e-05 0.00022777 0.00031113 0.00030816 0.00021143 4.1309e-05 -0.0001575 -0.0003274 -0.0004141 -0.0003834 -0.000234 -5.8e-19 0.00025528 0.00045651 0.0005379 0.0004641 0.00024365 -6.973e-05 -0.0003895 -0.0006195 -0.0006826 -0.0005455 -0.0002323 0.0001773 0.00056793 0.00082024 0.00084672 0.00062072 0.0001896 -0.0003336 -0.0007989 -0.001062 -0.001027 -0.0006805 -0.0001029 0.00055094 0.0010906 0.0013451 0.001216 0.00071256 -4.293e-05 -0.000843 -0.001451 -0.001671 -0.001406 -0.0007014 0.00026577 0.001225 0.0018884 0.0020358 0.0015852 0.00062782 -0.0005867 -0.001714 -0.00241 -0.002436 -0.001736 -0.000468 0.0010307 0.0023284 0.0030232 0.0028646 0.0018395 0.00019253 -0.001629 -0.003093 -0.003737 -0.003312 -0.001868 0.00023649 0.0024201 0.0040371 0.0045645 0.003767 0.001787 -0.0008699 -0.00346 -0.005206 -0.005525 -0.004216 -0.00155 0.001781 0.0048318 0.0066707 0.0066554 0.0046461 0.0010854 -0.003087 -0.006674 -0.008556 -0.008027 -0.005041 -0.0002778 0.0049956 0.0092465 0.0111073 0.0097932 0.0053882 -0.001098 -0.007935 -0.013107 -0.014876 -0.012316 -0.005673 0.0035677 0.012968 0.0197157 0.0213811 0.016657 0.0058855 -0.008789 -0.023714 -0.034448 -0.03674 -0.027574 -0.006016 0.0263517 0.0655388 0.105794 0.1406814 0.1643509 0.1727273</coefficients></responseFIR><responseFIR publicID="ResponseFIR/20210812124112.707747.11" name="ResponseFIR/20210812124112.707747.11"><gain>1</gain><gainFrequency>0.005</gainFrequency><decimationFactor>4</decimationFactor><delay>250</delay><correction>250</correction><numberOfCoefficients>251</numberOfCoefficients><symmetry>B</symmetry><coefficients>-9.3e-10 -2.333e-09 -2.828e-09 -2.02e-09 1.412e-10 3.0604e-09 5.4084e-09 5.5232e-09 2.3078e-09 -3.765e-09 -1.021e-08 -1.321e-08 -9.497e-09 1.411e-09 1.5759e-08 2.6268e-08 2.5262e-08 9.1775e-09 -1.786e-08 -4.384e-08 -5.336e-08 -3.556e-08 8.0923e-09 6.076e-08 9.5284e-08 8.6691e-08 2.714e-08 -6.465e-08 -1.465e-07 -1.699e-07 -1.06e-07 3.3362e-08 1.9111e-07 2.8514e-07 2.4748e-07 6.5566e-08 -1.97e-07 -4.167e-07 -4.637e-07 -2.715e-07 1.1192e-07 5.2335e-07 7.4722e-07 6.2083e-07 1.3441e-07 -5.299e-07 -1.055e-06 -1.13e-06 -6.202e-07 3.2411e-07 1.2901e-06 1.7691e-06 1.4092e-06 2.348e-07 -1.293e-06 -2.435e-06 -2.516e-06 -1.291e-06 8.3841e-07 2.9226e-06 3.8589e-06 2.9488e-06 3.3737e-07 -2.912e-06 -5.213e-06 -5.202e-06 -2.486e-06 1.9806e-06 6.1706e-06 7.8606e-06 5.7609e-06 3.4063e-07 -6.13e-06 -1.047e-05 -1.01e-05 -4.467e-06 4.3388e-06 1.2267e-05 1.5099e-05 1.0606e-05 -2.07e-19 -1.218e-05 -1.99e-05 -1.856e-05 -7.539e-06 8.9129e-06 2.314e-05 2.7553e-05 1.8527e-05 -1.183e-06 -2.298e-05 -3.603e-05 -3.251e-05 -1.2e-05 1.7316e-05 4.1669e-05 4.804e-05 3.0876e-05 -4.118e-06 -4.145e-05 -6.248e-05 -5.452e-05 -1.803e-05 3.2027e-05 7.1978e-05 8.0409e-05 4.9294e-05 -1.034e-05 -7.176e-05 -0.0001042 -8.793e-05 -2.558e-05 5.6705e-05 0.00011976 0.00012971 7.5657e-05 -2.23e-05 -0.0001198 -0.0001677 -0.0001368 -3.411e-05 9.6539e-05 0.00019259 0.00020233 0.00011194 -4.365e-05 -0.0001933 -0.0002615 -0.0002061 -4.236e-05 0.00015866 0.0003003 0.0003061 0.00016003 -7.971e-05 -0.0003026 -0.000396 -0.0003013 -4.797e-05 0.00025258 0.00045526 0.00045037 0.0002215 -0.0001378 -0.0004609 -0.000584 -0.0004285 -4.71e-05 0.00039076 0.00067289 0.00064609 0.00029728 -0.0002281 -0.0006848 -0.000841 -0.0005945 -3.392e-05 0.00058933 0.00097226 0.00090614 0.00038744 -0.0003639 -0.0009954 -0.001186 -0.0008066 7.622e-18 0.0008692 0.0013773 0.0012459 0.00049089 -0.0005633 -0.00142 -0.001642 -0.001073 6.6582e-05 0.0012581 0.001919 0.0016849 0.00060526 -0.0008508 -0.001995 -0.002241 -0.001405 0.00018272 0.0017944 0.0026403 0.00225 0.00072682 -0.001262 -0.002772 -0.003029 -0.001817 0.00037317 0.0025352 0.0036059 0.0029824 0.00085066 -0.00185 -0.003834 -0.004078 -0.002336 0.00067678 0.003574 0.0049247 0.0039544 0.00097089 -0.002708 -0.005326 -0.005521 -0.003015 0.0011616 0.0050841 0.0068051 0.0053092 0.0010811 -0.004015 -0.007542 -0.007636 -0.003969 0.0019675 0.0074414 0.0097138 0.0073799 0.001175 -0.006195 -0.011197 -0.011125 -0.005505 0.0034537 0.0116646 0.0149651 0.0111449 0.0012468 -0.01056 -0.018628 -0.018394 -0.008742 0.0069643 0.0218361 0.0282029 0.0211397 0.0012918 -0.024337 -0.044225 -0.046344 -0.022915 0.0259257 0.0911102 0.1568689 0.2055759 0.2235294</coefficients></responseFIR><responseFIR publicID="ResponseFIR/20211126035547.329024.9" name="ResponseFIR/20211126035547.329024.9"><gain>1</gain><gainFrequency>0.005</gainFrequency><decimationFactor>256</decimationFactor><delay>0</delay><correction>0</correction><numberOfCoefficients>383</numberOfCoefficients><symmetry>C</symmetry><coefficients>5.9609e-08 1.7883e-07 3.5765e-07 5.9609e-07 8.9414e-07 1.2518e-06 1.6691e-06 2.1459e-06 2.6824e-06 3.2785e-06 3.9342e-06 4.6495e-06 5.4244e-06 6.259e-06 7.1531e-06 8.1068e-06 9.1202e-06 1.0193e-05 1.1326e-05 1.2518e-05 1.377e-05 1.5081e-05 1.6452e-05 1.7883e-05 1.9373e-05 2.0923e-05 2.2532e-05 2.4201e-05 2.593e-05 2.7718e-05 2.9566e-05 3.1474e-05 3.3441e-05 3.5467e-05 3.7554e-05 3.97e-05 4.1905e-05 4.417e-05 4.6495e-05 4.8879e-05 5.1323e-05 5.3827e-05 5.639e-05 5.9013e-05 6.1695e-05 6.4437e-05 6.7239e-05 7.01e-05 7.3021e-05 7.6002e-05 7.9042e-05 8.2141e-05 8.5301e-05 8.852e-05 9.1798e-05 9.5136e-05 9.8534e-05 0.00010199 0.00010551 0.00010908 0.00011272 0.00011642 0.00012017 0.00012399 0.00012786 0.0001318 0.00013579 0.00013984 0.00014396 0.00014813 0.00015236 0.00015665 0.000161 0.00016542 0.00016989 0.00017442 0.00017901 0.00018366 0.00018836 0.00019313 0.00019796 0.00020285 0.0002078 0.0002128 0.00021787 0.000223 0.00022818 0.00023343 0.00023873 0.0002441 0.00024952 0.00025501 0.00026055 0.00026615 0.00027182 0.00027754 0.00028332 0.00028916 0.00029507 0.00030103 0.00030705 0.00031313 0.00031927 0.00032547 0.00033172 0.00033804 0.00034442 0.00035086 0.00035736 0.00036391 0.00037053 0.00037721 0.00038394 0.00039074 0.00039759 0.00040451 0.00041148 0.00041852 0.00042561 0.00043276 0.00043997 0.00044725 0.00045458 0.00046197 0.00046942 0.00047693 0.0004845 0.00049213 0.00049982 0.00050757 0.00051538 0.00052325 0.00053118 0.00053916 0.00054721 0.00055532 0.00056349 0.00057171 0.00058 0.00058834 0.00059675 0.00060521 0.00061374 0.00062232 0.00063096 0.00063967 0.00064843 0.00065725 0.00066613 0.00067507 0.00068407 0.00069313 0.00070226 0.00071143 0.00072067 0.00072997 0.00073933 0.00074875 0.00075823 0.00076777 0.00077736 0.00078702 0.00079674 0.00080651 0.00081635 0.00082624 0.0008362 0.00084621 0.00085629 0.00086642 0.00087661 0.00088686 0.00089718 0.00090755 0.00091798 0.00092847 0.00093902 0.00094963 0.0009603 0.00097103 0.00098182 0.00099267 0.0010036 0.0010145 0.0010256 0.0010367 0.0010478 0.001059 0.0010703 0.0010816 0.001093 0.0011044 0.0011159 0.0011275 0.0011391 0.0011508 0.0011626 0.0011744 0.0011862 0.0011981 0.0012101 0.0012222 0.0012343 0.0012464 0.0012586 0.0012709 0.0012833 0.0012957 0.0013081 0.0013206 0.0013332 0.0013459 0.0013586 0.0013713 0.0013841 0.001397 0.0014099 0.0014229 0.001436 0.0014491 0.0014623 0.0014755 0.0014888 0.0015021 0.0015156 0.001529 0.0015426 0.0015562 0.0015698 0.0015835 0.0015973 0.0016111 0.001625 0.001639 0.001653 0.001667 0.0016812 0.0016953 0.0017096 0.0017239 0.0017383 0.0017527 0.0017672 0.0017817 0.0017963 0.001811 0.0018257 0.0018405 0.0018553 0.0018702 0.0018852 0.0019002 0.0019153 0.0019304 0.0019456 0.0019609 0.001976 0.0019911 0.002006 0.0020207 0.0020354 0.00205 0.0020644 0.0020787 0.0020929 0.0021069 0.0021209 0.0021347 0.0021484 0.002162 0.0021755 0.0021888 0.0022021 0.0022152 0.0022282 0.0022411 0.0022538 0.0022665 0.002279 0.0022914 0.0023037 0.0023158 0.0023279 0.0023398 0.0023516 0.0023633 0.0023748 0.0023863 0.0023976 0.0024088 0.0024199 0.0024309 0.0024417 0.0024524 0.002463 0.0024735 0.0024839 0.0024942 0.0025043 0.0025143 0.0025242 0.002534 0.0025436 0.0025532 0.0025626 0.0025719 0.0025811 0.0025901 0.0025991 0.0026079 0.0026166 0.0026252 0.0026337 0.002642 0.0026502 0.0026583 0.0026663 0.0026742 0.0026819 0.0026896 0.0026971 0.0027045 0.0027117 0.0027189 0.0027259 0.0027328 0.0027396 0.0027463 0.0027529 0.0027593 0.0027656 0.0027718 0.0027779 0.0027839 0.0027897 0.0027954 0.002801 0.0028065 0.0028119 0.0028171 0.0028223 0.0028273 0.0028321 0.0028369 0.0028416 0.0028461 0.0028505 0.0028548 0.002859 0.002863 0.002867 0.0028708 0.0028745 0.002878 0.0028815 0.0028848 0.0028881 0.0028912 0.0028941 0.002897 0.0028997 0.0029024 0.0029049 0.0029073 0.0029095 0.0029117 0.0029137 0.0029156 0.0029174 0.0029191 0.0029206 0.002922 0.0029234 0.0029245 0.0029256 0.0029266 0.0029274 0.0029281 0.0029287 0.0029292 0.0029295 0.0029298 0.0029299</coefficients></responseFIR><responseFIR publicID="ResponseFIR/20211126035547.330216.10" name="ResponseFIR/20211126035547.330216.10"><gain>1</gain><gainFrequency>0.005</gainFrequency><decimationFactor>5</decimationFactor><delay>250</delay><correction>250</correction><numberOfCoefficients>251</numberOfCoefficients><symmetry>B</symmetry><coefficients>-1.391e-09 -7.59e-11 1.4201e-09 2.8499e-09 3.8191e-09 3.8216e-09 2.4064e-09 -5.62e-10 -4.655e-09 -8.77e-09 -1.129e-08 -1.053e-08 -5.43e-09 3.7941e-09 1.5211e-08 2.5312e-08 2.9805e-08 2.5e-08 9.4253e-09 -1.487e-08 -4.193e-08 -6.285e-08 -6.815e-08 -5.108e-08 -1.088e-08 4.5128e-08 1.0186e-07 1.3964e-07 1.3993e-07 9.2249e-08 4.936e-22 -1.17e-07 -2.25e-07 -2.847e-07 -2.635e-07 -1.482e-07 4.5393e-08 2.7099e-07 4.602e-07 5.4077e-07 4.6032e-07 2.0862e-07 -1.693e-07 -5.759e-07 -8.825e-07 -9.658e-07 -7.499e-07 -2.424e-07 4.5091e-07 1.1408e-06 1.6002e-06 1.6321e-06 1.1403e-06 1.8159e-07 -1.023e-06 -2.13e-06 -2.76e-06 -2.621e-06 -1.611e-06 1.0181e-07 2.0952e-06 3.7774e-06 4.5513e-06 4.0075e-06 2.0894e-06 -8.27e-07 -3.98e-06 -6.402e-06 -7.197e-06 -5.84e-06 -2.409e-06 2.3435e-06 7.1217e-06 1.0413e-05 1.0939e-05 8.0983e-06 2.2657e-06 -5.176e-06 -1.212e-05 -1.631e-05 -1.601e-05 -1.064e-05 -1.152e-06 1.0076e-05 1.9771e-05 2.4673e-05 2.2567e-05 1.3128e-05 -1.713e-06 -1.807e-05 -3.103e-05 -3.61e-05 -3.064e-05 -1.494e-05 7.4666e-06 3.0483e-05 4.7039e-05 5.1163e-05 3.9988e-05 1.504e-05 -1.768e-05 -4.9e-05 -6.907e-05 -7.029e-05 -5.001e-05 -1.19e-05 3.442e-05 7.5627e-05 9.8424e-05 9.3643e-05 5.9568e-05 3.3207e-06 -6.033e-05 -0.0001127 -0.0001363 -0.0001209 -6.679e-05 1.364e-05 9.8608e-05 0.00016258 0.00018375 0.00015108 6.8926e-05 -4.279e-05 -0.000153 -0.0002279 -0.0002411 -0.0001823 -6.213e-05 8.8865e-05 0.00022777 0.00031113 0.00030816 0.00021143 4.1309e-05 -0.0001575 -0.0003274 -0.0004141 -0.0003834 -0.000234 -5.8e-19 0.00025528 0.00045651 0.0005379 0.0004641 0.00024365 -6.973e-05 -0.0003895 -0.0006195 -0.0006826 -0.0005455 -0.0002323 0.0001773 0.00056793 0.00082024 0.00084672 0.00062072 0.0001896 -0.0003336 -0.0007989 -0.001062 -0.001027 -0.0006805 -0.0001029 0.00055094 0.0010906 0.0013451 0.001216 0.00071256 -4.293e-05 -0.000843 -0.001451 -0.001671 -0.001406 -0.0007014 0.00026577 0.001225 0.0018884 0.0020358 0.0015852 0.00062782 -0.0005867 -0.001714 -0.00241 -0.002436 -0.001736 -0.000468 0.0010307 0.0023284 0.0030232 0.0028646 0.0018395 0.00019253 -0.001629 -0.003093 -0.003737 -0.003312 -0.001868 0.00023649 0.0024201 0.0040371 0.0045645 0.003767 0.001787 -0.0008699 -0.00346 -0.005206 -0.005525 -0.004216 -0.00155 0.001781 0.0048318 0.0066707 0.0066554 0.0046461 0.0010854 -0.003087 -0.006674 -0.008556 -0.008027 -0.005041 -0.0002778 0.0049956 0.0092465 0.0111073 0.0097932 0.0053882 -0.001098 -0.007935 -0.013107 -0.014876 -0.012316 -0.005673 0.0035677 0.012968 0.0197157 0.0213811 0.016657 0.0058855 -0.008789 -0.023714 -0.034448 -0.03674 -0.027574 -0.006016 0.0263517 0.0655388 0.105794 0.1406814 0.1643509 0.1727273</coefficients></responseFIR><responseFIR publicID="ResponseFIR/20211126035547.330374.12" name="ResponseFIR/20211126035547.330374.12"><gain>1</gain><gainFrequency>0.005</gainFrequency><decimationFactor>2</decimationFactor><delay>250</delay><correction>250</correction><numberOfCoefficients>251</numberOfCoefficients><symmetry>B</symmetry><coefficients>1.8199e-09 2.0203e-09 -1.697e-09 -2.791e-09 1.7345e-09 4.1969e-09 -1.685e-09 -6.391e-09 1.2389e-09 9.4916e-09 -4.02e-22 -1.356e-08 -2.528e-09 1.8577e-08 6.9515e-09 -2.437e-08 -1.399e-08 3.0586e-08 2.446e-08 -3.659e-08 -3.923e-08 4.1423e-08 5.9165e-08 -4.37e-08 -8.503e-08 4.1572e-08 1.1735e-07 -3.265e-08 -1.563e-07 1.4016e-08 2.0133e-07 1.777e-08 -2.512e-07 -6.658e-08 3.0362e-07 1.3655e-07 -3.548e-07 -2.319e-07 3.9953e-07 3.5643e-07 -4.307e-07 -5.134e-07 4.3928e-07 7.0454e-07 -4.143e-07 -9.299e-07 3.427e-07 1.1868e-06 -2.099e-07 -1.469e-06 1.578e-21 1.7663e-06 3.0347e-07 -2.063e-06 -7.166e-07 2.339e-06 1.2537e-06 -2.566e-06 -1.926e-06 2.711e-06 2.7404e-06 -2.734e-06 -3.696e-06 2.5882e-06 4.7824e-06 -2.224e-06 -5.98e-06 1.5867e-06 7.2525e-06 -6.219e-07 -8.551e-06 -7.233e-07 9.8086e-06 2.4958e-06 -1.094e-05 -4.732e-06 1.1839e-05 7.4547e-06 -1.239e-05 -1.066e-05 1.2444e-05 1.4334e-05 -1.186e-05 -1.841e-05 1.0481e-05 2.2795e-05 -8.143e-06 -2.735e-05 4.6953e-06 3.1907e-05 -8.02e-19 -3.622e-05 -6.052e-06 4.0031e-05 1.3531e-05 -4.301e-05 -2.245e-05 4.4788e-05 3.2775e-05 -4.499e-05 -4.437e-05 4.3195e-05 5.7013e-05 -3.9e-05 -7.04e-05 3.1993e-05 8.4094e-05 -2.182e-05 -9.757e-05 8.1872e-06 0.00011018 9.1238e-06 -0.0001212 -3.02e-05 0.00012971 5.4998e-05 -0.0001349 -8.328e-05 0.00013572 0.00011463 -0.0001313 -0.0001484 0.00012056 0.00018373 -0.0001027 -0.0002195 7.7044e-05 0.00025433 -4.291e-05 -0.0002867 5.316e-18 0.00031478 5.1732e-05 -0.0003367 -0.000112 0.00035031 0.00018006 -0.0003536 -0.0002548 0.00034452 0.0003347 -0.0003211 -0.0004176 0.00028151 0.00050094 -0.0002245 -0.0005818 0.00014889 0.00065662 -5.436e-05 -0.0007218 -5.898e-05 0.00077314 0.00019023 -0.0008066 -0.0003377 0.00081794 0.00049884 -0.0008031 -0.0006702 0.00075838 0.00084742 -0.0006805 -0.001025 0.00056689 0.0011977 -0.0004158 -0.001358 0.00022669 0.0014987 -1.83e-17 -0.001612 -0.0002623 0.0016903 0.00055681 -0.001725 -0.0008785 0.0017096 0.0012209 -0.001636 -0.001576 0.0014987 0.0019332 -0.001293 -0.002282 0.0010147 0.0026104 -0.0006632 -0.002904 0.00023875 0.0031492 0.00025569 -0.003331 -0.0008147 0.0034347 0.0014302 -0.003446 -0.002091 0.0033514 0.0027846 -0.003138 -0.003494 0.002796 0.0041998 -0.002316 -0.004882 0.0016916 0.0055157 -0.0009198 -0.006077 3.717e-17 0.0065381 0.0010647 -0.006871 -0.002268 0.0070465 0.0036001 -0.007034 -0.005048 0.006802 0.0065937 -0.006318 -0.008219 0.0055484 0.0099007 -0.004455 -0.011614 0.0029949 0.0133331 -0.001116 -0.015029 -0.001248 0.0166743 0.0041939 -0.01824 -0.007863 0.0196979 0.0124878 -0.021022 -0.018471 0.0221881 0.026584 -0.023174 -0.038501 0.0239612 0.058606 -0.024535 -0.103039 0.0248831 0.3172833 0.475</coefficients></responseFIR><network publicID="Network#20150806153749.459864.2" code="IA"><start>1980-01-01T00:00:00.0000Z</start><description>BMG-Net, Indonesia (IA-Net)</description><institutions>BMG</institutions><region>Indonesia</region><type>BB</type><netClass>p</netClass><archive>GFZ</archive><restricted>true</restricted><shared>false</shared><station publicID="Station#20150806153749.76289.267" code="SRBI" archiveNetworkCode="IA"><start>2008-01-01T00:00:00.0000Z</start><description>Station Singaraja, Bali</description><latitude>-8.0848</latitude><longitude>115.2126</longitude><elevation>111.5</elevation><place>Singaraja</place><country>Bali</country><archive>GFZ</archive><restricted>false</restricted><shared>false</shared><sensorLocation publicID="SensorLocation#20150806153749.762924.268" code=""><start>2008-01-01T00:00:00.0000Z</start><latitude>-8.0848</latitude><longitude>115.2126</longitude><elevation>111.5</elevation><stream publicID="Stream/20191013080002.20375.6716" code="BHE" datalogger="NRL/Nanometrics/TAURUS.0_4.20.LO.0_001" sensor="NRL/Nanometrics/Trillium120P.120.1201"><start>2008-01-01T00:00:00.0000Z</start><end>2021-10-21T00:00:00.0000Z</end><dataloggerSerialNumber>xxxx</dataloggerSerialNumber><dataloggerChannel>2</dataloggerChannel><sensorSerialNumber>yyyy</sensorSerialNumber><sensorChannel>2</sensorChannel><sampleRateNumerator>20</sampleRateNumerator><sampleRateDenominator>1</sampleRateDenominator><depth>0</depth><azimuth>90</azimuth><dip>0</dip><gain>480398558.8</gain><gainFrequency>1</gainFrequency><gainUnit>M/S</gainUnit><format>Steim2</format><flags>GC</flags><restricted>false</restricted><shared>true</shared></stream><stream publicID="Stream/20191013080002.203766.6717" code="BHN" datalogger="NRL/Nanometrics/TAURUS.0_4.20.LO.0_001" sensor="NRL/Nanometrics/Trillium120P.120.1201"><start>2008-01-01T00:00:00.0000Z</start><end>2021-10-21T00:00:00.0000Z</end><dataloggerSerialNumber>xxxx</dataloggerSerialNumber><dataloggerChannel>1</dataloggerChannel><sensorSerialNumber>yyyy</sensorSerialNumber><sensorChannel>1</sensorChannel><sampleRateNumerator>20</sampleRateNumerator><sampleRateDenominator>1</sampleRateDenominator><depth>0</depth><azimuth>0</azimuth><dip>0</dip><gain>480398558.8</gain><gainFrequency>1</gainFrequency><gainUnit>M/S</gainUnit><format>Steim2</format><flags>GC</flags><restricted>false</restricted><shared>true</shared></stream><stream publicID="Stream/20191013080002.203778.6718" code="BHZ" datalogger="NRL/Nanometrics/TAURUS.0_4.20.LO.0_001" sensor="NRL/Nanometrics/Trillium120P.120.1201"><start>2008-01-01T00:00:00.0000Z</start><end>2021-10-21T00:00:00.0000Z</end><dataloggerSerialNumber>xxxx</dataloggerSerialNumber><dataloggerChannel>0</dataloggerChannel><sensorSerialNumber>yyyy</sensorSerialNumber><sensorChannel>0</sensorChannel><sampleRateNumerator>20</sampleRateNumerator><sampleRateDenominator>1</sampleRateDenominator><depth>0</depth><azimuth>0</azimuth><dip>-90</dip><gain>480398558.8</gain><gainFrequency>1</gainFrequency><gainUnit>M/S</gainUnit><format>Steim2</format><flags>GC</flags><restricted>false</restricted><shared>true</shared></stream><stream publicID="Stream/20191013080002.203789.6719" code="SHE" datalogger="NRL/Nanometrics/TAURUS.0_4.40.LO.0_001" sensor="NRL/Nanometrics/Trillium120P.120.1201"><start>2008-01-01T00:00:00.0000Z</start><end>2021-10-21T00:00:00.0000Z</end><dataloggerSerialNumber>xxxx</dataloggerSerialNumber><dataloggerChannel>2</dataloggerChannel><sensorSerialNumber>yyyy</sensorSerialNumber><sensorChannel>2</sensorChannel><sampleRateNumerator>40</sampleRateNumerator><sampleRateDenominator>1</sampleRateDenominator><depth>0</depth><azimuth>90</azimuth><dip>0</dip><gain>480398558.8</gain><gainFrequency>1</gainFrequency><gainUnit>M/S</gainUnit><format>Steim2</format><flags>GC</flags><restricted>false</restricted><shared>true</shared></stream><stream publicID="Stream/20191013080002.203799.6720" code="SHN" datalogger="NRL/Nanometrics/TAURUS.0_4.40.LO.0_001" sensor="NRL/Nanometrics/Trillium120P.120.1201"><start>2008-01-01T00:00:00.0000Z</start><end>2021-10-21T00:00:00.0000Z</end><dataloggerSerialNumber>xxxx</dataloggerSerialNumber><dataloggerChannel>1</dataloggerChannel><sensorSerialNumber>yyyy</sensorSerialNumber><sensorChannel>1</sensorChannel><sampleRateNumerator>40</sampleRateNumerator><sampleRateDenominator>1</sampleRateDenominator><depth>0</depth><azimuth>0</azimuth><dip>0</dip><gain>480398558.8</gain><gainFrequency>1</gainFrequency><gainUnit>M/S</gainUnit><format>Steim2</format><flags>GC</flags><restricted>false</restricted><shared>true</shared></stream><stream publicID="Stream/20191013080002.203809.6721" code="SHZ" datalogger="NRL/Nanometrics/TAURUS.0_4.40.LO.0_001" sensor="NRL/Nanometrics/Trillium120P.120.1201"><start>2008-01-01T00:00:00.0000Z</start><end>2021-10-21T00:00:00.0000Z</end><dataloggerSerialNumber>xxxx</dataloggerSerialNumber><dataloggerChannel>0</dataloggerChannel><sensorSerialNumber>yyyy</sensorSerialNumber><sensorChannel>0</sensorChannel><sampleRateNumerator>40</sampleRateNumerator><sampleRateDenominator>1</sampleRateDenominator><depth>0</depth><azimuth>0</azimuth><dip>-90</dip><gain>480398558.8</gain><gainFrequency>1</gainFrequency><gainUnit>M/S</gainUnit><format>Steim2</format><flags>GC</flags><restricted>false</restricted><shared>true</shared></stream><stream publicID="Stream/20181121184713.506686.37091" code="HNE" datalogger="NRL/Nanometrics/TAURUS.0_4.100.LO.0_001" sensor="NRL/EQMet/TSA100S.DC_225.20VDF.4G"><start>2008-01-01T00:00:00.0000Z</start><end>2021-10-21T00:00:00.0000Z</end><dataloggerSerialNumber>xxxx</dataloggerSerialNumber><dataloggerChannel>2</dataloggerChannel><sensorSerialNumber>yyyy</sensorSerialNumber><sensorChannel>2</sensorChannel><sampleRateNumerator>100</sampleRateNumerator><sampleRateDenominator>1</sampleRateDenominator><depth>0</depth><azimuth>90</azimuth><dip>0</dip><gain>203943.3882</gain><gainFrequency>1</gainFrequency><gainUnit>M/S**2</gainUnit><format>Steim2</format><flags>GC</flags><restricted>false</restricted><shared>true</shared></stream><stream publicID="Stream/20181121184713.506852.37098" code="HNN" datalogger="NRL/Nanometrics/TAURUS.0_4.100.LO.0_001" sensor="NRL/EQMet/TSA100S.DC_225.20VDF.4G"><start>2008-01-01T00:00:00.0000Z</start><end>2021-10-21T00:00:00.0000Z</end><dataloggerSerialNumber>xxxx</dataloggerSerialNumber><dataloggerChannel>1</dataloggerChannel><sensorSerialNumber>yyyy</sensorSerialNumber><sensorChannel>1</sensorChannel><sampleRateNumerator>100</sampleRateNumerator><sampleRateDenominator>1</sampleRateDenominator><depth>0</depth><azimuth>0</azimuth><dip>0</dip><gain>203943.3882</gain><gainFrequency>1</gainFrequency><gainUnit>M/S**2</gainUnit><format>Steim2</format><flags>GC</flags><restricted>false</restricted><shared>true</shared></stream><stream publicID="Stream/20181121184713.507014.37105" code="HNZ" datalogger="NRL/Nanometrics/TAURUS.0_4.100.LO.0_001" sensor="NRL/EQMet/TSA100S.DC_225.20VDF.4G"><start>2008-01-01T00:00:00.0000Z</start><end>2021-10-21T00:00:00.0000Z</end><dataloggerSerialNumber>xxxx</dataloggerSerialNumber><dataloggerChannel>0</dataloggerChannel><sensorSerialNumber>yyyy</sensorSerialNumber><sensorChannel>0</sensorChannel><sampleRateNumerator>100</sampleRateNumerator><sampleRateDenominator>1</sampleRateDenominator><depth>0</depth><azimuth>0</azimuth><dip>-90</dip><gain>203943.3882</gain><gainFrequency>1</gainFrequency><gainUnit>M/S**2</gainUnit><format>Steim2</format><flags>GC</flags><restricted>false</restricted><shared>true</shared></stream><stream publicID="Stream#20211021123840.649748.16837" code="SHZ" datalogger="Datalogger/20210812124112.707195.6" sensor="NRL/Guralp/CMG3T.120.1500"><start>2021-10-21T00:00:00.0000Z</start><dataloggerSerialNumber>xxxx</dataloggerSerialNumber><dataloggerChannel>0</dataloggerChannel><sensorSerialNumber>yyyy</sensorSerialNumber><sensorChannel>0</sensorChannel><sampleRateNumerator>50</sampleRateNumerator><sampleRateDenominator>1</sampleRateDenominator><depth>0</depth><azimuth>0</azimuth><dip>-90</dip><gain>614749320</gain><gainFrequency>1</gainFrequency><gainUnit>M/S</gainUnit><format>Steim2</format><flags>GC</flags><restricted>false</restricted><shared>true</shared></stream><stream publicID="Stream#20211021123827.07998.46227" code="SHN" datalogger="Datalogger/20210812124112.70796.13" sensor="NRL/Guralp/CMG3T.120.1500"><start>2021-10-21T00:00:00.0000Z</start><dataloggerSerialNumber>xxxx</dataloggerSerialNumber><dataloggerChannel>1</dataloggerChannel><sensorSerialNumber>yyyy</sensorSerialNumber><sensorChannel>1</sensorChannel><sampleRateNumerator>50</sampleRateNumerator><sampleRateDenominator>1</sampleRateDenominator><depth>0</depth><azimuth>0</azimuth><dip>0</dip><gain>614987655</gain><gainFrequency>1</gainFrequency><gainUnit>M/S</gainUnit><format>Steim2</format><flags>GC</flags><restricted>false</restricted><shared>true</shared></stream><stream publicID="Stream#20211021123804.176992.7489" code="SHE" datalogger="Datalogger/20210812124112.713087.20" sensor="NRL/Guralp/CMG3T.120.1500"><start>2021-10-21T00:00:00.0000Z</start><dataloggerSerialNumber>xxxx</dataloggerSerialNumber><dataloggerChannel>2</dataloggerChannel><sensorSerialNumber>yyyy</sensorSerialNumber><sensorChannel>2</sensorChannel><sampleRateNumerator>50</sampleRateNumerator><sampleRateDenominator>1</sampleRateDenominator><depth>0</depth><azimuth>90</azimuth><dip>0</dip><gain>614507385</gain><gainFrequency>1</gainFrequency><gainUnit>M/S</gainUnit><format>Steim2</format><flags>GC</flags><restricted>false</restricted><shared>true</shared></stream><stream publicID="Stream#20230711061415.779213.63464" code="HNZ" datalogger="Datalogger/20221111115357.692242.127333" sensor="NRL/Nanometrics/Titan.DC_430.20V.4G"><start>2023-07-07T05:00:00.0000Z</start><end>2024-10-25T06:15:00.0000Z</end><dataloggerSerialNumber>xxxx</dataloggerSerialNumber><dataloggerChannel>0</dataloggerChannel><sensorChannel>0</sensorChannel><sampleRateNumerator>100</sampleRateNumerator><sampleRateDenominator>1</sampleRateDenominator><depth>0</depth><azimuth>0</azimuth><dip>-90</dip><gain>208986.10053</gain><gainFrequency>1</gainFrequency><gainUnit>M/S**2</gainUnit><format>Steim2</format><flags>GC</flags><restricted>false</restricted><shared>true</shared></stream><stream publicID="Stream#20230711061601.301127.34366" code="HNN" datalogger="Datalogger/20221111115357.692428.127334" sensor="NRL/Nanometrics/Titan.DC_430.20V.4G"><start>2023-07-07T05:00:00.0000Z</start><end>2024-10-25T06:15:00.0000Z</end><dataloggerChannel>1</dataloggerChannel><sensorChannel>1</sensorChannel><sampleRateNumerator>100</sampleRateNumerator><sampleRateDenominator>1</sampleRateDenominator><depth>0</depth><azimuth>0</azimuth><dip>0</dip><gain>208986.10053</gain><gainFrequency>1</gainFrequency><gainUnit>M/S**2</gainUnit><format>Steim2</format><flags>GC</flags><restricted>false</restricted><shared>true</shared></stream><stream publicID="Stream#20230711061646.535195.33551" code="HNE" datalogger="Datalogger/20221111115357.692605.127335" sensor="NRL/Nanometrics/Titan.DC_430.20V.4G"><start>2023-07-07T05:00:00.0000Z</start><end>2024-10-25T06:15:00.0000Z</end><dataloggerChannel>2</dataloggerChannel><sensorChannel>2</sensorChannel><sampleRateNumerator>100</sampleRateNumerator><sampleRateDenominator>1</sampleRateDenominator><depth>0</depth><azimuth>90</azimuth><dip>0</dip><gain>208986.10053</gain><gainFrequency>1</gainFrequency><gainUnit>M/S**2</gainUnit><format>Steim2</format><flags>GC</flags><restricted>false</restricted><shared>true</shared></stream><stream publicID="Stream#20241106055152.175101.41254" code="HNZ" datalogger="Datalogger/20221111115357.692242.127333" sensor="NRL/Guralp/CMG5TC.DC_200.2G_20V"><start>2024-10-25T06:15:00.0000Z</start><dataloggerSerialNumber>xxxx</dataloggerSerialNumber><dataloggerChannel>0</dataloggerChannel><sensorChannel>0</sensorChannel><sampleRateNumerator>100</sampleRateNumerator><sampleRateDenominator>1</sampleRateDenominator><depth>0</depth><azimuth>0</azimuth><dip>-90</dip><gain>417972.20105</gain><gainFrequency>1</gainFrequency><gainUnit>M/S**2</gainUnit><format>Steim2</format><flags>GC</flags><restricted>false</restricted><shared>true</shared></stream><stream publicID="Stream#20241106055238.054839.56425" code="HNN" datalogger="Datalogger/20221111115357.692428.127334" sensor="NRL/Guralp/CMG5TC.DC_200.2G_20V"><start>2024-10-25T06:15:00.0000Z</start><dataloggerChannel>1</dataloggerChannel><sensorChannel>1</sensorChannel><sampleRateNumerator>100</sampleRateNumerator><sampleRateDenominator>1</sampleRateDenominator><depth>0</depth><azimuth>0</azimuth><dip>0</dip><gain>417972.20105</gain><gainFrequency>1</gainFrequency><gainUnit>M/S**2</gainUnit><format>Steim2</format><flags>GC</flags><restricted>false</restricted><shared>true</shared></stream><stream publicID="Stream#20241106055305.781412.58073" code="HNE" datalogger="Datalogger/20221111115357.692605.127335" sensor="NRL/Guralp/CMG5TC.DC_200.2G_20V"><start>2024-10-25T06:15:00.0000Z</start><dataloggerChannel>2</dataloggerChannel><sensorChannel>2</sensorChannel><sampleRateNumerator>100</sampleRateNumerator><sampleRateDenominator>1</sampleRateDenominator><depth>0</depth><azimuth>90</azimuth><dip>0</dip><gain>417972.20105</gain><gainFrequency>1</gainFrequency><gainUnit>M/S**2</gainUnit><format>Steim2</format><flags>GC</flags><restricted>false</restricted><shared>true</shared></stream></sensorLocation></station></network></Inventory></seiscomp>
