<?xml version="1.0" encoding="UTF-8"?>
<seiscomp xmlns="http://geofon.gfz-potsdam.de/ns/seiscomp3-schema/0.13" version="0.13"><Inventory><sensor publicID="NRL/Nanometrics/Trillium120PH_g3.120.1202" name="Nanometrics/Trillium120PH_g3.120.1202" response="NRL/Nanometrics/Trillium120PH_g3.120.1202/1"><model>Trillium 120Q</model><manufacturer>Nanometrics</manufacturer><unit>M/S</unit></sensor><sensor publicID="Sensor/20180920143723.573746.42" name="GFZ:IA1980:TSM-1/g=6" response="ResponsePAZ/20180920143723.5738.43"><description>GFZ:IA1980:TSM-1/g=6</description><unit>M/S</unit></sensor><sensor publicID="Sensor/20181102134034.587314.41" name="GFZ:IA1980:G210S/g=0" response="ResponsePAZ/20181102134034.587367.42"><description>GFZ:IA1980:G210S/g=0</description><model>G210S</model><manufacturer>Meisei</manufacturer><type>SM</type><unit>M/S**2</unit></sensor><datalogger publicID="Datalogger/20180920143723.57318.37" name="GFZ:IA1980:G1019/g=419430"><description>GFZ:IA1980:G1019/g=419430</description><gain>419430.4</gain><maxClockDrift>0</maxClockDrift><decimation sampleRateNumerator="20" sampleRateDenominator="1"/><decimation sampleRateNumerator="100" sampleRateDenominator="1"/></datalogger><datalogger publicID="Datalogger/20181102134034.587542.43" name="GFZ:IA1980:G210P/g=1442251"><description>GFZ:IA1980:G210P/g=1442251</description><gain>1442251.9</gain><maxClockDrift>0</maxClockDrift><decimation sampleRateNumerator="20" sampleRateDenominator="1"/><decimation sampleRateNumerator="100" sampleRateDenominator="1"/></datalogger><responsePAZ publicID="NRL/Nanometrics/Trillium120PH_g3.120.1202/1" name="NRL/Nanometrics/Trillium120PH_g3.120.1202/1"><type>A</type><gain>1202.5</gain><gainFrequency>1</gainFrequency><normalizationFactor>8.31871e+17</normalizationFactor><normalizationFrequency>1</normalizationFrequency><numberOfZeros>6</numberOfZeros><numberOfPoles>11</numberOfPoles><zeros>(0,0) (0,0) (-31.63,0) (-160,0) (-350,0) (-3177,0)</zeros><poles>(-0.036614,0.037059) (-0.036614,-0.037059) (-32.55,0) (-142,0) (-364,404) (-364,-404) (-1260,0) (-4900,5204) (-4900,-5204) (-7100,1700) (-7100,-1700)</poles></responsePAZ><responsePAZ publicID="ResponsePAZ/20180920143723.5738.43" name="GFZ:IA1980:TSM-1/g=6"><type>A</type><gain>6</gain><gainFrequency>1</gainFrequency><normalizationFactor>95245430590000000</normalizationFactor><normalizationFrequency>1</normalizationFrequency><numberOfZeros>3</numberOfZeros><numberOfPoles>8</numberOfPoles><zeros>(0,0) (0,0) (-113.349,0)</zeros><poles>(-0.0444288,0.0444288) (-0.0444288,-0.0444288) (-400.117,400.117) (-400.117,-400.117) (-106.814,0) (-2544.69,1232.45) (-2544.69,-1232.45) (-39478.4,0)</poles></responsePAZ><responsePAZ publicID="ResponsePAZ/20181102134034.587367.42" name="GFZ:IA1980:G210S/g=0"><type>A</type><gain>0.193877551</gain><gainFrequency>1</gainFrequency><normalizationFactor>8868340000000000</normalizationFactor><normalizationFrequency>1</normalizationFrequency><numberOfZeros>3</numberOfZeros><numberOfPoles>7</numberOfPoles><zeros>(-628.319,0) (-12566.4,0) (-62831.9,0)</zeros><poles>(-914.825,0) (-6904.65,0) (-3900.17,0) (-67481.5,0) (-7098.57,0) (-98870.4,0) (-3770.74,0)</poles><remark>A</remark></responsePAZ><network publicID="Network#20150806153749.459864.2" code="IA"><start>1980-01-01T00:00:00.0000Z</start><description>BMG-Net, Indonesia (IA-Net)</description><institutions>BMG</institutions><region>Indonesia</region><type>BB</type><netClass>p</netClass><archive>GFZ</archive><restricted>true</restricted><shared>false</shared><station publicID="Station#20181022070046.310718.46261" code="SSSI" archiveNetworkCode="IA"><start>2018-10-22T00:00:00.0000Z</start><description>Subulussalam, Sumatra, Indonesia</description><latitude>2.67492</latitude><longitude>97.97077</longitude><elevation>56</elevation><place>Subulussalam, Sumatra, Indonesia</place><country>Indonesia</country><affiliation>BMKG</affiliation><archive>BMKG</archive><restricted>true</restricted><shared>false</shared><sensorLocation publicID="SensorLocation#20181022070351.211518.11426" code="00"><start>2018-10-22T00:00:00.0000Z</start><latitude>2.67492</latitude><longitude>97.97077</longitude><elevation>56</elevation><stream publicID="Stream/20191013080002.206891.6820" code="HHZ" datalogger="Datalogger/20180920143723.57318.37" sensor="NRL/Nanometrics/Trillium120PH_g3.120.1202"><start>2018-10-22T00:00:00.0000Z</start><sampleRateNumerator>100</sampleRateNumerator><sampleRateDenominator>1</sampleRateDenominator><azimuth>0</azimuth><dip>-90</dip><gain>504365056</gain><gainFrequency>1</gainFrequency><gainUnit>M/S</gainUnit><format>Steim2</format><flags>GC</flags><restricted>true</restricted><shared>true</shared></stream><stream publicID="Stream/20191013080002.206906.6821" code="HHN" datalogger="Datalogger/20180920143723.57318.37" sensor="NRL/Nanometrics/Trillium120PH_g3.120.1202"><start>2018-10-22T00:00:00.0000Z</start><sampleRateNumerator>100</sampleRateNumerator><sampleRateDenominator>1</sampleRateDenominator><azimuth>0</azimuth><dip>0</dip><gain>504365056</gain><gainFrequency>1</gainFrequency><gainUnit>M/S</gainUnit><format>Steim2</format><flags>GC</flags><restricted>true</restricted><shared>true</shared></stream><stream publicID="Stream/20191013080002.206916.6822" code="HHE" datalogger="Datalogger/20180920143723.57318.37" sensor="NRL/Nanometrics/Trillium120PH_g3.120.1202"><start>2018-10-22T00:00:00.0000Z</start><sampleRateNumerator>100</sampleRateNumerator><sampleRateDenominator>1</sampleRateDenominator><azimuth>90</azimuth><dip>0</dip><gain>504365056</gain><gainFrequency>1</gainFrequency><gainUnit>M/S</gainUnit><format>Steim2</format><flags>GC</flags><restricted>true</restricted><shared>true</shared></stream><stream publicID="Stream#20190227033458.068334.47625" code="HNZ" datalogger="Datalogger/20181102134034.587542.43" sensor="Sensor/20181102134034.587314.41"><start>2018-10-22T00:00:00.0000Z</start><sampleRateNumerator>100</sampleRateNumerator><sampleRateDenominator>1</sampleRateDenominator><depth>0</depth><azimuth>0</azimuth><dip>-90</dip><gain>279620.2663</gain><gainFrequency>1</gainFrequency><gainUnit>M/S**2</gainUnit><format>Steim2</format><flags>GC</flags><restricted>true</restricted><shared>true</shared></stream><stream publicID="Stream#20190227033458.068754.61930" code="HNN" datalogger="Datalogger/20181102134034.587542.43" sensor="Sensor/20181102134034.587314.41"><start>2018-10-22T00:00:00.0000Z</start><sampleRateNumerator>100</sampleRateNumerator><sampleRateDenominator>1</sampleRateDenominator><depth>0</depth><azimuth>0</azimuth><dip>0</dip><gain>279620.2663</gain><gainFrequency>1</gainFrequency><gainUnit>M/S**2</gainUnit><format>Steim2</format><flags>GC</flags><restricted>true</restricted><shared>true</shared></stream><stream publicID="Stream#20190227033458.08127.7836" code="HNE" datalogger="Datalogger/20181102134034.587542.43" sensor="Sensor/20181102134034.587314.41"><start>2018-10-22T00:00:00.0000Z</start><sampleRateNumerator>100</sampleRateNumerator><sampleRateDenominator>1</sampleRateDenominator><depth>0</depth><azimuth>90</azimuth><dip>0</dip><gain>279620.2663</gain><gainFrequency>1</gainFrequency><gainUnit>M/S**2</gainUnit><format>Steim2</format><flags>GC</flags><restricted>true</restricted><shared>true</shared></stream></sensorLocation><sensorLocation publicID="SensorLocation#20181022070357.854254.28970" code="01"><start>2018-10-22T00:00:00.0000Z</start><latitude>2.67492</latitude><longitude>97.97077</longitude><elevation>56</elevation><stream publicID="Stream/20191013080002.206936.6824" code="HHZ" datalogger="Datalogger/20180920143723.57318.37" sensor="Sensor/20180920143723.573746.42"><start>2018-10-22T00:00:00.0000Z</start><sampleRateNumerator>100</sampleRateNumerator><sampleRateDenominator>1</sampleRateDenominator><azimuth>0</azimuth><dip>-90</dip><gain>2516582.4</gain><gainFrequency>1</gainFrequency><gainUnit>M/S</gainUnit><format>Steim2</format><flags>GC</flags><restricted>true</restricted><shared>true</shared></stream><stream publicID="Stream/20191013080002.206946.6825" code="HHN" datalogger="Datalogger/20180920143723.57318.37" sensor="Sensor/20180920143723.573746.42"><start>2018-10-22T00:00:00.0000Z</start><sampleRateNumerator>100</sampleRateNumerator><sampleRateDenominator>1</sampleRateDenominator><azimuth>0</azimuth><dip>0</dip><gain>2516582.4</gain><gainFrequency>1</gainFrequency><gainUnit>M/S</gainUnit><format>Steim2</format><flags>GC</flags><restricted>true</restricted><shared>true</shared></stream><stream publicID="Stream/20191013080002.206955.6826" code="HHE" datalogger="Datalogger/20180920143723.57318.37" sensor="Sensor/20180920143723.573746.42"><start>2018-10-22T00:00:00.0000Z</start><sampleRateNumerator>100</sampleRateNumerator><sampleRateDenominator>1</sampleRateDenominator><azimuth>90</azimuth><dip>0</dip><gain>2516582.4</gain><gainFrequency>1</gainFrequency><gainUnit>M/S</gainUnit><format>Steim2</format><flags>GC</flags><restricted>true</restricted><shared>true</shared></stream></sensorLocation></station></network></Inventory></seiscomp>
