<?xml version="1.0" encoding="UTF-8"?>
<seiscomp xmlns="http://geofon.gfz-potsdam.de/ns/seiscomp3-schema/0.13" version="0.13"><Inventory><sensor publicID="NRL/Nanometrics/TrilliumCompact20.20.753" name="Nanometrics/TrilliumCompact20.20.753" response="NRL/Nanometrics/TrilliumCompact20.20.753/1"><model>Meridian Compact Posthole</model><manufacturer>Nanometrics</manufacturer><unit>M/S</unit></sensor><sensor publicID="NRL/Nanometrics/Titan.DC_430.20V.4G" name="Nanometrics/Titan.DC_430.20V.4G" response="NRL/Nanometrics/Titan.DC_430.20V.4G/1"><model>Titan Accelerometer</model><manufacturer>Nanometrics</manufacturer><unit>M/S**2</unit></sensor><datalogger publicID="NRL/Nanometrics/CENTAUR.1.20.0_001.LP" name="Nanometrics/CENTAUR.1.20.0_001.LP"><digitizerModel>Centaur</digitizerModel><digitizerManufacturer>Nanometrics</digitizerManufacturer><recorderModel>Centaur</recorderModel><recorderManufacturer>Nanometrics</recorderManufacturer><gain>1</gain><maxClockDrift>0.1</maxClockDrift><decimation sampleRateNumerator="20" sampleRateDenominator="1"><digitalFilterChain>NRL/Nanometrics/CENTAUR.1.20.0_001.LP/3 NRL/Nanometrics/CENTAUR.1.20.0_001.LP/4 NRL/Nanometrics/CENTAUR.1.20.0_001.LP/5 NRL/Nanometrics/CENTAUR.1.20.0_001.LP/6 NRL/Nanometrics/CENTAUR.1.20.0_001.LP/7 NRL/Nanometrics/CENTAUR.1.20.0_001.LP/8</digitalFilterChain></decimation></datalogger><datalogger publicID="NRL/Nanometrics/CENTAUR.1.40.0_001.LP" name="Nanometrics/CENTAUR.1.40.0_001.LP"><digitizerModel>Centaur</digitizerModel><digitizerManufacturer>Nanometrics</digitizerManufacturer><recorderModel>Centaur</recorderModel><recorderManufacturer>Nanometrics</recorderManufacturer><gain>1</gain><maxClockDrift>0.1</maxClockDrift><decimation sampleRateNumerator="40" sampleRateDenominator="1"><digitalFilterChain>NRL/Nanometrics/CENTAUR.1.40.0_001.LP/3 NRL/Nanometrics/CENTAUR.1.40.0_001.LP/4 NRL/Nanometrics/CENTAUR.1.40.0_001.LP/5 NRL/Nanometrics/CENTAUR.1.40.0_001.LP/6 NRL/Nanometrics/CENTAUR.1.40.0_001.LP/7 NRL/Nanometrics/CENTAUR.1.40.0_001.LP/8</digitalFilterChain></decimation></datalogger><datalogger publicID="NRL/Nanometrics/CENTAUR.1.100.0_001.LP" name="Nanometrics/CENTAUR.1.100.0_001.LP"><digitizerModel>Centaur</digitizerModel><digitizerManufacturer>Nanometrics</digitizerManufacturer><recorderModel>Centaur</recorderModel><recorderManufacturer>Nanometrics</recorderManufacturer><gain>1</gain><maxClockDrift>0.1</maxClockDrift><decimation sampleRateNumerator="100" sampleRateDenominator="1"><digitalFilterChain>NRL/Nanometrics/CENTAUR.1.100.0_001.LP/3 NRL/Nanometrics/CENTAUR.1.100.0_001.LP/4 NRL/Nanometrics/CENTAUR.1.100.0_001.LP/5 NRL/Nanometrics/CENTAUR.1.100.0_001.LP/6 NRL/Nanometrics/CENTAUR.1.100.0_001.LP/7</digitalFilterChain></decimation></datalogger><responsePAZ publicID="NRL/Nanometrics/CENTAUR.1.20.0_001.LP/8" name="NRL/Nanometrics/CENTAUR.1.20.0_001.LP/8"><type>A</type><gain>1</gain><gainFrequency>1</gainFrequency><normalizationFactor>1</normalizationFactor><normalizationFrequency>1</normalizationFrequency><numberOfZeros>1</numberOfZeros><numberOfPoles>1</numberOfPoles><zeros>(0,0)</zeros><poles>(-0.006283185,0)</poles></responsePAZ><responsePAZ publicID="NRL/Nanometrics/TrilliumCompact20.20.753/1" name="NRL/Nanometrics/TrilliumCompact20.20.753/1"><type>A</type><gain>753.1</gain><gainFrequency>1</gainFrequency><normalizationFactor>4.344908e+17</normalizationFactor><normalizationFrequency>1</normalizationFrequency><numberOfZeros>6</numberOfZeros><numberOfPoles>11</numberOfPoles><zeros>(0,0) (0,0) (-392,0) (-1960,0) (-1490,1740) (-1490,-1740)</zeros><poles>(-0.2214,0.2221) (-0.2214,-0.2221) (-343,0) (-370,467) (-370,-467) (-836,1522) (-836,-1522) (-4900,4700) (-4900,-4700) (-6900,0) (-15000,0)</poles></responsePAZ><responsePAZ publicID="NRL/Nanometrics/CENTAUR.1.40.0_001.LP/8" name="NRL/Nanometrics/CENTAUR.1.40.0_001.LP/8"><type>A</type><gain>1</gain><gainFrequency>1</gainFrequency><normalizationFactor>1</normalizationFactor><normalizationFrequency>1</normalizationFrequency><numberOfZeros>1</numberOfZeros><numberOfPoles>1</numberOfPoles><zeros>(0,0)</zeros><poles>(-0.006283185,0)</poles></responsePAZ><responsePAZ publicID="NRL/Nanometrics/CENTAUR.1.100.0_001.LP/7" name="NRL/Nanometrics/CENTAUR.1.100.0_001.LP/7"><type>A</type><gain>1</gain><gainFrequency>1</gainFrequency><normalizationFactor>1</normalizationFactor><normalizationFrequency>1</normalizationFrequency><numberOfZeros>1</numberOfZeros><numberOfPoles>1</numberOfPoles><zeros>(0,0)</zeros><poles>(-0.006283185,0)</poles></responsePAZ><responsePAZ publicID="NRL/Nanometrics/Titan.DC_430.20V.4G/1" name="NRL/Nanometrics/Titan.DC_430.20V.4G/1"><type>A</type><gain>0.51</gain><gainFrequency>1</gainFrequency><normalizationFactor>1.0077e+18</normalizationFactor><normalizationFrequency>1</normalizationFrequency><numberOfZeros>1</numberOfZeros><numberOfPoles>6</numberOfPoles><zeros>(-515,0)</zeros><poles>(-977,328) (-977,-328) (-1486,2512) (-1486,-2512) (-5736,4946) (-5736,-4946)</poles></responsePAZ><responseFIR publicID="NRL/Nanometrics/CENTAUR.1.20.0_001.LP/3" name="NRL/Nanometrics/CENTAUR.1.20.0_001.LP/3"><gain>400000</gain><decimationFactor>1</decimationFactor><delay>0</delay><correction>0</correction><numberOfCoefficients>1</numberOfCoefficients><symmetry>A</symmetry><coefficients>1</coefficients></responseFIR><responseFIR publicID="NRL/Nanometrics/CENTAUR.1.20.0_001.LP/4" name="NRL/Nanometrics/CENTAUR.1.20.0_001.LP/4"><gain>1</gain><decimationFactor>15</decimationFactor><delay>81.99999</delay><correction>81.99999</correction><numberOfCoefficients>165</numberOfCoefficients><symmetry>A</symmetry><coefficients>-4.047908e-10 -1.390291e-10 6.728001e-10 2.757972e-09 7.546507e-09 1.766681e-08 3.769363e-08 7.523132e-08 1.424254e-07 2.57999e-07 4.499037e-07 7.586555e-07 1.241386e-06 1.97658e-06 3.069389e-06 4.657284e-06 6.915693e-06 1.00631e-05 1.436487e-05 2.013499e-05 2.773459e-05 3.756609e-05 5.006174e-05 6.566517e-05 8.480489e-05 0.0001078587 0.0001351084 0.0001666851 0.0002025053 0.0002421999 0.000285038 0.0003298504 0.000374956 0.0004180986 0.0004564003 0.0004863386 0.0005037566 0.0005039131 0.0004815801 0.0004311946 0.000347068 0.0002236552 5.588177e-05 -0.0001604755 -0.0004283654 -0.0007490084 -0.001121432 -0.001542013 -0.002004062 -0.002497462 -0.003008406 -0.00351925 -0.004008517 -0.00445107 -0.004818468 -0.005079526 -0.005201073 -0.005148892 -0.004888844 -0.004388128 -0.003616642 -0.002548397 -0.00116293 0.0005533497 0.002605953 0.004991292 0.007695918 0.01069608 0.01395761 0.01743625 0.02107831 0.02482173 0.02859758 0.03233183 0.0359474 0.03936644 0.04251273 0.04531409 0.04770474 0.04962748 0.05103565 0.05189471 0.05218345 0.05189471 0.05103565 0.04962748 0.04770474 0.04531409 0.04251273 0.03936644 0.0359474 0.03233183 0.02859758 0.02482173 0.02107831 0.01743625 0.01395761 0.01069608 0.007695918 0.004991292 0.002605953 0.0005533497 -0.00116293 -0.002548397 -0.003616642 -0.004388128 -0.004888844 -0.005148892 -0.005201073 -0.005079526 -0.004818468 -0.00445107 -0.004008517 -0.00351925 -0.003008406 -0.002497462 -0.002004062 -0.001542013 -0.001121432 -0.0007490084 -0.0004283654 -0.0001604755 5.588177e-05 0.0002236552 0.000347068 0.0004311946 0.0004815801 0.0005039131 0.0005037566 0.0004863386 0.0004564003 0.0004180986 0.000374956 0.0003298504 0.000285038 0.0002421999 0.0002025053 0.0001666851 0.0001351084 0.0001078587 8.480489e-05 6.566517e-05 5.006174e-05 3.756609e-05 2.773459e-05 2.013499e-05 1.436487e-05 1.00631e-05 6.915693e-06 4.657284e-06 3.069389e-06 1.97658e-06 1.241386e-06 7.586555e-07 4.499037e-07 2.57999e-07 1.424254e-07 7.523132e-08 3.769363e-08 1.766681e-08 7.546507e-09 2.757972e-09 6.728001e-10 -1.390291e-10 -4.047908e-10</coefficients></responseFIR><responseFIR publicID="NRL/Nanometrics/CENTAUR.1.20.0_001.LP/5" name="NRL/Nanometrics/CENTAUR.1.20.0_001.LP/5"><gain>1</gain><decimationFactor>10</decimationFactor><delay>93</delay><correction>93</correction><numberOfCoefficients>187</numberOfCoefficients><symmetry>A</symmetry><coefficients>8.46923e-10 2.27422e-09 4.538951e-09 6.873791e-09 7.10904e-09 7.627841e-10 -1.98301e-08 -6.609942e-08 -1.531138e-07 -2.982495e-07 -5.181519e-07 -8.236356e-07 -1.212476e-06 -1.660555e-06 -2.112474e-06 -2.473531e-06 -2.605619e-06 -2.330134e-06 -1.44098e-06 2.698043e-07 2.972714e-06 6.748858e-06 1.152962e-05 1.703543e-05 2.272479e-05 2.776698e-05 3.105368e-05 3.126302e-05 2.698613e-05 1.691886e-05 1.111765e-07 -2.374559e-05 -5.402672e-05 -8.892268e-05 -0.0001252819 -0.0001586044 -0.0001832359 -0.000192798 -0.0001808636 -0.0001418502 -7.206699e-05 2.919376e-05 0.0001586655 0.0003083858 0.0004654217 0.0006121983 0.0007275471 0.0007885116 0.0007728578 0.000662123 0.000444926 0.0001201614 -0.0003003695 -0.0007903605 -0.001308874 -0.00180202 -0.002206618 -0.00245579 -0.002486192 -0.002246312 -0.001705031 -0.0008594633 0.0002590112 0.001581566 0.003002498 0.004384142 0.005566316 0.006380002 0.006664402 0.006286043 0.005158141 0.003258199 0.0006416821 -0.002550179 -0.006090065 -0.009672703 -0.01293168 -0.01546425 -0.01686256 -0.01674898 -0.01481246 -0.01084255 -0.004757783 0.003374886 0.01333183 0.02473738 0.03708165 0.0497507 0.06206696 0.07333685 0.08290152 0.0901866 0.09474635 0.09629848 0.09474635 0.0901866 0.08290152 0.07333685 0.06206696 0.0497507 0.03708165 0.02473738 0.01333183 0.003374886 -0.004757783 -0.01084255 -0.01481246 -0.01674898 -0.01686256 -0.01546425 -0.01293168 -0.009672703 -0.006090065 -0.002550179 0.0006416821 0.003258199 0.005158141 0.006286043 0.006664402 0.006380002 0.005566316 0.004384142 0.003002498 0.001581566 0.0002590112 -0.0008594633 -0.001705031 -0.002246312 -0.002486192 -0.00245579 -0.002206618 -0.00180202 -0.001308874 -0.0007903605 -0.0003003695 0.0001201614 0.000444926 0.000662123 0.0007728578 0.0007885116 0.0007275471 0.0006121983 0.0004654217 0.0003083858 0.0001586655 2.919376e-05 -7.206699e-05 -0.0001418502 -0.0001808636 -0.000192798 -0.0001832359 -0.0001586044 -0.0001252819 -8.892268e-05 -5.402672e-05 -2.374559e-05 1.111765e-07 1.691886e-05 2.698613e-05 3.126302e-05 3.105368e-05 2.776698e-05 2.272479e-05 1.703543e-05 1.152962e-05 6.748858e-06 2.972714e-06 2.698043e-07 -1.44098e-06 -2.330134e-06 -2.605619e-06 -2.473531e-06 -2.112474e-06 -1.660555e-06 -1.212476e-06 -8.236356e-07 -5.181519e-07 -2.982495e-07 -1.531138e-07 -6.609942e-08 -1.98301e-08 7.627841e-10 7.10904e-09 6.873791e-09 4.538951e-09 2.27422e-09 8.46923e-10</coefficients></responseFIR><responseFIR publicID="NRL/Nanometrics/CENTAUR.1.20.0_001.LP/6" name="NRL/Nanometrics/CENTAUR.1.20.0_001.LP/6"><gain>1</gain><decimationFactor>5</decimationFactor><delay>56</delay><correction>56</correction><numberOfCoefficients>113</numberOfCoefficients><symmetry>A</symmetry><coefficients>3.624153e-09 1.470217e-08 2.924648e-08 1.675816e-08 -9.459693e-08 -4.005292e-07 -9.373652e-07 -1.530435e-06 -1.645991e-06 -4.078704e-07 3.030094e-06 8.685992e-06 1.476603e-05 1.713675e-05 1.012814e-05 -1.072856e-05 -4.439651e-05 -8.029797e-05 -9.761762e-05 -7.094869e-05 1.692091e-05 0.0001585078 0.0003094936 0.0003912802 0.0003155885 2.919058e-05 -0.0004362724 -0.0009354174 -0.001228394 -0.001061469 -0.0002939815 0.0009756478 0.002352455 0.003215585 0.002933434 0.001171051 -0.001829548 -0.005145646 -0.007361208 -0.007056359 -0.003467655 0.002935113 0.01024857 0.01551828 0.01570616 0.008987865 -0.004081172 -0.0200454 -0.03303498 -0.03628456 -0.0243088 0.004958794 0.04884525 0.1000148 0.1480753 0.1823112 0.1947111 0.1823112 0.1480753 0.1000148 0.04884525 0.004958794 -0.0243088 -0.03628456 -0.03303498 -0.0200454 -0.004081172 0.008987865 0.01570616 0.01551828 0.01024857 0.002935113 -0.003467655 -0.007056359 -0.007361208 -0.005145646 -0.001829548 0.001171051 0.002933434 0.003215585 0.002352455 0.0009756478 -0.0002939815 -0.001061469 -0.001228394 -0.0009354174 -0.0004362724 2.919058e-05 0.0003155885 0.0003912802 0.0003094936 0.0001585078 1.692091e-05 -7.094869e-05 -9.761762e-05 -8.029797e-05 -4.439651e-05 -1.072856e-05 1.012814e-05 1.713675e-05 1.476603e-05 8.685992e-06 3.030094e-06 -4.078704e-07 -1.645991e-06 -1.530435e-06 -9.373652e-07 -4.005292e-07 -9.459693e-08 1.675816e-08 2.924648e-08 1.470217e-08 3.624153e-09</coefficients></responseFIR><responseFIR publicID="NRL/Nanometrics/CENTAUR.1.20.0_001.LP/7" name="NRL/Nanometrics/CENTAUR.1.20.0_001.LP/7"><gain>1</gain><decimationFactor>2</decimationFactor><delay>111</delay><correction>111</correction><numberOfCoefficients>223</numberOfCoefficients><symmetry>A</symmetry><coefficients>-2.487704e-10 4.73744e-09 1.240319e-08 2.18423e-09 -2.973504e-08 -2.774098e-08 4.823501e-08 9.04852e-08 -4.377202e-08 -2.029251e-07 -2.93251e-08 3.576771e-07 2.380756e-07 -5.050541e-07 -6.566606e-07 5.295136e-07 1.333027e-06 -2.353909e-07 -2.234558e-06 -6.431887e-07 3.178848e-06 2.391894e-06 -3.766426e-06 -5.213131e-06 3.343879e-06 9.069842e-06 -1.034203e-06 -1.349476e-05 -4.128203e-06 1.740814e-05 1.293247e-05 -1.901116e-05 -2.55982e-05 1.583847e-05 4.129854e-05 -5.051362e-06 -5.769434e-05 -1.597343e-05 7.06232e-05 4.876212e-05 -7.411825e-05 -9.265601e-05 6.092806e-05 0.0001437042 -2.365713e-05 -0.0001938177 -4.346068e-05 0.0002305286 0.0001422997 -0.0002376966 -0.0002684195 0.00019742 0.0004089862 -9.322642e-05 -0.0005416667 -8.56506e-05 0.0006351459 0.0003394235 -0.0006517938 -0.0006531623 0.000552734 0.0009935334 -0.000305133 -0.00130802 -0.0001089867 0.001527642 0.0006836461 -0.001573808 -0.00138119 0.001369316 0.002127841 -0.0008527391 -0.002814326 -5.435981e-06 0.003302926 0.001187235 -0.003441493 -0.002615018 0.003083861 0.004145541 -0.002114933 -0.005572669 0.0004775432 0.006640171 0.001802538 -0.00706464 -0.004597381 0.00656694 0.007666904 -0.00490895 -0.01066029 0.001931064 0.01312888 0.002414871 -0.01454758 -0.008042475 0.01433728 0.01472206 -0.01187359 -0.02208895 0.00645106 0.0296694 0.002871719 -0.03692219 -0.01777635 0.04329151 0.04248361 -0.04826485 -0.09280869 0.05142858 0.3137774 0.4474858 0.3137774 0.05142858 -0.09280869 -0.04826485 0.04248361 0.04329151 -0.01777635 -0.03692219 0.002871719 0.0296694 0.00645106 -0.02208895 -0.01187359 0.01472206 0.01433728 -0.008042475 -0.01454758 0.002414871 0.01312888 0.001931064 -0.01066029 -0.00490895 0.007666904 0.00656694 -0.004597381 -0.00706464 0.001802538 0.006640171 0.0004775432 -0.005572669 -0.002114933 0.004145541 0.003083861 -0.002615018 -0.003441493 0.001187235 0.003302926 -5.435981e-06 -0.002814326 -0.0008527391 0.002127841 0.001369316 -0.00138119 -0.001573808 0.0006836461 0.001527642 -0.0001089867 -0.00130802 -0.000305133 0.0009935334 0.000552734 -0.0006531623 -0.0006517938 0.0003394235 0.0006351459 -8.56506e-05 -0.0005416667 -9.322642e-05 0.0004089862 0.00019742 -0.0002684195 -0.0002376966 0.0001422997 0.0002305286 -4.346068e-05 -0.0001938177 -2.365713e-05 0.0001437042 6.092806e-05 -9.265601e-05 -7.411825e-05 4.876212e-05 7.06232e-05 -1.597343e-05 -5.769434e-05 -5.051362e-06 4.129854e-05 1.583847e-05 -2.55982e-05 -1.901116e-05 1.293247e-05 1.740814e-05 -4.128203e-06 -1.349476e-05 -1.034203e-06 9.069842e-06 3.343879e-06 -5.213131e-06 -3.766426e-06 2.391894e-06 3.178848e-06 -6.431887e-07 -2.234558e-06 -2.353909e-07 1.333027e-06 5.295136e-07 -6.566606e-07 -5.050541e-07 2.380756e-07 3.576771e-07 -2.93251e-08 -2.029251e-07 -4.377202e-08 9.04852e-08 4.823501e-08 -2.774098e-08 -2.973504e-08 2.18423e-09 1.240319e-08 4.73744e-09 -2.487704e-10</coefficients></responseFIR><responseFIR publicID="NRL/Nanometrics/CENTAUR.1.40.0_001.LP/3" name="NRL/Nanometrics/CENTAUR.1.40.0_001.LP/3"><gain>400000</gain><decimationFactor>1</decimationFactor><delay>0</delay><correction>0</correction><numberOfCoefficients>1</numberOfCoefficients><symmetry>A</symmetry><coefficients>1</coefficients></responseFIR><responseFIR publicID="NRL/Nanometrics/CENTAUR.1.40.0_001.LP/4" name="NRL/Nanometrics/CENTAUR.1.40.0_001.LP/4"><gain>1</gain><decimationFactor>15</decimationFactor><delay>87.99999</delay><correction>87.99999</correction><numberOfCoefficients>177</numberOfCoefficients><symmetry>A</symmetry><coefficients>-1.505963e-10 -1.498864e-10 -1.003114e-10 1.259464e-10 7.960452e-10 2.429826e-09 5.982545e-09 1.312758e-08 2.667805e-08 5.11949e-08 9.383678e-08 1.655131e-07 2.824034e-07 4.679037e-07 7.550464e-07 1.189421e-06 1.832584e-06 2.765898e-06 4.094671e-06 5.952385e-06 8.504687e-06 1.195274e-05 1.653534e-05 2.25292e-05 3.024654e-05 4.002912e-05 5.223793e-05 6.723746e-05 8.537376e-05 0.0001069458 0.0001321694 0.0001611344 0.0001937545 0.0002297118 0.000268398 0.0003088539 0.000349711 0.0003891402 0.0004248112 0.0004538696 0.0004729357 0.000478133 0.0004651506 0.0004293454 0.0003658874 0.0002699508 0.0001369516 -3.717235e-05 -0.0002556407 -0.0005204814 -0.0008321602 -0.001189207 -0.001587853 -0.002021701 -0.002481447 -0.002954677 -0.003425763 -0.003875869 -0.004283101 -0.004622793 -0.004867955 -0.004989878 -0.004958887 -0.004745233 -0.004320103 -0.003656717 -0.002731476 -0.001525117 -2.383639e-05 0.001779682 0.003885369 0.00628506 0.008962016 0.01189071 0.0150369 0.01835803 0.02180394 0.02531786 0.02883773 0.03229776 0.03563016 0.03876704 0.04164242 0.04419417 0.04636594 0.04810893 0.04938344 0.05016015 0.05042108 0.05016015 0.04938344 0.04810893 0.04636594 0.04419417 0.04164242 0.03876704 0.03563016 0.03229776 0.02883773 0.02531786 0.02180394 0.01835803 0.0150369 0.01189071 0.008962016 0.00628506 0.003885369 0.001779682 -2.383639e-05 -0.001525117 -0.002731476 -0.003656717 -0.004320103 -0.004745233 -0.004958887 -0.004989878 -0.004867955 -0.004622793 -0.004283101 -0.003875869 -0.003425763 -0.002954677 -0.002481447 -0.002021701 -0.001587853 -0.001189207 -0.0008321602 -0.0005204814 -0.0002556407 -3.717235e-05 0.0001369516 0.0002699508 0.0003658874 0.0004293454 0.0004651506 0.000478133 0.0004729357 0.0004538696 0.0004248112 0.0003891402 0.000349711 0.0003088539 0.000268398 0.0002297118 0.0001937545 0.0001611344 0.0001321694 0.0001069458 8.537376e-05 6.723746e-05 5.223793e-05 4.002912e-05 3.024654e-05 2.25292e-05 1.653534e-05 1.195274e-05 8.504687e-06 5.952385e-06 4.094671e-06 2.765898e-06 1.832584e-06 1.189421e-06 7.550464e-07 4.679037e-07 2.824034e-07 1.655131e-07 9.383678e-08 5.11949e-08 2.667805e-08 1.312758e-08 5.982545e-09 2.429826e-09 7.960452e-10 1.259464e-10 -1.003114e-10 -1.498864e-10 -1.505963e-10</coefficients></responseFIR><responseFIR publicID="NRL/Nanometrics/CENTAUR.1.40.0_001.LP/5" name="NRL/Nanometrics/CENTAUR.1.40.0_001.LP/5"><gain>1</gain><decimationFactor>5</decimationFactor><delay>35</delay><correction>35</correction><numberOfCoefficients>71</numberOfCoefficients><symmetry>A</symmetry><coefficients>-1.400229e-08 -1.255059e-07 -6.074921e-07 -2.046866e-06 -5.236352e-06 -1.042766e-05 -1.566514e-05 -1.467138e-05 3.866903e-06 5.254917e-05 0.0001345447 0.0002273285 0.0002694088 0.0001653887 -0.0001754205 -0.0007649912 -0.001452111 -0.001881641 -0.001562383 -7.930603e-05 0.002588435 0.005777669 0.008077698 0.007665307 0.003066022 -0.005859562 -0.01711852 -0.02645966 -0.02823533 -0.01718375 0.009394698 0.04991073 0.09803478 0.1439399 0.1769958 0.1890346 0.1769958 0.1439399 0.09803478 0.04991073 0.009394698 -0.01718375 -0.02823533 -0.02645966 -0.01711852 -0.005859562 0.003066022 0.007665307 0.008077698 0.005777669 0.002588435 -7.930603e-05 -0.001562383 -0.001881641 -0.001452111 -0.0007649912 -0.0001754205 0.0001653887 0.0002694088 0.0002273285 0.0001345447 5.254917e-05 3.866903e-06 -1.467138e-05 -1.566514e-05 -1.042766e-05 -5.236352e-06 -2.046866e-06 -6.074921e-07 -1.255059e-07 -1.400229e-08</coefficients></responseFIR><responseFIR publicID="NRL/Nanometrics/CENTAUR.1.40.0_001.LP/6" name="NRL/Nanometrics/CENTAUR.1.40.0_001.LP/6"><gain>1</gain><decimationFactor>5</decimationFactor><delay>56</delay><correction>56</correction><numberOfCoefficients>113</numberOfCoefficients><symmetry>A</symmetry><coefficients>3.624153e-09 1.470217e-08 2.924648e-08 1.675816e-08 -9.459693e-08 -4.005292e-07 -9.373652e-07 -1.530435e-06 -1.645991e-06 -4.078704e-07 3.030094e-06 8.685992e-06 1.476603e-05 1.713675e-05 1.012814e-05 -1.072856e-05 -4.439651e-05 -8.029797e-05 -9.761762e-05 -7.094869e-05 1.692091e-05 0.0001585078 0.0003094936 0.0003912802 0.0003155885 2.919058e-05 -0.0004362724 -0.0009354174 -0.001228394 -0.001061469 -0.0002939815 0.0009756478 0.002352455 0.003215585 0.002933434 0.001171051 -0.001829548 -0.005145646 -0.007361208 -0.007056359 -0.003467655 0.002935113 0.01024857 0.01551828 0.01570616 0.008987865 -0.004081172 -0.0200454 -0.03303498 -0.03628456 -0.0243088 0.004958794 0.04884525 0.1000148 0.1480753 0.1823112 0.1947111 0.1823112 0.1480753 0.1000148 0.04884525 0.004958794 -0.0243088 -0.03628456 -0.03303498 -0.0200454 -0.004081172 0.008987865 0.01570616 0.01551828 0.01024857 0.002935113 -0.003467655 -0.007056359 -0.007361208 -0.005145646 -0.001829548 0.001171051 0.002933434 0.003215585 0.002352455 0.0009756478 -0.0002939815 -0.001061469 -0.001228394 -0.0009354174 -0.0004362724 2.919058e-05 0.0003155885 0.0003912802 0.0003094936 0.0001585078 1.692091e-05 -7.094869e-05 -9.761762e-05 -8.029797e-05 -4.439651e-05 -1.072856e-05 1.012814e-05 1.713675e-05 1.476603e-05 8.685992e-06 3.030094e-06 -4.078704e-07 -1.645991e-06 -1.530435e-06 -9.373652e-07 -4.005292e-07 -9.459693e-08 1.675816e-08 2.924648e-08 1.470217e-08 3.624153e-09</coefficients></responseFIR><responseFIR publicID="NRL/Nanometrics/CENTAUR.1.40.0_001.LP/7" name="NRL/Nanometrics/CENTAUR.1.40.0_001.LP/7"><gain>1</gain><decimationFactor>2</decimationFactor><delay>111</delay><correction>111</correction><numberOfCoefficients>223</numberOfCoefficients><symmetry>A</symmetry><coefficients>-2.487704e-10 4.73744e-09 1.240319e-08 2.18423e-09 -2.973504e-08 -2.774098e-08 4.823501e-08 9.04852e-08 -4.377202e-08 -2.029251e-07 -2.93251e-08 3.576771e-07 2.380756e-07 -5.050541e-07 -6.566606e-07 5.295136e-07 1.333027e-06 -2.353909e-07 -2.234558e-06 -6.431887e-07 3.178848e-06 2.391894e-06 -3.766426e-06 -5.213131e-06 3.343879e-06 9.069842e-06 -1.034203e-06 -1.349476e-05 -4.128203e-06 1.740814e-05 1.293247e-05 -1.901116e-05 -2.55982e-05 1.583847e-05 4.129854e-05 -5.051362e-06 -5.769434e-05 -1.597343e-05 7.06232e-05 4.876212e-05 -7.411825e-05 -9.265601e-05 6.092806e-05 0.0001437042 -2.365713e-05 -0.0001938177 -4.346068e-05 0.0002305286 0.0001422997 -0.0002376966 -0.0002684195 0.00019742 0.0004089862 -9.322642e-05 -0.0005416667 -8.56506e-05 0.0006351459 0.0003394235 -0.0006517938 -0.0006531623 0.000552734 0.0009935334 -0.000305133 -0.00130802 -0.0001089867 0.001527642 0.0006836461 -0.001573808 -0.00138119 0.001369316 0.002127841 -0.0008527391 -0.002814326 -5.435981e-06 0.003302926 0.001187235 -0.003441493 -0.002615018 0.003083861 0.004145541 -0.002114933 -0.005572669 0.0004775432 0.006640171 0.001802538 -0.00706464 -0.004597381 0.00656694 0.007666904 -0.00490895 -0.01066029 0.001931064 0.01312888 0.002414871 -0.01454758 -0.008042475 0.01433728 0.01472206 -0.01187359 -0.02208895 0.00645106 0.0296694 0.002871719 -0.03692219 -0.01777635 0.04329151 0.04248361 -0.04826485 -0.09280869 0.05142858 0.3137774 0.4474858 0.3137774 0.05142858 -0.09280869 -0.04826485 0.04248361 0.04329151 -0.01777635 -0.03692219 0.002871719 0.0296694 0.00645106 -0.02208895 -0.01187359 0.01472206 0.01433728 -0.008042475 -0.01454758 0.002414871 0.01312888 0.001931064 -0.01066029 -0.00490895 0.007666904 0.00656694 -0.004597381 -0.00706464 0.001802538 0.006640171 0.0004775432 -0.005572669 -0.002114933 0.004145541 0.003083861 -0.002615018 -0.003441493 0.001187235 0.003302926 -5.435981e-06 -0.002814326 -0.0008527391 0.002127841 0.001369316 -0.00138119 -0.001573808 0.0006836461 0.001527642 -0.0001089867 -0.00130802 -0.000305133 0.0009935334 0.000552734 -0.0006531623 -0.0006517938 0.0003394235 0.0006351459 -8.56506e-05 -0.0005416667 -9.322642e-05 0.0004089862 0.00019742 -0.0002684195 -0.0002376966 0.0001422997 0.0002305286 -4.346068e-05 -0.0001938177 -2.365713e-05 0.0001437042 6.092806e-05 -9.265601e-05 -7.411825e-05 4.876212e-05 7.06232e-05 -1.597343e-05 -5.769434e-05 -5.051362e-06 4.129854e-05 1.583847e-05 -2.55982e-05 -1.901116e-05 1.293247e-05 1.740814e-05 -4.128203e-06 -1.349476e-05 -1.034203e-06 9.069842e-06 3.343879e-06 -5.213131e-06 -3.766426e-06 2.391894e-06 3.178848e-06 -6.431887e-07 -2.234558e-06 -2.353909e-07 1.333027e-06 5.295136e-07 -6.566606e-07 -5.050541e-07 2.380756e-07 3.576771e-07 -2.93251e-08 -2.029251e-07 -4.377202e-08 9.04852e-08 4.823501e-08 -2.774098e-08 -2.973504e-08 2.18423e-09 1.240319e-08 4.73744e-09 -2.487704e-10</coefficients></responseFIR><responseFIR publicID="NRL/Nanometrics/CENTAUR.1.100.0_001.LP/3" name="NRL/Nanometrics/CENTAUR.1.100.0_001.LP/3"><gain>400000</gain><decimationFactor>1</decimationFactor><delay>0</delay><correction>0</correction><numberOfCoefficients>1</numberOfCoefficients><symmetry>A</symmetry><coefficients>1</coefficients></responseFIR><responseFIR publicID="NRL/Nanometrics/CENTAUR.1.100.0_001.LP/4" name="NRL/Nanometrics/CENTAUR.1.100.0_001.LP/4"><gain>1</gain><decimationFactor>15</decimationFactor><delay>81.99999</delay><correction>81.99999</correction><numberOfCoefficients>165</numberOfCoefficients><symmetry>A</symmetry><coefficients>-4.047908e-10 -1.390291e-10 6.728001e-10 2.757972e-09 7.546507e-09 1.766681e-08 3.769363e-08 7.523132e-08 1.424254e-07 2.57999e-07 4.499037e-07 7.586555e-07 1.241386e-06 1.97658e-06 3.069389e-06 4.657284e-06 6.915693e-06 1.00631e-05 1.436487e-05 2.013499e-05 2.773459e-05 3.756609e-05 5.006174e-05 6.566517e-05 8.480489e-05 0.0001078587 0.0001351084 0.0001666851 0.0002025053 0.0002421999 0.000285038 0.0003298504 0.000374956 0.0004180986 0.0004564003 0.0004863386 0.0005037566 0.0005039131 0.0004815801 0.0004311946 0.000347068 0.0002236552 5.588177e-05 -0.0001604755 -0.0004283654 -0.0007490084 -0.001121432 -0.001542013 -0.002004062 -0.002497462 -0.003008406 -0.00351925 -0.004008517 -0.00445107 -0.004818468 -0.005079526 -0.005201073 -0.005148892 -0.004888844 -0.004388128 -0.003616642 -0.002548397 -0.00116293 0.0005533497 0.002605953 0.004991292 0.007695918 0.01069608 0.01395761 0.01743625 0.02107831 0.02482173 0.02859758 0.03233183 0.0359474 0.03936644 0.04251273 0.04531409 0.04770474 0.04962748 0.05103565 0.05189471 0.05218345 0.05189471 0.05103565 0.04962748 0.04770474 0.04531409 0.04251273 0.03936644 0.0359474 0.03233183 0.02859758 0.02482173 0.02107831 0.01743625 0.01395761 0.01069608 0.007695918 0.004991292 0.002605953 0.0005533497 -0.00116293 -0.002548397 -0.003616642 -0.004388128 -0.004888844 -0.005148892 -0.005201073 -0.005079526 -0.004818468 -0.00445107 -0.004008517 -0.00351925 -0.003008406 -0.002497462 -0.002004062 -0.001542013 -0.001121432 -0.0007490084 -0.0004283654 -0.0001604755 5.588177e-05 0.0002236552 0.000347068 0.0004311946 0.0004815801 0.0005039131 0.0005037566 0.0004863386 0.0004564003 0.0004180986 0.000374956 0.0003298504 0.000285038 0.0002421999 0.0002025053 0.0001666851 0.0001351084 0.0001078587 8.480489e-05 6.566517e-05 5.006174e-05 3.756609e-05 2.773459e-05 2.013499e-05 1.436487e-05 1.00631e-05 6.915693e-06 4.657284e-06 3.069389e-06 1.97658e-06 1.241386e-06 7.586555e-07 4.499037e-07 2.57999e-07 1.424254e-07 7.523132e-08 3.769363e-08 1.766681e-08 7.546507e-09 2.757972e-09 6.728001e-10 -1.390291e-10 -4.047908e-10</coefficients></responseFIR><responseFIR publicID="NRL/Nanometrics/CENTAUR.1.100.0_001.LP/5" name="NRL/Nanometrics/CENTAUR.1.100.0_001.LP/5"><gain>1</gain><decimationFactor>10</decimationFactor><delay>93</delay><correction>93</correction><numberOfCoefficients>187</numberOfCoefficients><symmetry>A</symmetry><coefficients>8.46923e-10 2.27422e-09 4.538951e-09 6.873791e-09 7.10904e-09 7.627841e-10 -1.98301e-08 -6.609942e-08 -1.531138e-07 -2.982495e-07 -5.181519e-07 -8.236356e-07 -1.212476e-06 -1.660555e-06 -2.112474e-06 -2.473531e-06 -2.605619e-06 -2.330134e-06 -1.44098e-06 2.698043e-07 2.972714e-06 6.748858e-06 1.152962e-05 1.703543e-05 2.272479e-05 2.776698e-05 3.105368e-05 3.126302e-05 2.698613e-05 1.691886e-05 1.111765e-07 -2.374559e-05 -5.402672e-05 -8.892268e-05 -0.0001252819 -0.0001586044 -0.0001832359 -0.000192798 -0.0001808636 -0.0001418502 -7.206699e-05 2.919376e-05 0.0001586655 0.0003083858 0.0004654217 0.0006121983 0.0007275471 0.0007885116 0.0007728578 0.000662123 0.000444926 0.0001201614 -0.0003003695 -0.0007903605 -0.001308874 -0.00180202 -0.002206618 -0.00245579 -0.002486192 -0.002246312 -0.001705031 -0.0008594633 0.0002590112 0.001581566 0.003002498 0.004384142 0.005566316 0.006380002 0.006664402 0.006286043 0.005158141 0.003258199 0.0006416821 -0.002550179 -0.006090065 -0.009672703 -0.01293168 -0.01546425 -0.01686256 -0.01674898 -0.01481246 -0.01084255 -0.004757783 0.003374886 0.01333183 0.02473738 0.03708165 0.0497507 0.06206696 0.07333685 0.08290152 0.0901866 0.09474635 0.09629848 0.09474635 0.0901866 0.08290152 0.07333685 0.06206696 0.0497507 0.03708165 0.02473738 0.01333183 0.003374886 -0.004757783 -0.01084255 -0.01481246 -0.01674898 -0.01686256 -0.01546425 -0.01293168 -0.009672703 -0.006090065 -0.002550179 0.0006416821 0.003258199 0.005158141 0.006286043 0.006664402 0.006380002 0.005566316 0.004384142 0.003002498 0.001581566 0.0002590112 -0.0008594633 -0.001705031 -0.002246312 -0.002486192 -0.00245579 -0.002206618 -0.00180202 -0.001308874 -0.0007903605 -0.0003003695 0.0001201614 0.000444926 0.000662123 0.0007728578 0.0007885116 0.0007275471 0.0006121983 0.0004654217 0.0003083858 0.0001586655 2.919376e-05 -7.206699e-05 -0.0001418502 -0.0001808636 -0.000192798 -0.0001832359 -0.0001586044 -0.0001252819 -8.892268e-05 -5.402672e-05 -2.374559e-05 1.111765e-07 1.691886e-05 2.698613e-05 3.126302e-05 3.105368e-05 2.776698e-05 2.272479e-05 1.703543e-05 1.152962e-05 6.748858e-06 2.972714e-06 2.698043e-07 -1.44098e-06 -2.330134e-06 -2.605619e-06 -2.473531e-06 -2.112474e-06 -1.660555e-06 -1.212476e-06 -8.236356e-07 -5.181519e-07 -2.982495e-07 -1.531138e-07 -6.609942e-08 -1.98301e-08 7.627841e-10 7.10904e-09 6.873791e-09 4.538951e-09 2.27422e-09 8.46923e-10</coefficients></responseFIR><responseFIR publicID="NRL/Nanometrics/CENTAUR.1.100.0_001.LP/6" name="NRL/Nanometrics/CENTAUR.1.100.0_001.LP/6"><gain>1</gain><decimationFactor>2</decimationFactor><delay>111</delay><correction>111</correction><numberOfCoefficients>223</numberOfCoefficients><symmetry>A</symmetry><coefficients>-2.487704e-10 4.73744e-09 1.240319e-08 2.18423e-09 -2.973504e-08 -2.774098e-08 4.823501e-08 9.04852e-08 -4.377202e-08 -2.029251e-07 -2.93251e-08 3.576771e-07 2.380756e-07 -5.050541e-07 -6.566606e-07 5.295136e-07 1.333027e-06 -2.353909e-07 -2.234558e-06 -6.431887e-07 3.178848e-06 2.391894e-06 -3.766426e-06 -5.213131e-06 3.343879e-06 9.069842e-06 -1.034203e-06 -1.349476e-05 -4.128203e-06 1.740814e-05 1.293247e-05 -1.901116e-05 -2.55982e-05 1.583847e-05 4.129854e-05 -5.051362e-06 -5.769434e-05 -1.597343e-05 7.06232e-05 4.876212e-05 -7.411825e-05 -9.265601e-05 6.092806e-05 0.0001437042 -2.365713e-05 -0.0001938177 -4.346068e-05 0.0002305286 0.0001422997 -0.0002376966 -0.0002684195 0.00019742 0.0004089862 -9.322642e-05 -0.0005416667 -8.56506e-05 0.0006351459 0.0003394235 -0.0006517938 -0.0006531623 0.000552734 0.0009935334 -0.000305133 -0.00130802 -0.0001089867 0.001527642 0.0006836461 -0.001573808 -0.00138119 0.001369316 0.002127841 -0.0008527391 -0.002814326 -5.435981e-06 0.003302926 0.001187235 -0.003441493 -0.002615018 0.003083861 0.004145541 -0.002114933 -0.005572669 0.0004775432 0.006640171 0.001802538 -0.00706464 -0.004597381 0.00656694 0.007666904 -0.00490895 -0.01066029 0.001931064 0.01312888 0.002414871 -0.01454758 -0.008042475 0.01433728 0.01472206 -0.01187359 -0.02208895 0.00645106 0.0296694 0.002871719 -0.03692219 -0.01777635 0.04329151 0.04248361 -0.04826485 -0.09280869 0.05142858 0.3137774 0.4474858 0.3137774 0.05142858 -0.09280869 -0.04826485 0.04248361 0.04329151 -0.01777635 -0.03692219 0.002871719 0.0296694 0.00645106 -0.02208895 -0.01187359 0.01472206 0.01433728 -0.008042475 -0.01454758 0.002414871 0.01312888 0.001931064 -0.01066029 -0.00490895 0.007666904 0.00656694 -0.004597381 -0.00706464 0.001802538 0.006640171 0.0004775432 -0.005572669 -0.002114933 0.004145541 0.003083861 -0.002615018 -0.003441493 0.001187235 0.003302926 -5.435981e-06 -0.002814326 -0.0008527391 0.002127841 0.001369316 -0.00138119 -0.001573808 0.0006836461 0.001527642 -0.0001089867 -0.00130802 -0.000305133 0.0009935334 0.000552734 -0.0006531623 -0.0006517938 0.0003394235 0.0006351459 -8.56506e-05 -0.0005416667 -9.322642e-05 0.0004089862 0.00019742 -0.0002684195 -0.0002376966 0.0001422997 0.0002305286 -4.346068e-05 -0.0001938177 -2.365713e-05 0.0001437042 6.092806e-05 -9.265601e-05 -7.411825e-05 4.876212e-05 7.06232e-05 -1.597343e-05 -5.769434e-05 -5.051362e-06 4.129854e-05 1.583847e-05 -2.55982e-05 -1.901116e-05 1.293247e-05 1.740814e-05 -4.128203e-06 -1.349476e-05 -1.034203e-06 9.069842e-06 3.343879e-06 -5.213131e-06 -3.766426e-06 2.391894e-06 3.178848e-06 -6.431887e-07 -2.234558e-06 -2.353909e-07 1.333027e-06 5.295136e-07 -6.566606e-07 -5.050541e-07 2.380756e-07 3.576771e-07 -2.93251e-08 -2.029251e-07 -4.377202e-08 9.04852e-08 4.823501e-08 -2.774098e-08 -2.973504e-08 2.18423e-09 1.240319e-08 4.73744e-09 -2.487704e-10</coefficients></responseFIR><network publicID="Network#20150806153749.459864.2" code="IA"><start>1980-01-01T00:00:00.0000Z</start><description>BMG-Net, Indonesia (IA-Net)</description><institutions>BMG</institutions><region>Indonesia</region><type>BB</type><netClass>p</netClass><archive>GFZ</archive><restricted>true</restricted><shared>false</shared><station publicID="Station#20191107053025.687449.35425" code="TMSM" archiveNetworkCode="IA"><start>2019-01-01T00:00:00.0000Z</start><description>Type MR, Teramang Jaya,Mukomuko,Bengkulu</description><latitude>-2.69954</latitude><longitude>101.44633</longitude><elevation>118</elevation><place>Teramang Jaya</place><country>Indonesia</country><affiliation>BMKG</affiliation><type>BB, SM</type><archive>BMKG</archive><restricted>true</restricted><shared>false</shared><sensorLocation publicID="SensorLocation#20191107053025.913713.35027" code="00"><start>2019-01-01T00:00:00.0000Z</start><latitude>-2.69954</latitude><longitude>101.44633</longitude><elevation>118</elevation><stream publicID="Stream/20191107090736.251633.13513" code="BHN" datalogger="NRL/Nanometrics/CENTAUR.1.20.0_001.LP" sensor="NRL/Nanometrics/TrilliumCompact20.20.753"><start>2019-01-01T00:00:00.0000Z</start><sampleRateNumerator>20</sampleRateNumerator><sampleRateDenominator>1</sampleRateDenominator><depth>0</depth><azimuth>0</azimuth><dip>0</dip><gain>301239849.4</gain><gainFrequency>1</gainFrequency><gainUnit>M/S</gainUnit><format>Steim1</format><flags>GC</flags><restricted>true</restricted><shared>false</shared></stream><stream publicID="Stream/20191107090736.251643.13514" code="BHE" datalogger="NRL/Nanometrics/CENTAUR.1.20.0_001.LP" sensor="NRL/Nanometrics/TrilliumCompact20.20.753"><start>2019-01-01T00:00:00.0000Z</start><sampleRateNumerator>20</sampleRateNumerator><sampleRateDenominator>1</sampleRateDenominator><depth>0</depth><azimuth>90</azimuth><dip>0</dip><gain>301239849.4</gain><gainFrequency>1</gainFrequency><gainUnit>M/S</gainUnit><format>Steim1</format><flags>GC</flags><restricted>true</restricted><shared>false</shared></stream><stream publicID="Stream/20191107090736.251655.13515" code="BHZ" datalogger="NRL/Nanometrics/CENTAUR.1.20.0_001.LP" sensor="NRL/Nanometrics/TrilliumCompact20.20.753"><start>2019-01-01T00:00:00.0000Z</start><sampleRateNumerator>20</sampleRateNumerator><sampleRateDenominator>1</sampleRateDenominator><depth>0</depth><azimuth>0</azimuth><dip>-90</dip><gain>301239849.4</gain><gainFrequency>1</gainFrequency><gainUnit>M/S</gainUnit><format>Steim1</format><flags>GC</flags><restricted>true</restricted><shared>false</shared></stream><stream publicID="Stream/20191107090736.251664.13516" code="SHZ" datalogger="NRL/Nanometrics/CENTAUR.1.40.0_001.LP" sensor="NRL/Nanometrics/TrilliumCompact20.20.753"><start>2019-01-01T00:00:00.0000Z</start><sampleRateNumerator>40</sampleRateNumerator><sampleRateDenominator>1</sampleRateDenominator><depth>0</depth><azimuth>0</azimuth><dip>-90</dip><gain>301239849.4</gain><gainFrequency>1</gainFrequency><gainUnit>M/S</gainUnit><format>Steim1</format><flags>GC</flags><restricted>true</restricted><shared>false</shared></stream><stream publicID="Stream/20191107090736.251674.13517" code="SHN" datalogger="NRL/Nanometrics/CENTAUR.1.40.0_001.LP" sensor="NRL/Nanometrics/TrilliumCompact20.20.753"><start>2019-01-01T00:00:00.0000Z</start><sampleRateNumerator>40</sampleRateNumerator><sampleRateDenominator>1</sampleRateDenominator><depth>0</depth><azimuth>0</azimuth><dip>0</dip><gain>301239849.4</gain><gainFrequency>1</gainFrequency><gainUnit>M/S</gainUnit><format>Steim1</format><flags>GC</flags><restricted>true</restricted><shared>false</shared></stream><stream publicID="Stream/20191107090736.251683.13518" code="SHE" datalogger="NRL/Nanometrics/CENTAUR.1.40.0_001.LP" sensor="NRL/Nanometrics/TrilliumCompact20.20.753"><start>2019-01-01T00:00:00.0000Z</start><sampleRateNumerator>40</sampleRateNumerator><sampleRateDenominator>1</sampleRateDenominator><depth>0</depth><azimuth>90</azimuth><dip>0</dip><gain>301239849.4</gain><gainFrequency>1</gainFrequency><gainUnit>M/S</gainUnit><format>Steim1</format><flags>GC</flags><restricted>true</restricted><shared>false</shared></stream><stream publicID="Stream/20191117080002.132759.13510" code="HNZ" datalogger="NRL/Nanometrics/CENTAUR.1.100.0_001.LP" sensor="NRL/Nanometrics/Titan.DC_430.20V.4G"><start>2019-01-01T00:00:00.0000Z</start><sampleRateNumerator>100</sampleRateNumerator><sampleRateDenominator>1</sampleRateDenominator><depth>0</depth><azimuth>0</azimuth><dip>-90</dip><gain>203999.898</gain><gainFrequency>1</gainFrequency><gainUnit>M/S**2</gainUnit><format>Steim1</format><flags>GC</flags><restricted>true</restricted><shared>false</shared></stream><stream publicID="Stream/20191117080002.132778.13511" code="HNN" datalogger="NRL/Nanometrics/CENTAUR.1.100.0_001.LP" sensor="NRL/Nanometrics/Titan.DC_430.20V.4G"><start>2019-01-01T00:00:00.0000Z</start><sampleRateNumerator>100</sampleRateNumerator><sampleRateDenominator>1</sampleRateDenominator><depth>0</depth><azimuth>0</azimuth><dip>0</dip><gain>203999.898</gain><gainFrequency>1</gainFrequency><gainUnit>M/S**2</gainUnit><format>Steim1</format><flags>GC</flags><restricted>true</restricted><shared>false</shared></stream><stream publicID="Stream/20191117080002.132789.13512" code="HNE" datalogger="NRL/Nanometrics/CENTAUR.1.100.0_001.LP" sensor="NRL/Nanometrics/Titan.DC_430.20V.4G"><start>2019-01-01T00:00:00.0000Z</start><sampleRateNumerator>100</sampleRateNumerator><sampleRateDenominator>1</sampleRateDenominator><depth>0</depth><azimuth>90</azimuth><dip>0</dip><gain>203999.898</gain><gainFrequency>1</gainFrequency><gainUnit>M/S**2</gainUnit><format>Steim1</format><flags>GC</flags><restricted>true</restricted><shared>false</shared></stream></sensorLocation></station></network></Inventory></seiscomp>
