<?xml version="1.0" encoding="UTF-8"?>
<seiscomp xmlns="http://geofon.gfz-potsdam.de/ns/seiscomp3-schema/0.13" version="0.13"><Inventory><sensor publicID="Sensor#20150806153749.484979.33" name="GFZ:IA1980:CMG-3T/100/g=1500" response="ResponsePAZ#20150806153749.485109.34"><description>GFZ:IA1980:CMG-3T/100/g=1500</description><model>CMG-3T/100</model><manufacturer>Guralp</manufacturer><type>VBB</type><unit>M/S</unit></sensor><sensor publicID="NRL/Nanometrics/Trillium120PH_g3.120.1202" name="Nanometrics/Trillium120PH_g3.120.1202" response="NRL/Nanometrics/Trillium120PH_g3.120.1202/1"><model>Trillium 120Q</model><manufacturer>Nanometrics</manufacturer><unit>M/S</unit></sensor><sensor publicID="Sensor/20180920143723.573746.42" name="GFZ:IA1980:TSM-1/g=6" response="ResponsePAZ/20180920143723.5738.43"><description>GFZ:IA1980:TSM-1/g=6</description><unit>M/S</unit></sensor><sensor publicID="Sensor/20181102134034.587314.41" name="GFZ:IA1980:G210S/g=0" response="ResponsePAZ/20181102134034.587367.42"><description>GFZ:IA1980:G210S/g=0</description><model>G210S</model><manufacturer>Meisei</manufacturer><type>SM</type><unit>M/S**2</unit></sensor><datalogger publicID="Datalogger#20150806153749.485547.35" name="GFZ:IA1980:LS-7000/g=409165"><description>GFZ:IA1980:LS-7000/g=409165</description><digitizerModel>LS-7000</digitizerModel><digitizerManufacturer>Hakusan</digitizerManufacturer><recorderModel>LS-7000</recorderModel><recorderManufacturer>Hakusan</recorderManufacturer><gain>409165</gain><maxClockDrift>0</maxClockDrift><decimation sampleRateNumerator="20" sampleRateDenominator="1"/><decimation sampleRateNumerator="100" sampleRateDenominator="1"/></datalogger><datalogger publicID="Datalogger/20180920143723.57318.37" name="GFZ:IA1980:G1019/g=419430"><description>GFZ:IA1980:G1019/g=419430</description><gain>419430.4</gain><maxClockDrift>0</maxClockDrift><decimation sampleRateNumerator="20" sampleRateDenominator="1"/><decimation sampleRateNumerator="100" sampleRateDenominator="1"/></datalogger><datalogger publicID="Datalogger/20181102134034.587542.43" name="GFZ:IA1980:G210P/g=1442251"><description>GFZ:IA1980:G210P/g=1442251</description><gain>1442251.9</gain><maxClockDrift>0</maxClockDrift><decimation sampleRateNumerator="20" sampleRateDenominator="1"/><decimation sampleRateNumerator="100" sampleRateDenominator="1"/></datalogger><responsePAZ publicID="ResponsePAZ#20150806153749.485109.34" name="GFZ:IA1980:CMG-3T/100/g=1500"><type>A</type><gain>1500</gain><gainFrequency>0.04</gainFrequency><normalizationFactor>1</normalizationFactor><normalizationFrequency>1</normalizationFrequency><numberOfZeros>2</numberOfZeros><numberOfPoles>2</numberOfPoles><zeros>(0,0) (0,0)</zeros><poles>(-0.04442,0.04442) (-0.04442,-0.04442)</poles></responsePAZ><responsePAZ publicID="NRL/Nanometrics/Trillium120PH_g3.120.1202/1" name="NRL/Nanometrics/Trillium120PH_g3.120.1202/1"><type>A</type><gain>1202.5</gain><gainFrequency>1</gainFrequency><normalizationFactor>8.31871e+17</normalizationFactor><normalizationFrequency>1</normalizationFrequency><numberOfZeros>6</numberOfZeros><numberOfPoles>11</numberOfPoles><zeros>(0,0) (0,0) (-31.63,0) (-160,0) (-350,0) (-3177,0)</zeros><poles>(-0.036614,0.037059) (-0.036614,-0.037059) (-32.55,0) (-142,0) (-364,404) (-364,-404) (-1260,0) (-4900,5204) (-4900,-5204) (-7100,1700) (-7100,-1700)</poles></responsePAZ><responsePAZ publicID="ResponsePAZ/20180920143723.5738.43" name="GFZ:IA1980:TSM-1/g=6"><type>A</type><gain>6</gain><gainFrequency>1</gainFrequency><normalizationFactor>95245430590000000</normalizationFactor><normalizationFrequency>1</normalizationFrequency><numberOfZeros>3</numberOfZeros><numberOfPoles>8</numberOfPoles><zeros>(0,0) (0,0) (-113.349,0)</zeros><poles>(-0.0444288,0.0444288) (-0.0444288,-0.0444288) (-400.117,400.117) (-400.117,-400.117) (-106.814,0) (-2544.69,1232.45) (-2544.69,-1232.45) (-39478.4,0)</poles></responsePAZ><responsePAZ publicID="ResponsePAZ/20181102134034.587367.42" name="GFZ:IA1980:G210S/g=0"><type>A</type><gain>0.193877551</gain><gainFrequency>1</gainFrequency><normalizationFactor>8868340000000000</normalizationFactor><normalizationFrequency>1</normalizationFrequency><numberOfZeros>3</numberOfZeros><numberOfPoles>7</numberOfPoles><zeros>(-628.319,0) (-12566.4,0) (-62831.9,0)</zeros><poles>(-914.825,0) (-6904.65,0) (-3900.17,0) (-67481.5,0) (-7098.57,0) (-98870.4,0) (-3770.74,0)</poles><remark>A</remark></responsePAZ><network publicID="Network#20150806153749.459864.2" code="IA"><start>1980-01-01T00:00:00.0000Z</start><description>BMG-Net, Indonesia (IA-Net)</description><institutions>BMG</institutions><region>Indonesia</region><type>BB</type><netClass>p</netClass><archive>GFZ</archive><restricted>true</restricted><shared>false</shared><station publicID="Station#20150806153749.789761.291" code="TPI" archiveNetworkCode="IA"><start>2006-12-22T00:00:00.0000Z</start><description>Station Tanjung Pandang, Belitung, Indonesia</description><latitude>-2.75633</latitude><longitude>107.65345</longitude><elevation>25</elevation><place>Tanjung Pandang, Belitung</place><country>Indonesia</country><archive>GFZ</archive><restricted>true</restricted><shared>true</shared><sensorLocation publicID="SensorLocation#20150806153749.789794.292" code=""><start>2006-12-22T00:00:00.0000Z</start><end>2018-08-06T00:00:00.0000Z</end><latitude>-2.75633</latitude><longitude>107.65345</longitude><elevation>25</elevation><stream publicID="Stream/20191013080002.216797.7195" code="BHE" datalogger="Datalogger#20150806153749.485547.35" sensor="Sensor#20150806153749.484979.33"><start>2006-12-22T00:00:00.0000Z</start><end>2018-08-06T00:00:00.0000Z</end><dataloggerSerialNumber>xxxx</dataloggerSerialNumber><dataloggerChannel>2</dataloggerChannel><sensorSerialNumber>yyyy</sensorSerialNumber><sensorChannel>2</sensorChannel><sampleRateNumerator>20</sampleRateNumerator><sampleRateDenominator>1</sampleRateDenominator><depth>0</depth><azimuth>90</azimuth><dip>0</dip><gain>613747500</gain><gainFrequency>0.04</gainFrequency><gainUnit>M/S</gainUnit><format>Steim2</format><flags>GC</flags><restricted>true</restricted><shared>true</shared></stream><stream publicID="Stream/20191013080002.216815.7196" code="BHN" datalogger="Datalogger#20150806153749.485547.35" sensor="Sensor#20150806153749.484979.33"><start>2006-12-22T00:00:00.0000Z</start><end>2018-08-06T00:00:00.0000Z</end><dataloggerSerialNumber>xxxx</dataloggerSerialNumber><dataloggerChannel>1</dataloggerChannel><sensorSerialNumber>yyyy</sensorSerialNumber><sensorChannel>1</sensorChannel><sampleRateNumerator>20</sampleRateNumerator><sampleRateDenominator>1</sampleRateDenominator><depth>0</depth><azimuth>0</azimuth><dip>0</dip><gain>613747500</gain><gainFrequency>0.04</gainFrequency><gainUnit>M/S</gainUnit><format>Steim2</format><flags>GC</flags><restricted>true</restricted><shared>true</shared></stream><stream publicID="Stream/20191013080002.216826.7197" code="BHZ" datalogger="Datalogger#20150806153749.485547.35" sensor="Sensor#20150806153749.484979.33"><start>2006-12-22T00:00:00.0000Z</start><end>2018-08-06T00:00:00.0000Z</end><dataloggerSerialNumber>xxxx</dataloggerSerialNumber><dataloggerChannel>0</dataloggerChannel><sensorSerialNumber>yyyy</sensorSerialNumber><sensorChannel>0</sensorChannel><sampleRateNumerator>20</sampleRateNumerator><sampleRateDenominator>1</sampleRateDenominator><depth>0</depth><azimuth>0</azimuth><dip>-90</dip><gain>613747500</gain><gainFrequency>0.04</gainFrequency><gainUnit>M/S</gainUnit><format>Steim2</format><flags>GC</flags><restricted>true</restricted><shared>true</shared></stream><stream publicID="Stream/20191013080002.216837.7198" code="HHE" datalogger="Datalogger#20150806153749.485547.35" sensor="Sensor#20150806153749.484979.33"><start>2006-12-22T00:00:00.0000Z</start><end>2018-08-06T00:00:00.0000Z</end><dataloggerSerialNumber>xxxx</dataloggerSerialNumber><dataloggerChannel>2</dataloggerChannel><sensorSerialNumber>yyyy</sensorSerialNumber><sensorChannel>2</sensorChannel><sampleRateNumerator>100</sampleRateNumerator><sampleRateDenominator>1</sampleRateDenominator><depth>0</depth><azimuth>90</azimuth><dip>0</dip><gain>613747500</gain><gainFrequency>0.04</gainFrequency><gainUnit>M/S</gainUnit><format>Steim2</format><flags>GC</flags><restricted>true</restricted><shared>true</shared></stream><stream publicID="Stream/20191013080002.216848.7199" code="HHN" datalogger="Datalogger#20150806153749.485547.35" sensor="Sensor#20150806153749.484979.33"><start>2006-12-22T00:00:00.0000Z</start><end>2018-08-06T00:00:00.0000Z</end><dataloggerSerialNumber>xxxx</dataloggerSerialNumber><dataloggerChannel>1</dataloggerChannel><sensorSerialNumber>yyyy</sensorSerialNumber><sensorChannel>1</sensorChannel><sampleRateNumerator>100</sampleRateNumerator><sampleRateDenominator>1</sampleRateDenominator><depth>0</depth><azimuth>0</azimuth><dip>0</dip><gain>613747500</gain><gainFrequency>0.04</gainFrequency><gainUnit>M/S</gainUnit><format>Steim2</format><flags>GC</flags><restricted>true</restricted><shared>true</shared></stream><stream publicID="Stream/20191013080002.216858.7200" code="HHZ" datalogger="Datalogger#20150806153749.485547.35" sensor="Sensor#20150806153749.484979.33"><start>2006-12-22T00:00:00.0000Z</start><end>2018-08-06T00:00:00.0000Z</end><dataloggerSerialNumber>xxxx</dataloggerSerialNumber><dataloggerChannel>0</dataloggerChannel><sensorSerialNumber>yyyy</sensorSerialNumber><sensorChannel>0</sensorChannel><sampleRateNumerator>100</sampleRateNumerator><sampleRateDenominator>1</sampleRateDenominator><depth>0</depth><azimuth>0</azimuth><dip>-90</dip><gain>613747500</gain><gainFrequency>0.04</gainFrequency><gainUnit>M/S</gainUnit><format>Steim2</format><flags>GC</flags><restricted>true</restricted><shared>true</shared></stream></sensorLocation><sensorLocation publicID="SensorLocation/20180920143723.574995.54" code="00"><start>2018-08-06T00:00:00.0000Z</start><latitude>-2.75633</latitude><longitude>107.65345</longitude><elevation>25</elevation><stream publicID="Stream/20191013080002.216872.7202" code="HHZ" datalogger="Datalogger/20180920143723.57318.37" sensor="NRL/Nanometrics/Trillium120PH_g3.120.1202"><start>2018-08-06T00:00:00.0000Z</start><dataloggerSerialNumber>xxxx</dataloggerSerialNumber><dataloggerChannel>0</dataloggerChannel><sensorSerialNumber>yyyy</sensorSerialNumber><sensorChannel>0</sensorChannel><sampleRateNumerator>100</sampleRateNumerator><sampleRateDenominator>1</sampleRateDenominator><depth>0</depth><azimuth>0</azimuth><dip>-90</dip><gain>504365056</gain><gainFrequency>1</gainFrequency><gainUnit>M/S</gainUnit><format>Steim2</format><flags>GC</flags><restricted>true</restricted><shared>true</shared></stream><stream publicID="Stream/20191013080002.216883.7203" code="HHN" datalogger="Datalogger/20180920143723.57318.37" sensor="NRL/Nanometrics/Trillium120PH_g3.120.1202"><start>2018-08-06T00:00:00.0000Z</start><dataloggerSerialNumber>xxxx</dataloggerSerialNumber><dataloggerChannel>1</dataloggerChannel><sensorSerialNumber>yyyy</sensorSerialNumber><sensorChannel>1</sensorChannel><sampleRateNumerator>100</sampleRateNumerator><sampleRateDenominator>1</sampleRateDenominator><depth>0</depth><azimuth>0</azimuth><dip>0</dip><gain>504365056</gain><gainFrequency>1</gainFrequency><gainUnit>M/S</gainUnit><format>Steim2</format><flags>GC</flags><restricted>true</restricted><shared>true</shared></stream><stream publicID="Stream/20191013080002.216892.7204" code="HHE" datalogger="Datalogger/20180920143723.57318.37" sensor="NRL/Nanometrics/Trillium120PH_g3.120.1202"><start>2018-08-06T00:00:00.0000Z</start><dataloggerSerialNumber>xxxx</dataloggerSerialNumber><dataloggerChannel>2</dataloggerChannel><sensorSerialNumber>yyyy</sensorSerialNumber><sensorChannel>2</sensorChannel><sampleRateNumerator>100</sampleRateNumerator><sampleRateDenominator>1</sampleRateDenominator><depth>0</depth><azimuth>90</azimuth><dip>0</dip><gain>504365056</gain><gainFrequency>1</gainFrequency><gainUnit>M/S</gainUnit><format>Steim2</format><flags>GC</flags><restricted>true</restricted><shared>true</shared></stream><stream publicID="Stream#20190227032514.593545.61895" code="HNZ" datalogger="Datalogger/20181102134034.587542.43" sensor="Sensor/20181102134034.587314.41"><start>2018-08-06T00:00:00.0000Z</start><sampleRateNumerator>100</sampleRateNumerator><sampleRateDenominator>1</sampleRateDenominator><depth>0</depth><azimuth>0</azimuth><dip>-90</dip><gain>279620.2663</gain><gainFrequency>1</gainFrequency><gainUnit>M/S**2</gainUnit><format>Steim2</format><flags>GC</flags><restricted>true</restricted><shared>true</shared></stream><stream publicID="Stream#20190227032514.592093.32166" code="HNN" datalogger="Datalogger/20181102134034.587542.43" sensor="Sensor/20181102134034.587314.41"><start>2018-08-06T00:00:00.0000Z</start><sampleRateNumerator>100</sampleRateNumerator><sampleRateDenominator>1</sampleRateDenominator><depth>0</depth><azimuth>0</azimuth><dip>0</dip><gain>279620.2663</gain><gainFrequency>1</gainFrequency><gainUnit>M/S**2</gainUnit><format>Steim2</format><flags>GC</flags><restricted>true</restricted><shared>true</shared></stream><stream publicID="Stream#20190227032514.59395.19899" code="HNE" datalogger="Datalogger/20181102134034.587542.43" sensor="Sensor/20181102134034.587314.41"><start>2018-08-06T00:00:00.0000Z</start><sampleRateNumerator>100</sampleRateNumerator><sampleRateDenominator>1</sampleRateDenominator><depth>0</depth><azimuth>90</azimuth><dip>0</dip><gain>279620.2663</gain><gainFrequency>1</gainFrequency><gainUnit>M/S**2</gainUnit><format>Steim2</format><flags>GC</flags><restricted>true</restricted><shared>true</shared></stream></sensorLocation><sensorLocation publicID="SensorLocation/20180920143723.575339.58" code="01"><start>2018-08-06T00:00:00.0000Z</start><latitude>-2.75633</latitude><longitude>107.65345</longitude><elevation>25</elevation><stream publicID="Stream/20191013080002.216906.7206" code="HHZ" datalogger="Datalogger/20180920143723.57318.37" sensor="Sensor/20180920143723.573746.42"><start>2018-08-06T00:00:00.0000Z</start><dataloggerSerialNumber>xxxx</dataloggerSerialNumber><dataloggerChannel>0</dataloggerChannel><sensorSerialNumber>yyyy</sensorSerialNumber><sensorChannel>0</sensorChannel><sampleRateNumerator>100</sampleRateNumerator><sampleRateDenominator>1</sampleRateDenominator><depth>0</depth><azimuth>0</azimuth><dip>-90</dip><gain>2516582.4</gain><gainFrequency>1</gainFrequency><gainUnit>M/S</gainUnit><format>Steim2</format><flags>GC</flags><restricted>true</restricted><shared>true</shared></stream><stream publicID="Stream/20191013080002.216916.7207" code="HHN" datalogger="Datalogger/20180920143723.57318.37" sensor="Sensor/20180920143723.573746.42"><start>2018-08-06T00:00:00.0000Z</start><dataloggerSerialNumber>xxxx</dataloggerSerialNumber><dataloggerChannel>1</dataloggerChannel><sensorSerialNumber>yyyy</sensorSerialNumber><sensorChannel>1</sensorChannel><sampleRateNumerator>100</sampleRateNumerator><sampleRateDenominator>1</sampleRateDenominator><depth>0</depth><azimuth>0</azimuth><dip>0</dip><gain>2516582.4</gain><gainFrequency>1</gainFrequency><gainUnit>M/S</gainUnit><format>Steim2</format><flags>GC</flags><restricted>true</restricted><shared>true</shared></stream><stream publicID="Stream/20191013080002.21693.7208" code="HHE" datalogger="Datalogger/20180920143723.57318.37" sensor="Sensor/20180920143723.573746.42"><start>2018-08-06T00:00:00.0000Z</start><dataloggerSerialNumber>xxxx</dataloggerSerialNumber><dataloggerChannel>2</dataloggerChannel><sensorSerialNumber>yyyy</sensorSerialNumber><sensorChannel>2</sensorChannel><sampleRateNumerator>100</sampleRateNumerator><sampleRateDenominator>1</sampleRateDenominator><depth>0</depth><azimuth>90</azimuth><dip>0</dip><gain>2516582.4</gain><gainFrequency>1</gainFrequency><gainUnit>M/S</gainUnit><format>Steim2</format><flags>GC</flags><restricted>true</restricted><shared>true</shared></stream></sensorLocation></station></network></Inventory></seiscomp>
